participant,trial,decision,leftStimulus,rightStimulus,rt,accuracy
1,1,-1,4,14,13.829999999999998,1
1,2,1,2,7,11.315999999999995,1
1,3,-1,11,5,8.843000000000002,-1
1,4,-1,13,9,7.07,-1
1,5,1,12,10,5.658000000000001,-1
1,6,-1,1,6,7.640999999999998,-1
1,7,1,2,5,2.0929999999999964,1
1,8,1,1,10,1.2710000000000008,1
1,9,-1,8,1,2.492999999999995,-1
1,10,-1,10,8,1.8130000000000024,-1
1,11,-1,4,7,4.186,1
1,12,1,4,5,3.103999999999999,1
1,13,1,16,15,2.353,1
1,14,1,4,10,5.268000000000001,1
1,15,1,15,12,1.511999999999999,-1
1,16,-1,14,15,2.1130000000000013,1
1,17,1,13,11,5.658999999999999,-1
1,18,-1,5,9,1.661999999999999,1
1,19,-1,16,6,3.1739999999999995,-1
1,20,1,14,12,2.413999999999998,1
1,21,-1,8,12,1.1310000000000038,1
1,22,-1,1,2,5.639000000000003,-1
1,23,1,11,15,2.0730000000000004,1
1,24,-1,15,7,0.8310000000000031,-1
1,25,1,2,13,1.4620000000000033,1
1,26,-1,10,11,0.8109999999999999,-1
1,27,-1,13,6,3.4350000000000023,-1
1,28,-1,8,13,0.7010000000000005,1
1,29,-1,13,16,1.9129999999999967,1
1,30,-1,11,12,0.9410000000000024,1
1,31,-1,6,9,6.478999999999999,1
1,32,-1,16,4,3.735,-1
1,33,1,13,14,3.975,1
1,34,-1,5,13,3.395,1
1,35,1,3,9,6.518999999999998,1
1,36,-1,5,8,1.171999999999997,1
1,37,1,12,6,3.2349999999999994,-1
1,38,1,10,15,2.442999999999998,1
1,39,1,1,11,1.172000000000004,1
1,40,-1,16,3,1.131999999999998,-1
1,41,1,10,5,2.9950000000000045,-1
1,42,-1,16,12,1.350999999999999,1
1,43,-1,15,13,4.377000000000002,-1
1,44,-1,7,14,2.905000000000001,1
1,45,-1,7,8,0.6910000000000025,1
1,46,1,6,2,1.6929999999999978,-1
1,47,1,10,9,3.674999999999997,-1
1,48,1,6,8,0.7710000000000008,1
1,49,1,8,16,2.554000000000002,1
1,50,1,16,5,1.7120000000000002,-1
1,51,-1,11,9,1.332,-1
1,52,1,5,14,1.4419999999999993,1
1,53,-1,10,3,1.0920000000000003,-1
1,54,1,4,2,3.635,-1
1,55,1,13,7,1.7129999999999992,-1
1,56,-1,3,13,1.622,1
1,57,1,3,11,2.994,1
1,58,-1,6,7,2.0130000000000017,1
1,59,1,5,7,0.6009999999999991,-1
1,60,-1,8,9,2.654,-1
1,61,-1,1,5,4.416,1
1,62,-1,11,2,3.494999999999997,-1
1,63,-1,8,3,1.491999999999997,-1
1,64,-1,4,1,4.0560000000000045,1
1,65,-1,6,4,2.7140000000000057,1
1,66,-1,12,3,1.3119999999999976,-1
1,67,-1,5,12,4.096000000000004,1
1,68,1,2,14,1.0110000000000028,1
1,69,-1,14,3,2.132999999999996,-1
1,70,1,16,10,0.7310000000000016,-1
1,71,-1,11,8,1.1920000000000002,1
1,72,1,14,16,3.1740000000000004,-1
1,73,-1,6,3,5.098000000000001,1
1,74,1,10,6,1.7829999999999997,-1
1,75,1,1,3,1.8520000000000003,-1
1,76,1,14,9,1.6720000000000024,-1
1,77,1,12,7,2.1430000000000007,-1
1,78,-1,8,14,1.7119999999999995,1
1,79,1,4,8,5.709,1
1,80,-1,15,8,0.8109999999999999,-1
1,81,1,2,8,1.5719999999999992,1
1,82,1,16,7,1.8729999999999976,-1
1,83,1,11,7,1.933,-1
1,84,-1,15,5,0.7010000000000005,-1
1,85,-1,15,9,1.7220000000000013,-1
1,86,-1,11,14,2.834000000000003,1
1,87,-1,9,7,1.972999999999999,-1
1,88,1,9,16,1.372,1
1,89,-1,15,2,1.4720000000000013,-1
1,90,1,3,7,1.5420000000000016,1
1,91,-1,10,14,1.0309999999999988,1
1,92,-1,2,16,2.9510000000000005,1
1,93,1,4,12,0.6299999999999955,1
1,94,-1,15,6,1.132000000000005,-1
1,95,-1,3,4,4.0760000000000005,-1
1,96,1,1,9,2.894,1
1,97,1,3,5,0.8110000000000008,1
1,98,1,2,12,2.5330000000000004,1
1,99,1,4,11,1.532,1
1,100,-1,13,10,2.4130000000000003,-1
1,101,-1,7,1,3.4049999999999976,-1
1,102,1,4,9,6.279,1
1,103,-1,14,6,0.7910000000000004,-1
1,104,1,2,3,2.1140000000000008,1
1,105,-1,15,4,2.0429999999999997,-1
1,106,-1,10,7,0.8710000000000022,-1
1,107,1,1,15,1.5120000000000005,1
1,108,1,1,13,1.772999999999996,1
1,109,-1,4,13,7.371000000000002,1
1,110,-1,12,13,0.9110000000000014,-1
1,111,-1,3,15,2.3130000000000024,1
1,112,-1,12,1,1.2719999999999985,-1
1,113,1,2,10,2.764000000000003,1
1,114,-1,12,9,1.411999999999999,-1
1,115,-1,11,6,1.6920000000000002,-1
1,116,-1,16,1,0.711,-1
1,117,-1,14,1,1.932,-1
1,118,-1,9,2,2.153,-1
1,119,-1,16,11,3.115,-1
2,1,1,4,14,14.490000000000002,1
2,2,-1,7,2,3.2349999999999994,-1
2,3,-1,5,11,1.7519999999999998,1
2,4,1,13,9,3.736,-1
2,5,-1,10,12,9.813999999999998,1
2,6,1,6,1,22.062,1
2,7,1,2,5,5.328000000000003,1
2,8,-1,10,1,2.0529999999999973,-1
2,9,1,1,8,24.605000000000004,1
2,10,1,8,10,1.171999999999997,1
2,11,1,4,7,11.526999999999996,1
2,12,1,4,5,1.2720000000000056,1
2,13,-1,15,16,6.359000000000002,-1
2,14,1,4,10,2.3340000000000005,1
2,15,1,15,12,20.53,-1
2,16,-1,14,15,31.085,1
2,17,-1,13,11,44.274,-1
2,18,1,5,9,1.1920000000000002,1
2,19,-1,16,6,26.668000000000006,-1
2,20,-1,14,12,23.695,1
2,21,1,12,8,20.189,-1
2,22,-1,1,2,94.306,-1
2,23,1,15,11,8.421999999999997,-1
2,24,1,7,15,6.509,1
2,25,1,2,13,8.302,1
2,26,1,11,10,3.054000000000002,1
2,27,1,6,13,2.7940000000000005,1
2,28,-1,13,8,3.305,-1
2,29,1,13,16,1.593,1
2,30,1,11,12,2.753999999999998,1
2,31,-1,9,6,9.092999999999996,-1
2,32,-1,16,4,1.0320000000000036,-1
2,33,-1,14,13,0.9309999999999974,-1
2,34,1,13,5,12.067,-1
2,35,1,9,3,2.373,-1
2,36,-1,5,8,2.0730000000000004,1
2,37,-1,6,12,2.994999999999999,1
2,38,1,10,15,1.0519999999999996,1
2,39,1,1,11,4.546999999999999,1
2,40,-1,16,3,7.721,-1
2,41,-1,10,5,2.2330000000000005,-1
2,42,-1,16,12,7.100000000000001,1
2,43,1,13,15,2.1129999999999995,1
2,44,1,7,14,1.0020000000000024,1
2,45,1,7,8,3.815000000000005,1
2,46,-1,6,2,4.216000000000001,-1
2,47,-1,10,9,3.916000000000004,-1
2,48,1,8,6,1.7929999999999993,-1
2,49,-1,16,8,0.7909999999999995,-1
2,50,-1,5,16,1.7730000000000006,1
2,51,1,11,9,4.316000000000001,-1
2,52,1,5,14,2.373000000000001,1
2,53,1,3,10,8.923000000000002,1
2,54,1,2,4,1.3919999999999997,1
2,55,-1,7,13,2.594000000000001,1
2,56,-1,3,13,0.7510000000000048,1
2,57,-1,3,11,0.5210000000000008,1
2,58,-1,7,6,0.4110000000000013,-1
2,59,1,7,5,4.937000000000005,1
2,60,-1,9,8,3.4750000000000014,1
2,61,1,1,5,1.0319999999999965,1
2,62,1,2,11,0.6510000000000034,1
2,63,1,8,3,1.061,-1
2,64,-1,4,1,5.367,1
2,65,-1,4,6,7.380999999999999,-1
2,66,1,12,3,2.404,-1
2,67,1,12,5,2.684000000000001,-1
2,68,1,2,14,2.613999999999997,1
2,69,1,3,14,4.377000000000002,1
2,70,1,10,16,5.817999999999998,1
2,71,1,11,8,2.2929999999999997,1
2,72,1,16,14,0.8320000000000007,1
2,73,1,6,3,4.475999999999999,1
2,74,1,6,10,2.0730000000000004,1
2,75,1,3,1,12.607999999999995,1
2,76,1,9,14,2.194,1
2,77,1,7,12,4.716000000000001,1
2,78,-1,8,14,2.774000000000001,1
2,79,-1,8,4,39.928,-1
2,80,1,8,15,6.909999999999997,1
2,81,1,2,8,7.441000000000001,1
2,82,-1,7,16,2.773999999999999,1
2,83,-1,11,7,7.830999999999999,-1
2,84,1,15,5,1.0919999999999987,-1
2,85,1,15,9,2.4529999999999994,-1
2,86,1,14,11,6.680000000000003,-1
2,87,1,7,9,1.2420000000000044,1
2,88,1,9,16,4.256,1
2,89,1,2,15,0.7010000000000005,1
2,90,1,3,7,1.281000000000006,1
2,91,1,10,14,0.6709999999999994,1
2,92,1,2,16,0.820999999999998,1
2,93,-1,12,4,1.2420000000000044,-1
2,94,-1,6,15,1.5319999999999965,1
2,95,-1,3,4,0.7710000000000008,-1
2,96,1,1,9,0.9310000000000044,1
2,97,-1,3,5,2.753999999999998,1
2,98,-1,2,12,0.981,1
2,99,-1,11,4,0.992,-1
2,100,-1,13,10,0.891,-1
2,101,1,1,7,1.412,1
2,102,-1,9,4,2.343000000000001,-1
2,103,-1,14,6,1.9529999999999996,-1
2,104,-1,2,3,1.872,1
2,105,-1,15,4,1.4420000000000002,-1
2,106,1,7,10,3.094999999999999,1
2,107,-1,15,1,1.2109999999999983,-1
2,108,1,1,13,2.0630000000000024,1
2,109,1,13,4,1.0309999999999988,-1
2,110,-1,13,12,1.4520000000000015,1
2,111,-1,15,3,0.6410000000000018,-1
2,112,1,1,12,1.5120000000000005,1
2,113,1,2,10,0.9409999999999954,1
2,114,-1,9,12,2.0330000000000013,1
2,115,1,6,11,2.853999999999999,1
2,116,1,1,16,2.573999999999998,1
2,117,-1,14,1,1.4720000000000013,-1
2,118,1,2,9,1.431999999999995,1
2,119,1,16,11,1.5930000000000035,-1
3,1,1,4,14,7.792000000000002,1
3,2,1,2,7,6.139000000000003,1
3,3,-1,5,11,2.9750000000000014,1
3,4,-1,13,9,9.192999999999998,-1
3,5,1,12,10,0.4709999999999965,-1
3,6,-1,1,6,8.472999999999999,-1
3,7,1,2,5,7.881,1
3,8,-1,10,1,4.296000000000001,-1
3,9,-1,1,8,2.904,1
3,10,-1,8,10,4.126000000000001,1
3,11,1,4,7,13.389,1
3,12,-1,5,4,0.8509999999999991,-1
3,13,-1,16,15,1.6920000000000002,1
3,14,-1,10,4,2.233000000000004,-1
3,15,-1,15,12,4.246000000000002,-1
3,16,1,14,15,8.452000000000005,1
3,17,-1,13,11,6.68,-1
3,18,-1,9,5,5.798,-1
3,19,-1,6,16,8.982999999999999,1
3,20,-1,12,14,12.438,-1
3,21,1,12,8,5.717999999999996,-1
3,22,-1,1,2,22.582,-1
3,23,-1,11,15,17.675,1
3,24,1,7,15,1.8629999999999995,1
3,25,1,2,13,12.058,1
3,26,1,11,10,13.348999999999997,1
3,27,1,6,13,11.767,1
3,28,1,13,8,10.805,-1
3,29,1,13,16,4.817000000000004,1
3,30,-1,12,11,11.847,-1
3,31,-1,6,9,10.674999999999995,1
3,32,-1,16,4,5.298000000000002,-1
3,33,-1,13,14,9.363,1
3,34,1,5,13,16.193,1
3,35,1,3,9,4.256,1
3,36,1,5,8,3.575000000000003,1
3,37,1,6,12,7.219999999999999,1
3,38,1,10,15,8.633000000000003,1
3,39,-1,11,1,11.397000000000006,-1
3,40,1,3,16,4.696,1
3,41,-1,10,5,7.281000000000002,-1
3,42,1,16,12,7.151,1
3,43,1,13,15,12.689000000000004,1
3,44,-1,7,14,10.885999999999996,1
3,45,1,7,8,21.943,1
3,46,-1,6,2,8.582,-1
3,47,-1,9,10,2.6439999999999984,1
3,48,1,6,8,3.2950000000000017,1
3,49,-1,16,8,15.351999999999997,-1
3,50,-1,5,16,6.660000000000004,1
3,51,1,11,9,11.577,-1
3,52,1,5,14,14.531000000000002,1
3,53,1,3,10,6.969999999999999,1
3,54,1,2,4,7.411000000000001,1
3,55,1,13,7,12.076999999999998,-1
3,56,1,3,13,10.275,1
3,57,1,3,11,15.962999999999996,1
3,58,1,6,7,5.357999999999997,1
3,59,-1,7,5,5.017,1
3,60,-1,9,8,24.856,1
3,61,1,1,5,8.442,1
3,62,1,2,11,4.256,1
3,63,1,3,8,1.8919999999999997,1
3,64,-1,4,1,8.332,1
3,65,1,4,6,3.1849999999999987,-1
3,66,-1,12,3,17.024,-1
3,67,-1,12,5,4.536999999999999,-1
3,68,1,2,14,11.065999999999995,1
3,69,-1,14,3,1.1420000000000012,-1
3,70,1,16,10,5.438000000000001,-1
3,71,-1,8,11,8.572000000000003,-1
3,72,1,14,16,2.524000000000001,-1
3,73,-1,3,6,5.177999999999997,-1
3,74,1,6,10,3.355000000000004,1
3,75,-1,3,1,6.659999999999997,1
3,76,-1,9,14,5.237000000000002,1
3,77,1,7,12,3.946000000000005,1
3,78,-1,14,8,11.326999999999998,-1
3,79,1,4,8,2.814,1
3,80,-1,15,8,3.434000000000001,-1
3,81,-1,8,2,3.5749999999999997,-1
3,82,1,7,16,1.3520000000000003,1
3,83,1,7,11,3.395,1
3,84,-1,5,15,1.3820000000000014,1
3,85,-1,15,9,2.834,-1
3,86,-1,11,14,4.856999999999999,1
3,87,-1,7,9,7.359999999999999,1
3,88,1,9,16,7.100999999999999,1
3,89,1,2,15,3.8149999999999977,1
3,90,1,3,7,16.543999999999997,1
3,91,-1,10,14,6.838999999999999,1
3,92,1,2,16,3.1350000000000016,1
3,93,1,4,12,2.483999999999998,1
3,94,1,6,15,5.286999999999999,1
3,95,1,3,4,4.877000000000002,-1
3,96,1,1,9,1.3319999999999936,1
3,97,-1,5,3,6.549,-1
3,98,-1,12,2,2.7339999999999947,-1
3,99,1,11,4,6.439,-1
3,100,1,13,10,17.325,-1
3,101,-1,7,1,4.9979999999999976,-1
3,102,-1,9,4,3.515000000000001,-1
3,103,-1,14,6,2.985000000000003,-1
3,104,1,2,3,37.313,1
3,105,-1,15,4,9.323000000000002,-1
3,106,1,7,10,0.8109999999999999,1
3,107,1,1,15,5.878999999999998,1
3,108,1,1,13,0.7910000000000004,1
3,109,1,4,13,6.799,1
3,110,-1,12,13,4.3870000000000005,-1
3,111,1,3,15,3.263999999999996,1
3,112,-1,12,1,2.4540000000000006,-1
3,113,1,2,10,3.5959999999999965,1
3,114,-1,9,12,1.913000000000004,1
3,115,-1,11,6,5.436999999999998,-1
3,116,-1,16,1,7.261,-1
3,117,1,1,14,1.782,1
3,118,-1,9,2,3.355000000000002,-1
3,119,1,16,11,5.968,-1
4,1,-1,4,14,17.674999999999997,1
4,2,-1,2,7,2.273000000000001,1
4,3,-1,5,11,1.9530000000000007,1
4,4,-1,9,13,1.3119999999999976,1
4,5,1,12,10,0.700999999999997,-1
4,6,1,6,1,15.586999999999996,1
4,7,1,2,5,11.396,1
4,8,-1,10,1,13.920000000000002,-1
4,9,-1,8,1,18.627,-1
4,10,1,8,10,9.544000000000004,1
4,11,-1,4,7,21.491,1
4,12,1,5,4,25.697000000000003,-1
4,13,1,16,15,21.631,1
4,14,-1,10,4,8.211999999999996,-1
4,15,1,15,12,16.363,-1
4,16,-1,14,15,12.287,1
4,17,1,13,11,9.694000000000004,-1
4,18,-1,5,9,9.634,1
4,19,1,16,6,8.853000000000002,-1
4,20,-1,14,12,16.583999999999996,1
4,21,1,8,12,10.925999999999998,1
4,22,1,2,1,11.636999999999992,1
4,23,1,15,11,11.687000000000005,-1
4,24,1,7,15,13.91,1
4,25,1,2,13,6.670000000000002,1
4,26,1,10,11,11.907,-1
4,27,-1,6,13,11.006,1
4,28,-1,13,8,20.510000000000005,-1
4,29,1,16,13,13.579,-1
4,30,-1,11,12,13.148,1
4,31,-1,9,6,15.881999999999998,-1
4,32,1,4,16,14.010000000000002,1
4,33,-1,13,14,15.502000000000002,1
4,34,1,5,13,16.774,1
4,35,-1,9,3,17.735,-1
4,36,-1,8,5,6.860000000000001,-1
4,37,-1,12,6,2.6140000000000008,-1
4,38,-1,15,10,1.231999999999999,-1
4,39,-1,11,1,1.4319999999999986,-1
4,40,1,3,16,2.312999999999999,1
4,41,-1,10,5,40.408,-1
4,42,-1,16,12,4.536000000000001,1
4,43,-1,13,15,12.569,1
4,44,1,14,7,7.040000000000003,-1
4,45,1,8,7,24.876000000000005,-1
4,46,-1,6,2,27.52,-1
4,47,1,10,9,9.352999999999994,-1
4,48,1,6,8,7.731000000000002,1
4,49,1,16,8,1.8320000000000007,-1
4,50,-1,5,16,5.296999999999997,1
4,51,-1,11,9,15.171,-1
4,52,1,5,14,5.6080000000000005,1
4,53,1,3,10,3.535,1
4,54,1,2,4,7.872,1
4,55,1,13,7,7.981000000000002,-1
4,56,1,3,13,13.97,1
4,57,1,3,11,5.628,1
4,58,-1,7,6,18.857,-1
4,59,-1,7,5,3.6359999999999992,1
4,60,1,9,8,5.778000000000002,1
4,61,1,1,5,3.8759999999999977,1
4,62,-1,11,2,7.039999999999999,-1
4,63,1,3,8,5.277000000000001,1
4,64,1,4,1,8.392000000000003,1
4,65,1,4,6,3.0939999999999994,-1
4,66,-1,12,3,2.414,-1
4,67,1,5,12,8.102,1
4,68,1,2,14,1.3520000000000003,1
4,69,-1,14,3,1.0620000000000012,-1
4,70,1,16,10,0.8709999999999987,-1
4,71,-1,11,8,2.943999999999999,1
4,72,1,16,14,2.534000000000006,1
4,73,1,3,6,6.5190000000000055,-1
4,74,-1,10,6,15.473,-1
4,75,-1,3,1,10.686,1
4,76,1,9,14,2.5330000000000013,1
4,77,-1,12,7,4.716999999999999,-1
4,78,1,14,8,2.433,-1
4,79,-1,8,4,4.565999999999995,-1
4,80,-1,8,15,2.8939999999999984,1
4,81,-1,2,8,10.535000000000004,1
4,82,1,7,16,1.5120000000000005,1
4,83,1,11,7,3.605,-1
4,84,1,5,15,4.145999999999999,1
4,85,1,15,9,6.579000000000001,-1
4,86,1,14,11,2.933999999999997,-1
4,87,1,7,9,12.028000000000006,1
4,88,1,9,16,3.305,1
4,89,-1,15,2,5.558,-1
4,90,-1,7,3,7.661000000000001,-1
4,91,1,14,10,1.161999999999999,-1
4,92,1,2,16,2.764000000000003,1
4,93,1,12,4,11.216,-1
4,94,-1,15,6,2.3939999999999984,-1
4,95,-1,4,3,1.3220000000000027,1
4,96,-1,9,1,0.8910000000000053,-1
4,97,-1,3,5,1.4420000000000002,1
4,98,1,2,12,0.6499999999999986,1
4,99,1,11,4,0.6509999999999999,-1
4,100,-1,10,13,0.5910000000000002,1
4,101,1,1,7,0.932,1
4,102,1,9,4,1.713,-1
4,103,-1,14,6,1.791999999999999,-1
4,104,-1,3,2,6.488999999999999,-1
4,105,-1,4,15,1.491999999999997,1
4,106,1,7,10,0.7910000000000004,1
4,107,-1,15,1,1.872,-1
4,108,-1,13,1,1.2119999999999995,-1
4,109,-1,13,4,0.8510000000000026,-1
4,110,1,13,12,1.6720000000000006,1
4,111,1,3,15,0.9220000000000006,1
4,112,1,12,1,1.411999999999999,-1
4,113,1,2,10,1.1510000000000034,1
4,114,1,9,12,0.5210000000000008,1
4,115,1,6,11,0.6509999999999962,1
4,116,-1,16,1,0.7310000000000016,-1
4,117,1,1,14,0.3900000000000005,1
4,118,-1,9,2,0.7710000000000008,-1
4,119,-1,16,11,0.6910000000000025,-1
5,1,-1,14,4,8.592999999999996,-1
5,2,1,2,7,5.818000000000005,1
5,3,-1,5,11,5.018000000000001,1
5,4,-1,9,13,8.983,1
5,5,1,12,10,2.334,-1
5,6,-1,6,1,2.382999999999999,1
5,7,1,2,5,6.580000000000002,1
5,8,1,1,10,8.322000000000003,1
5,9,-1,8,1,2.5330000000000013,-1
5,10,-1,8,10,5.838000000000001,1
5,11,1,7,4,3.895000000000003,-1
5,12,-1,4,5,2.032,1
5,13,-1,16,15,7.23,1
5,14,1,4,10,0.7410000000000014,1
5,15,-1,15,12,0.4310000000000009,-1
5,16,-1,14,15,3.274000000000001,1
5,17,1,11,13,0.6310000000000002,1
5,18,1,5,9,3.515000000000001,1
5,19,1,6,16,3.715,1
5,20,-1,12,14,1.381999999999998,-1
5,21,1,8,12,1.0210000000000008,1
5,22,1,2,1,1.743000000000002,1
5,23,1,11,15,2.5929999999999964,1
5,24,1,15,7,1.7730000000000032,-1
5,25,-1,13,2,0.570999999999998,-1
5,26,1,11,10,0.7909999999999968,1
5,27,1,13,6,3.055,-1
5,28,1,13,8,0.6109999999999971,-1
5,29,-1,16,13,1.4720000000000013,-1
5,30,-1,11,12,3.395000000000003,1
5,31,1,6,9,0.7710000000000008,1
5,32,-1,16,4,4.156,-1
5,33,1,13,14,0.3310000000000004,1
5,34,1,13,5,3.915000000000001,-1
5,35,1,3,9,1.9930000000000003,1
5,36,-1,5,8,1.181000000000001,1
5,37,1,6,12,0.4409999999999989,1
5,38,-1,15,10,0.3399999999999998,-1
5,39,1,1,11,1.7119999999999995,1
5,40,1,16,3,1.9019999999999972,-1
5,41,-1,5,10,0.6509999999999998,1
5,42,-1,16,12,2.8939999999999984,1
5,43,1,13,15,0.690999999999999,1
5,44,1,7,14,0.9519999999999982,1
5,45,-1,7,8,2.8939999999999984,1
5,46,1,6,2,0.5110000000000028,-1
5,47,1,10,9,9.143,-1
5,48,-1,6,8,4.195999999999998,1
5,49,1,8,16,0.4909999999999996,1
5,50,1,5,16,0.830999999999996,1
5,51,1,9,11,0.6310000000000002,1
5,52,1,5,14,3.686,1
5,53,-1,3,10,0.931,1
5,54,1,2,4,0.5409999999999995,1
5,55,1,13,7,0.6509999999999998,-1
5,56,1,13,3,0.931,-1
5,57,1,3,11,0.6709999999999994,1
5,58,-1,7,6,1.2509999999999994,-1
5,59,1,5,7,0.3499999999999996,-1
5,60,-1,9,8,3.875,1
5,61,1,5,1,3.395,-1
5,62,-1,2,11,0.8509999999999991,1
5,63,1,3,8,0.4410000000000025,1
5,64,1,4,1,0.4909999999999996,1
5,65,1,4,6,1.602999999999998,-1
5,66,-1,3,12,0.6509999999999998,1
5,67,1,12,5,0.3710000000000022,-1
5,68,1,2,14,0.690999999999999,1
5,69,-1,14,3,6.198,-1
5,70,-1,10,16,7.010000000000005,1
5,71,1,8,11,4.3459999999999965,-1
5,72,-1,14,16,0.4309999999999974,-1
5,73,-1,6,3,1.8629999999999995,1
5,74,1,6,10,0.3699999999999974,1
5,75,1,3,1,0.3500000000000014,1
5,76,1,14,9,0.6909999999999954,-1
5,77,-1,12,7,0.901999999999994,-1
5,78,-1,8,14,1.061,1
5,79,1,8,4,0.431,-1
5,80,-1,8,15,0.6809999999999996,1
5,81,1,2,8,0.6410000000000005,1
5,82,1,7,16,0.3600000000000003,1
5,83,1,7,11,4.476000000000001,1
5,84,1,5,15,0.9909999999999995,1
5,85,1,9,15,0.9309999999999992,1
5,86,-1,14,11,6.99,-1
5,87,-1,9,7,1.4529999999999994,-1
5,88,-1,16,9,2.213000000000001,-1
5,89,1,2,15,0.5299999999999976,1
5,90,-1,3,7,1.011999999999997,1
5,91,1,14,10,0.3300000000000018,-1
5,92,-1,16,2,0.6509999999999962,-1
5,93,-1,12,4,1.0519999999999996,-1
5,94,1,6,15,1.421999999999997,1
5,95,-1,4,3,1.2219999999999942,1
5,96,-1,1,9,1.1119999999999948,1
5,97,1,5,3,0.4299999999999997,-1
5,98,1,2,12,0.7109999999999985,1
5,99,1,4,11,0.6509999999999962,1
5,100,-1,10,13,0.6709999999999994,1
5,101,1,7,1,0.4200000000000017,-1
5,102,-1,4,9,1.151999999999994,1
5,103,-1,14,6,0.7509999999999977,-1
5,104,1,2,3,0.3900000000000005,1
5,105,1,15,4,1.391999999999996,-1
5,106,1,7,10,0.3909999999999982,1
5,107,1,1,15,1.1310000000000002,1
5,108,-1,1,13,0.6409999999999982,1
5,109,1,4,13,0.3299999999999983,1
5,110,1,12,13,0.4010000000000001,-1
5,111,1,3,15,0.5310000000000001,1
5,112,-1,12,1,12.118,-1
5,113,1,10,2,7.681000000000001,-1
5,114,-1,12,9,0.4299999999999997,-1
5,115,-1,11,6,0.6709999999999994,-1
5,116,-1,1,16,1.7330000000000003,1
5,117,1,1,14,0.3500000000000014,1
5,118,1,2,9,0.4510000000000005,1
5,119,1,11,16,0.7109999999999985,1
6,1,1,4,14,17.425,1
6,2,-1,7,2,7.570999999999998,-1
6,3,1,5,11,4.938000000000002,1
6,4,-1,13,9,6.840000000000003,-1
6,5,1,10,12,2.6339999999999986,1
6,6,1,1,6,11.425999999999998,-1
6,7,-1,2,5,7.750999999999998,1
6,8,1,10,1,4.917000000000002,-1
6,9,1,1,8,4.176000000000002,1
6,10,-1,10,8,1.2719999999999985,-1
6,11,1,4,7,3.5359999999999943,1
6,12,1,5,4,9.624,-1
6,13,-1,15,16,2.083000000000002,-1
6,14,1,4,10,1.061,1
6,15,1,15,12,0.9109999999999978,-1
6,16,1,14,15,1.2909999999999968,1
6,17,1,11,13,6.067999999999998,1
6,18,-1,9,5,2.0230000000000032,-1
6,19,1,6,16,4.596000000000004,1
6,20,-1,12,14,2.0730000000000004,-1
6,21,1,8,12,1.401999999999994,1
6,22,-1,1,2,9.273000000000003,-1
6,23,1,11,15,1.411999999999999,1
6,24,1,7,15,2.724,1
6,25,1,2,13,3.4349999999999987,1
6,26,-1,11,10,1.2719999999999985,1
6,27,1,6,13,1.2719999999999985,1
6,28,-1,13,8,1.231999999999999,-1
6,29,-1,16,13,0.892000000000003,-1
6,30,-1,12,11,3.716000000000001,-1
6,31,1,6,9,3.925999999999995,1
6,32,1,4,16,1.5319999999999965,1
6,33,-1,14,13,0.9709999999999964,-1
6,34,-1,13,5,2.8740000000000023,-1
6,35,1,3,9,1.5620000000000047,1
6,36,1,5,8,1.852000000000004,1
6,37,1,6,12,1.2220000000000013,1
6,38,-1,10,15,4.0959999999999965,1
6,39,1,1,11,0.7109999999999994,1
6,40,-1,3,16,4.497,1
6,41,1,5,10,0.6910000000000007,1
6,42,-1,16,12,4.155999999999999,1
6,43,1,15,13,0.6910000000000025,-1
6,44,1,14,7,3.094999999999999,-1
6,45,-1,7,8,1.070999999999998,1
6,46,1,6,2,6.850000000000001,-1
6,47,-1,9,10,0.9919999999999972,1
6,48,-1,8,6,3.2049999999999983,-1
6,49,-1,8,16,4.415999999999997,1
6,50,-1,16,5,2.6540000000000035,-1
6,51,1,11,9,1.512,-1
6,52,1,5,14,2.2139999999999995,1
6,53,1,3,10,3.385,1
6,54,-1,4,2,4.886999999999999,-1
6,55,1,7,13,1.0919999999999987,1
6,56,1,3,13,1.3020000000000032,1
6,57,1,3,11,1.231999999999999,1
6,58,1,6,7,3.193999999999999,1
6,59,-1,7,5,2.7040000000000006,1
6,60,-1,9,8,1.2720000000000056,1
6,61,1,1,5,5.097000000000001,1
6,62,-1,11,2,3.996000000000002,-1
6,63,1,3,8,1.411999999999999,1
6,64,-1,4,1,7.670999999999999,1
6,65,1,6,4,3.535,1
6,66,1,3,12,3.2349999999999994,1
6,67,1,5,12,1.2119999999999995,1
6,68,1,2,14,3.605,1
6,69,-1,14,3,1.251999999999999,-1
6,70,1,10,16,2.8150000000000013,1
6,71,-1,8,11,3.285,-1
6,72,1,16,14,1.713000000000001,1
6,73,1,3,6,1.3220000000000027,-1
6,74,1,6,10,1.411999999999999,1
6,75,-1,1,3,2.4239999999999995,-1
6,76,-1,9,14,1.0009999999999977,1
6,77,-1,12,7,1.0120000000000005,-1
6,78,1,8,14,2.013000000000005,1
6,79,-1,8,4,3.014,-1
6,80,-1,15,8,3.5749999999999997,-1
6,81,1,2,8,9.814,1
6,82,-1,16,7,2.062999999999999,-1
6,83,1,11,7,1.0309999999999988,-1
6,84,1,5,15,2.914999999999999,1
6,85,-1,9,15,2.833999999999996,1
6,86,1,11,14,0.8519999999999968,1
6,87,1,9,7,0.9720000000000012,-1
6,88,1,9,16,0.6910000000000025,1
6,89,1,2,15,1.431999999999995,1
6,90,-1,7,3,1.171999999999997,-1
6,91,1,14,10,5.518000000000001,-1
6,92,1,2,16,2.5829999999999984,1
6,93,1,4,12,2.454,1
6,94,1,6,15,3.736,1
6,95,-1,3,4,12.387999999999998,-1
6,96,1,1,9,2.933999999999997,1
6,97,1,3,5,4.415999999999997,1
6,98,1,2,12,4.826999999999998,1
6,99,1,4,11,1.5120000000000005,1
6,100,-1,13,10,6.700000000000003,-1
6,101,-1,7,1,1.661999999999999,-1
6,102,1,4,9,2.514000000000003,1
6,103,1,6,14,0.8109999999999999,1
6,104,1,2,3,8.813000000000002,1
6,105,-1,15,4,2.423,-1
6,106,1,7,10,1.5920000000000003,1
6,107,1,1,15,1.6830000000000016,1
6,108,-1,13,1,0.7510000000000012,-1
6,109,-1,4,13,7.140000000000001,1
6,110,-1,12,13,0.9510000000000004,-1
6,111,1,3,15,1.3219999999999992,1
6,112,-1,12,1,0.980999999999998,-1
6,113,1,2,10,1.5120000000000005,1
6,114,-1,12,9,4.295999999999999,-1
6,115,-1,11,6,3.2140000000000057,-1
6,116,-1,16,1,1.7119999999999962,-1
6,117,-1,14,1,5.397999999999996,-1
6,118,1,2,9,5.086999999999996,1
6,119,1,11,16,4.976999999999999,1
7,1,1,4,14,5.838000000000001,1
7,2,-1,7,2,5.2780000000000005,-1
7,3,-1,11,5,5.998000000000001,-1
7,4,-1,13,9,9.353000000000002,-1
7,5,-1,10,12,6.619999999999997,1
7,6,-1,6,1,4.297000000000004,1
7,7,-1,5,2,8.502000000000002,-1
7,8,-1,10,1,5.228,-1
7,9,1,1,8,2.574,1
7,10,1,8,10,4.917000000000002,1
7,11,1,4,7,2.6129999999999995,1
7,12,1,4,5,5.837999999999997,1
7,13,1,15,16,9.843999999999998,-1
7,14,-1,10,4,4.055999999999997,-1
7,15,-1,12,15,3.0649999999999977,1
7,16,1,15,14,7.381,-1
7,17,-1,11,13,4.0959999999999965,1
7,18,1,9,5,6.619,-1
7,19,-1,16,6,2.0730000000000004,-1
7,20,1,12,14,1.7729999999999997,-1
7,21,-1,12,8,6.899999999999999,-1
7,22,-1,2,1,3.1940000000000026,1
7,23,-1,15,11,1.7729999999999997,-1
7,24,1,15,7,3.594999999999999,-1
7,25,1,2,13,4.856999999999999,1
7,26,-1,11,10,0.4299999999999997,1
7,27,1,6,13,6.127999999999993,1
7,28,-1,13,8,9.454,-1
7,29,1,13,16,4.136,1
7,30,-1,11,12,4.796999999999999,1
7,31,-1,9,6,6.1690000000000005,-1
7,32,1,4,16,3.756,1
7,33,1,13,14,3.875,1
7,34,1,13,5,2.053000000000001,-1
7,35,1,3,9,5.308,1
7,36,1,8,5,5.317999999999998,-1
7,37,-1,12,6,3.2550000000000026,-1
7,38,-1,10,15,2.833999999999996,1
7,39,1,1,11,10.304000000000002,1
7,40,1,3,16,6.800000000000001,1
7,41,-1,10,5,3.8649999999999984,-1
7,42,1,16,12,4.075999999999997,1
7,43,-1,15,13,5.408000000000001,-1
7,44,1,7,14,4.7570000000000014,1
7,45,-1,7,8,0.2910000000000039,1
7,46,1,6,2,2.5929999999999964,-1
7,47,1,10,9,8.180999999999997,-1
7,48,-1,6,8,4.966999999999999,1
7,49,1,8,16,7.481000000000002,1
7,50,-1,5,16,0.27,1
7,51,1,11,9,13.8,-1
7,52,-1,14,5,4.847000000000001,-1
7,53,-1,10,3,6.539999999999999,-1
7,54,-1,4,2,7.820999999999998,-1
7,55,1,7,13,4.756999999999998,1
7,56,1,3,13,7.009999999999998,1
7,57,1,3,11,10.735,1
7,58,-1,7,6,6.058000000000001,-1
7,59,-1,7,5,3.1340000000000003,1
7,60,1,9,8,14.451,1
7,61,1,1,5,1.7319999999999958,1
7,62,-1,11,2,6.429000000000002,-1
7,63,1,3,8,6.419000000000004,1
7,64,1,1,4,6.239000000000004,-1
7,65,1,4,6,13.769999999999996,-1
7,66,-1,12,3,5.508000000000001,-1
7,67,1,5,12,5.197000000000003,1
7,68,-1,14,2,4.957000000000001,-1
7,69,-1,14,3,6.378999999999998,-1
7,70,-1,16,10,5.548000000000002,-1
7,71,1,8,11,5.738999999999997,-1
7,72,-1,16,14,7.600999999999999,1
7,73,-1,6,3,7.661000000000001,1
7,74,-1,10,6,2.574,-1
7,75,1,1,3,6.009,-1
7,76,1,9,14,10.415,1
7,77,-1,7,12,5.678000000000001,1
7,78,-1,14,8,2.534000000000006,-1
7,79,-1,8,4,5.256999999999998,-1
7,80,1,15,8,1.883000000000003,-1
7,81,-1,8,2,2.9540000000000006,-1
7,82,-1,16,7,1.2710000000000008,-1
7,83,1,7,11,3.2550000000000026,1
7,84,1,5,15,2.9540000000000006,1
7,85,1,9,15,6.049,1
7,86,1,14,11,2.6740000000000004,-1
7,87,-1,7,9,4.616999999999999,1
7,88,-1,16,9,2.4130000000000003,-1
7,89,1,2,15,6.309000000000001,1
7,90,-1,7,3,1.1519999999999977,-1
7,91,-1,14,10,2.373000000000001,-1
7,92,-1,16,2,1.291999999999998,-1
7,93,-1,12,4,5.577999999999996,-1
7,94,1,6,15,1.6929999999999978,1
7,95,-1,3,4,14.32,-1
7,96,-1,9,1,5.108000000000004,-1
7,97,1,3,5,12.207,1
7,98,1,2,12,1.8130000000000008,1
7,99,1,11,4,2.9349999999999987,-1
7,100,1,13,10,5.838000000000001,-1
7,101,-1,7,1,5.087,-1
7,102,1,4,9,1.8519999999999968,1
7,103,-1,14,6,2.895000000000003,-1
7,104,1,2,3,6.489999999999995,1
7,105,1,4,15,1.8730000000000049,1
7,106,-1,7,10,3.835000000000001,1
7,107,1,1,15,3.335000000000001,1
7,108,1,1,13,3.594999999999999,1
7,109,-1,4,13,4.006,1
7,110,1,12,13,2.4530000000000003,-1
7,111,1,3,15,2.5940000000000003,1
7,112,1,1,12,5.3580000000000005,1
7,113,-1,10,2,2.2929999999999997,-1
7,114,1,9,12,3.094999999999999,1
7,115,-1,11,6,6.66,-1
7,116,-1,16,1,1.5820000000000007,-1
7,117,-1,14,1,2.272999999999996,-1
7,118,-1,9,2,4.525999999999996,-1
7,119,1,11,16,2.453999999999993,1
8,1,-1,4,14,1.4619999999999995,1
8,2,1,2,7,12.628,1
8,3,-1,11,5,9.734000000000002,-1
8,4,1,9,13,16.744,1
8,5,1,10,12,8.882000000000001,1
8,6,1,6,1,11.116,1
8,7,1,2,5,9.662999999999997,1
8,8,1,10,1,9.283,-1
8,9,1,8,1,14.550999999999998,-1
8,10,1,8,10,8.221999999999998,1
8,11,-1,4,7,8.392000000000003,1
8,12,-1,5,4,18.667,-1
8,13,1,15,16,3.796,-1
8,14,-1,4,10,4.216,1
8,15,1,15,12,4.797000000000001,-1
8,16,1,15,14,6.629000000000001,-1
8,17,-1,13,11,7.341000000000001,-1
8,18,-1,5,9,8.000999999999998,1
8,19,1,6,16,2.834000000000003,1
8,20,-1,14,12,9.183,1
8,21,1,8,12,6.319000000000003,1
8,22,-1,2,1,9.283,1
8,23,-1,15,11,10.645,-1
8,24,1,7,15,5.887999999999998,1
8,25,-1,13,2,6.478999999999999,-1
8,26,1,11,10,6.740000000000002,1
8,27,1,13,6,11.476999999999997,-1
8,28,1,8,13,4.315999999999995,1
8,29,1,13,16,4.356,1
8,30,-1,11,12,9.023,1
8,31,-1,9,6,12.759,-1
8,32,1,16,4,9.223000000000004,-1
8,33,1,13,14,4.697000000000003,1
8,34,-1,5,13,5.117000000000004,1
8,35,-1,3,9,18.78700000000001,1
8,36,1,5,8,7.901999999999999,1
8,37,1,12,6,5.758000000000003,-1
8,38,-1,10,15,2.994,1
8,39,-1,11,1,10.395000000000003,-1
8,40,-1,3,16,5.959000000000003,1
8,41,1,10,5,2.0930000000000035,-1
8,42,1,12,16,8.262,-1
8,43,1,15,13,11.216,-1
8,44,-1,7,14,4.366999999999999,1
8,45,1,7,8,5.126999999999999,1
8,46,-1,6,2,5.978999999999999,-1
8,47,-1,9,10,10.003999999999998,1
8,48,-1,8,6,10.194000000000004,-1
8,49,1,16,8,7.811,-1
8,50,1,5,16,4.396000000000001,1
8,51,1,11,9,11.917,-1
8,52,-1,14,5,4.716999999999999,-1
8,53,1,3,10,3.935999999999997,1
8,54,1,2,4,11.216,1
8,55,-1,13,7,4.256,-1
8,56,-1,3,13,4.927,1
8,57,-1,3,11,1.672000000000004,1
8,58,-1,7,6,3.5049999999999955,-1
8,59,-1,5,7,4.216,-1
8,60,-1,9,8,1.943,1
8,61,-1,1,5,0.7710000000000008,1
8,62,1,11,2,1.5419999999999998,-1
8,63,1,3,8,11.196000000000002,1
8,64,1,1,4,5.467999999999996,-1
8,65,-1,4,6,6.939999999999998,-1
8,66,-1,3,12,7.981999999999999,1
8,67,-1,12,5,3.135000000000005,-1
8,68,1,14,2,3.994999999999997,-1
8,69,-1,3,14,2.1129999999999995,1
8,70,1,16,10,2.9440000000000026,-1
8,71,1,8,11,0.912,-1
8,72,-1,14,16,0.9909999999999995,-1
8,73,1,6,3,2.7139999999999995,1
8,74,1,10,6,2.7939999999999987,-1
8,75,-1,3,1,1.972999999999999,1
8,76,-1,14,9,3.794999999999998,-1
8,77,-1,12,7,2.7940000000000005,-1
8,78,1,14,8,4.556999999999999,-1
8,79,1,4,8,13.800000000000004,1
8,80,-1,15,8,1.7120000000000033,-1
8,81,-1,8,2,2.9540000000000006,-1
8,82,-1,7,16,4.015000000000001,1
8,83,1,11,7,3.636000000000003,-1
8,84,1,5,15,4.256,1
8,85,-1,15,9,3.4750000000000005,-1
8,86,-1,14,11,4.447,-1
8,87,1,9,7,7.0,-1
8,88,-1,16,9,3.715,-1
8,89,-1,2,15,8.141999999999996,1
8,90,-1,3,7,6.3089999999999975,1
8,91,1,10,14,1.5919999999999987,1
8,92,1,2,16,2.763999999999996,1
8,93,-1,4,12,1.091000000000001,1
8,94,-1,6,15,2.1330000000000027,1
8,95,1,3,4,3.073999999999998,-1
8,96,-1,9,1,1.2819999999999965,-1
8,97,1,5,3,5.158000000000001,-1
8,98,1,2,12,1.1909999999999998,1
8,99,-1,4,11,1.6629999999999994,1
8,100,1,10,13,2.874000000000001,1
8,101,-1,1,7,4.657,1
8,102,-1,9,4,2.854000000000001,-1
8,103,-1,14,6,9.933999999999996,-1
8,104,1,2,3,4.455999999999996,1
8,105,1,4,15,2.814,1
8,106,-1,7,10,3.494999999999997,1
8,107,-1,1,15,2.173000000000002,1
8,108,-1,13,1,1.7920000000000016,-1
8,109,-1,13,4,1.612000000000002,-1
8,110,-1,12,13,3.155000000000001,-1
8,111,1,15,3,2.804000000000002,-1
8,112,1,1,12,4.045999999999999,1
8,113,-1,2,10,3.354,1
8,114,1,12,9,3.1949999999999994,-1
8,115,-1,11,6,5.738000000000001,-1
8,116,-1,1,16,3.715,1
8,117,1,1,14,3.5760000000000005,1
8,118,1,2,9,5.378,1
8,119,-1,16,11,3.054000000000002,-1
9,1,-1,4,14,8.302,1
9,2,1,2,7,11.857,1
9,3,-1,5,11,8.591999999999999,1
9,4,-1,9,13,14.906,1
9,5,-1,10,12,13.019000000000002,1
9,6,1,1,6,13.249000000000002,-1
9,7,-1,5,2,4.796999999999997,-1
9,8,-1,10,1,11.125999999999998,-1
9,9,-1,8,1,13.049,-1
9,10,-1,8,10,8.521999999999998,1
9,11,1,4,7,12.397999999999996,1
9,12,1,5,4,15.131,-1
9,13,1,15,16,10.233999999999996,-1
9,14,-1,4,10,11.417000000000002,1
9,15,1,12,15,9.223000000000004,1
9,16,-1,14,15,1.272000000000002,1
9,17,-1,13,11,15.823,-1
9,18,1,9,5,12.787999999999997,-1
9,19,-1,16,6,11.617,-1
9,20,-1,14,12,12.889,1
9,21,1,8,12,6.800000000000004,1
9,22,-1,2,1,10.845,1
9,23,-1,15,11,11.547000000000004,-1
9,24,1,15,7,17.135,-1
9,25,-1,13,2,6.73,-1
9,26,1,11,10,46.386,1
9,27,1,6,13,9.283,1
9,28,1,13,8,4.176000000000002,-1
9,29,1,16,13,2.3939999999999984,-1
9,30,-1,12,11,17.824999999999996,-1
9,31,1,6,9,15.612000000000002,1
9,32,1,16,4,1.9929999999999997,-1
9,33,1,14,13,11.246,-1
9,34,1,5,13,13.66,1
9,35,1,9,3,16.253,-1
9,36,1,8,5,4.626999999999995,-1
9,37,-1,12,6,4.136000000000003,-1
9,38,1,15,10,0.431,-1
9,39,1,1,11,7.942,1
9,40,1,3,16,4.656999999999998,1
9,41,1,5,10,4.998000000000001,1
9,42,-1,16,12,1.3919999999999997,1
9,43,1,13,15,2.113999999999997,1
9,44,1,7,14,5.648,1
9,45,-1,8,7,1.731999999999999,-1
9,46,1,2,6,5.067999999999998,1
9,47,-1,9,10,2.3939999999999984,1
9,48,-1,8,6,1.9129999999999967,-1
9,49,1,8,16,1.2519999999999951,1
9,50,-1,5,16,2.1540000000000035,1
9,51,-1,9,11,0.8710000000000022,1
9,52,1,5,14,1.5519999999999996,1
9,53,1,10,3,1.0919999999999987,-1
9,54,-1,4,2,5.4580000000000055,-1
9,55,1,13,7,5.448,-1
9,56,-1,3,13,5.518000000000001,1
9,57,-1,11,3,1.9230000000000016,-1
9,58,-1,7,6,3.905999999999999,-1
9,59,-1,5,7,3.715,-1
9,60,1,8,9,2.3640000000000008,-1
9,61,-1,5,1,2.1129999999999995,-1
9,62,-1,11,2,3.015000000000001,-1
9,63,-1,8,3,11.436999999999998,-1
9,64,1,1,4,13.079,-1
9,65,1,6,4,7.831,1
9,66,-1,12,3,6.720000000000001,-1
9,67,-1,12,5,6.4190000000000005,-1
9,68,1,2,14,2.834,1
9,69,1,3,14,2.3939999999999984,1
9,70,-1,10,16,4.917000000000002,1
9,71,-1,8,11,4.155999999999999,-1
9,72,1,14,16,2.1229999999999976,-1
9,73,1,6,3,32.226,1
9,74,-1,10,6,2.713999999999998,-1
9,75,1,1,3,2.023,-1
9,76,1,9,14,1.511999999999997,1
9,77,1,7,12,1.4220000000000006,1
9,78,-1,14,8,3.6350000000000016,-1
9,79,1,4,8,1.7220000000000013,1
9,80,1,8,15,1.2510000000000012,1
9,81,-1,8,2,4.847000000000001,-1
9,82,-1,7,16,9.233000000000004,1
9,83,1,7,11,1.171999999999997,1
9,84,-1,5,15,9.403999999999996,1
9,85,1,9,15,11.967,1
9,86,1,11,14,1.011999999999999,1
9,87,-1,7,9,1.112,1
9,88,-1,16,9,1.0510000000000002,-1
9,89,1,2,15,0.9310000000000008,1
9,90,-1,7,3,0.9420000000000002,-1
9,91,1,10,14,0.820999999999998,1
9,92,1,2,16,1.411999999999999,1
9,93,1,4,12,1.4420000000000002,1
9,94,1,6,15,2.943999999999999,1
9,95,-1,3,4,11.497,-1
9,96,1,1,9,4.317,1
9,97,1,3,5,1.4519999999999982,1
9,98,1,2,12,2.594000000000001,1
9,99,-1,11,4,6.169000000000004,-1
9,100,-1,13,10,0.8310000000000031,-1
9,101,-1,1,7,13.128999999999998,1
9,102,-1,9,4,4.657000000000001,-1
9,103,1,14,6,0.971,-1
9,104,1,3,2,6.58,-1
9,105,-1,4,15,3.3640000000000008,1
9,106,-1,7,10,2.032,1
9,107,1,1,15,1.230999999999998,1
9,108,-1,13,1,0.9310000000000008,-1
9,109,1,4,13,0.7409999999999997,1
9,110,-1,13,12,1.3220000000000027,1
9,111,-1,15,3,0.8310000000000031,-1
9,112,1,1,12,1.372,1
9,113,1,2,10,1.1310000000000002,1
9,114,-1,12,9,3.4750000000000014,-1
9,115,1,6,11,4.216000000000001,1
9,116,-1,16,1,1.0120000000000005,-1
9,117,1,1,14,0.9309999999999974,1
9,118,-1,9,2,1.5120000000000005,-1
9,119,1,16,11,1.2119999999999962,-1
10,1,1,4,14,19.588,1
10,2,-1,7,2,15.522999999999996,-1
10,3,-1,5,11,10.055000000000009,1
10,4,1,9,13,38.215,1
10,5,1,12,10,29.402,-1
10,6,-1,6,1,26.418,1
10,7,1,2,5,37.183,1
10,8,-1,10,1,23.604,-1
10,9,1,1,8,27.369,1
10,10,1,8,10,23.634,1
10,11,-1,7,4,22.447000000000003,-1
10,12,-1,5,4,10.143999999999998,-1
10,13,1,16,15,26.598,1
10,14,-1,10,4,20.83,-1
10,15,-1,15,12,15.552,-1
10,16,-1,14,15,14.741,1
10,17,1,11,13,28.07,1
10,18,1,9,5,15.112000000000002,-1
10,19,-1,16,6,9.083,-1
10,20,-1,14,12,14.321000000000002,1
10,21,1,8,12,30.314,1
10,22,1,1,2,12.207,-1
10,23,1,15,11,43.592,-1
10,24,-1,7,15,38.766000000000005,1
10,25,1,2,13,64.843,1
10,26,-1,10,11,42.451,-1
10,27,1,13,6,46.006,-1
10,28,1,8,13,74.56700000000001,1
10,29,1,13,16,41.209,1
10,30,1,12,11,65.324,-1
10,31,-1,9,6,49.04,-1
10,32,-1,16,4,24.085,-1
10,33,1,13,14,12.548000000000002,1
10,34,-1,5,13,39.226,1
10,35,1,3,9,34.45,1
10,36,-1,5,8,13.629999999999995,1
10,37,1,6,12,48.8,1
10,38,1,10,15,16.714000000000006,1
10,39,-1,11,1,13.068,-1
10,40,1,16,3,0.6310000000000002,-1
10,41,-1,10,5,26.017,-1
10,42,-1,16,12,38.115,1
10,43,-1,15,13,8.923000000000002,-1
10,44,1,7,14,6.859999999999999,1
10,45,1,7,8,17.786,1
10,46,1,2,6,37.133,1
10,47,1,9,10,35.05,1
10,48,1,6,8,26.878,1
10,49,1,8,16,7.321,1
10,50,-1,16,5,8.852999999999998,-1
10,51,-1,11,9,9.744,-1
10,52,1,14,5,5.017000000000003,-1
10,53,1,3,10,13.159,1
10,54,-1,4,2,29.132,-1
10,55,-1,13,7,12.868000000000002,-1
10,56,-1,13,3,15.082,-1
10,57,-1,11,3,7.52,-1
10,58,-1,7,6,18.717,-1
10,59,1,7,5,15.273999999999996,1
10,60,-1,9,8,32.016,1
10,61,-1,5,1,16.934,-1
10,62,-1,11,2,7.030000000000001,-1
10,63,1,3,8,11.766999999999996,1
10,64,1,1,4,16.114,-1
10,65,1,4,6,48.620000000000005,-1
10,66,1,3,12,18.967,1
10,67,-1,12,5,23.894,-1
10,68,-1,14,2,18.697000000000003,-1
10,69,-1,14,3,9.924,-1
10,70,-1,16,10,1.172000000000004,-1
10,71,1,8,11,12.327000000000004,-1
10,72,1,14,16,14.301000000000002,-1
10,73,-1,3,6,57.993,-1
10,74,1,6,10,5.157,1
10,75,1,1,3,26.999,-1
10,76,1,9,14,6.139000000000003,1
10,77,1,7,12,9.954999999999998,1
10,78,1,8,14,12.858000000000004,1
10,79,1,4,8,13.829999999999998,1
10,80,1,8,15,4.3160000000000025,1
10,81,-1,8,2,4.417000000000002,-1
10,82,1,7,16,6.959999999999994,1
10,83,-1,11,7,16.683999999999997,-1
10,84,1,15,5,5.437,-1
10,85,1,9,15,6.549,1
10,86,1,11,14,4.116,1
10,87,1,9,7,8.192,-1
10,88,-1,16,9,3.7550000000000026,-1
10,89,1,2,15,5.558,1
10,90,1,3,7,31.224,1
10,91,-1,10,14,22.312,1
10,92,1,2,16,6.378999999999998,1
10,93,1,4,12,7.169999999999995,1
10,94,-1,15,6,2.853999999999999,-1
10,95,-1,4,3,24.856,1
10,96,-1,9,1,11.736999999999998,-1
10,97,1,3,5,6.119,1
10,98,1,2,12,7.021000000000001,1
10,99,-1,11,4,3.115000000000002,-1
10,100,-1,13,10,4.467,-1
10,101,1,1,7,6.539,1
10,102,1,4,9,5.497000000000002,1
10,103,1,6,14,2.793999999999997,1
10,104,-1,3,2,24.585,-1
10,105,-1,15,4,5.197000000000003,-1
10,106,-1,10,7,4.856999999999999,-1
10,107,-1,15,1,3.014,-1
10,108,1,1,13,3.245,1
10,109,1,4,13,4.446999999999999,1
10,110,-1,13,12,2.694000000000001,1
10,111,-1,15,3,3.826000000000001,-1
10,112,-1,12,1,3.274000000000001,-1
10,113,-1,10,2,2.3739999999999988,-1
10,114,-1,12,9,2.6540000000000035,-1
10,115,-1,11,6,4.707000000000001,-1
10,116,1,1,16,4.0760000000000005,1
10,117,-1,14,1,4.686999999999998,-1
10,118,1,2,9,2.213000000000001,1
10,119,-1,11,16,4.616999999999997,1
11,1,1,4,14,8.161999999999999,1
11,2,-1,7,2,7.4609999999999985,-1
11,3,-1,5,11,19.248,1
11,4,-1,9,13,1.2920000000000016,1
11,5,-1,10,12,6.058,1
11,6,-1,6,1,15.582,1
11,7,-1,5,2,13.409,-1
11,8,1,10,1,10.665,-1
11,9,-1,8,1,7.341000000000001,-1
11,10,1,8,10,14.992000000000004,1
11,11,1,4,7,18.687,1
11,12,-1,5,4,6.219000000000001,-1
11,13,-1,16,15,6.959999999999997,1
11,14,1,4,10,3.615000000000002,1
11,15,1,12,15,6.770000000000003,1
11,16,1,14,15,5.198,1
11,17,-1,13,11,10.144999999999996,-1
11,18,-1,5,9,14.942000000000002,1
11,19,-1,16,6,13.749999999999996,-1
11,20,1,14,12,11.046,1
11,21,1,8,12,17.284999999999997,1
11,22,-1,2,1,51.043,1
11,23,-1,11,15,1.4519999999999982,1
11,24,-1,15,7,2.192999999999998,-1
11,25,-1,13,2,8.732,-1
11,26,1,11,10,2.5939999999999994,1
11,27,1,6,13,9.964,1
11,28,-1,13,8,14.470999999999997,-1
11,29,-1,13,16,6.319000000000003,1
11,30,1,11,12,4.015000000000001,1
11,31,-1,6,9,16.363,1
11,32,-1,16,4,0.7510000000000012,-1
11,33,1,14,13,2.293000000000001,-1
11,34,1,13,5,4.545999999999999,-1
11,35,-1,9,3,15.202000000000002,-1
11,36,-1,8,5,9.063000000000002,-1
11,37,1,6,12,4.697000000000003,1
11,38,-1,15,10,8.661999999999999,-1
11,39,1,1,11,12.938000000000002,1
11,40,1,3,16,10.765000000000002,1
11,41,1,5,10,3.835000000000001,1
11,42,1,12,16,7.2499999999999964,-1
11,43,1,13,15,4.0560000000000045,1
11,44,1,7,14,1.953000000000003,1
11,45,1,7,8,11.565999999999995,1
11,46,1,6,2,10.525000000000006,-1
11,47,1,9,10,1.031,1
11,48,1,8,6,12.547999999999998,-1
11,49,-1,16,8,0.8010000000000019,-1
11,50,1,5,16,8.552,1
11,51,-1,11,9,18.446,-1
11,52,-1,14,5,3.7950000000000017,-1
11,53,-1,10,3,2.233000000000004,-1
11,54,1,2,4,19.308,1
11,55,-1,7,13,19.298,1
11,56,-1,13,3,1.171999999999997,-1
11,57,-1,11,3,5.578000000000003,-1
11,58,1,6,7,11.346000000000004,1
11,59,1,5,7,20.289,-1
11,60,1,8,9,6.638999999999999,-1
11,61,1,1,5,4.416,1
11,62,-1,11,2,17.545,-1
11,63,-1,8,3,4.375999999999998,-1
11,64,1,1,4,11.707,-1
11,65,-1,4,6,13.239,-1
11,66,-1,12,3,1.0919999999999987,-1
11,67,-1,12,5,1.4319999999999986,-1
11,68,1,2,14,1.9529999999999996,1
11,69,1,3,14,3.4549999999999983,1
11,70,1,10,16,1.7119999999999995,1
11,71,1,8,11,2.2929999999999997,-1
11,72,1,16,14,0.7110000000000021,1
11,73,1,6,3,8.482,1
11,74,1,6,10,1.6129999999999995,1
11,75,1,1,3,4.877000000000002,-1
11,76,-1,14,9,9.804000000000002,-1
11,77,-1,12,7,1.1509999999999962,-1
11,78,1,8,14,0.6909999999999998,1
11,79,1,8,4,0.7910000000000001,-1
11,80,1,8,15,4.276000000000001,1
11,81,-1,8,2,0.6699999999999999,-1
11,82,1,7,16,1.9730000000000008,1
11,83,-1,7,11,8.583,1
11,84,-1,15,5,0.6710000000000029,-1
11,85,1,15,9,2.6529999999999987,-1
11,86,1,11,14,0.5710000000000015,1
11,87,-1,7,9,8.593,1
11,88,-1,16,9,4.696999999999996,-1
11,89,1,2,15,4.775999999999996,1
11,90,1,7,3,5.878,-1
11,91,-1,14,10,0.7109999999999985,-1
11,92,-1,16,2,3.946000000000005,-1
11,93,1,4,12,5.588000000000001,1
11,94,1,6,15,5.157,1
11,95,-1,4,3,6.138999999999999,1
11,96,1,1,9,7.2010000000000005,1
11,97,1,3,5,14.732000000000005,1
11,98,1,2,12,2.3029999999999973,1
11,99,-1,11,4,0.5910000000000011,-1
11,100,1,10,13,1.152000000000001,1
11,101,1,1,7,9.082999999999998,1
11,102,-1,9,4,0.570999999999998,-1
11,103,1,14,6,2.603999999999999,-1
11,104,1,2,3,40.218,1
11,105,-1,4,15,0.5910000000000011,1
11,106,-1,10,7,1.5929999999999964,-1
11,107,1,1,15,0.6709999999999994,1
11,108,-1,13,1,4.356000000000002,-1
11,109,-1,13,4,2.994999999999997,-1
11,110,1,12,13,1.0120000000000005,-1
11,111,-1,15,3,1.952999999999996,-1
11,112,-1,12,1,2.1430000000000007,-1
11,113,1,2,10,0.7709999999999937,1
11,114,-1,12,9,2.6539999999999964,-1
11,115,1,6,11,2.524000000000001,1
11,116,1,1,16,2.594,1
11,117,-1,14,1,6.98,-1
11,118,-1,9,2,3.395,-1
11,119,-1,16,11,0.5310000000000006,-1
12,1,1,4,14,11.417000000000002,1
12,2,-1,7,2,6.179,-1
12,3,1,5,11,11.697,1
12,4,-1,13,9,4.5959999999999965,-1
12,5,-1,10,12,4.677,1
12,6,1,6,1,5.567999999999998,1
12,7,-1,5,2,5.929000000000002,-1
12,8,-1,10,1,5.969,-1
12,9,-1,8,1,5.849,-1
12,10,1,10,8,8.722,-1
12,11,1,4,7,5.437999999999999,1
12,12,-1,4,5,4.896999999999999,1
12,13,1,16,15,4.186,1
12,14,-1,4,10,7.561,1
12,15,1,12,15,2.1330000000000027,1
12,16,1,14,15,2.6540000000000035,1
12,17,-1,13,11,3.4750000000000014,-1
12,18,-1,9,5,3.976,-1
12,19,1,6,16,2.093,1
12,20,1,14,12,4.596,1
12,21,-1,8,12,3.5450000000000017,1
12,22,1,2,1,5.187999999999999,1
12,23,-1,15,11,3.535,-1
12,24,1,15,7,5.057000000000002,-1
12,25,-1,2,13,2.683999999999997,1
12,26,-1,10,11,2.233000000000004,-1
12,27,-1,13,6,0.7910000000000039,-1
12,28,1,8,13,2.5829999999999984,1
12,29,1,13,16,5.939,1
12,30,-1,12,11,3.414999999999999,-1
12,31,1,6,9,1.051000000000002,1
12,32,-1,16,4,6.239000000000004,-1
12,33,1,14,13,0.6910000000000003,-1
12,34,-1,13,5,0.351,-1
12,35,-1,9,3,4.477,-1
12,36,1,5,8,2.764000000000001,1
12,37,-1,12,6,1.411999999999999,-1
12,38,1,15,10,0.9120000000000026,-1
12,39,-1,1,11,5.498000000000001,1
12,40,-1,16,3,4.4460000000000015,-1
12,41,-1,10,5,7.400000000000002,-1
12,42,1,16,12,0.7310000000000016,1
12,43,1,13,15,2.683999999999997,1
12,44,1,14,7,3.8149999999999977,-1
12,45,-1,7,8,1.0719999999999956,1
12,46,-1,2,6,2.3230000000000004,1
12,47,1,9,10,3.055,1
12,48,-1,6,8,8.712000000000003,1
12,49,-1,8,16,0.7110000000000003,1
12,50,1,5,16,7.541,1
12,51,-1,11,9,1.572000000000001,-1
12,52,1,5,14,1.8129999999999988,1
12,53,-1,10,3,8.381999999999998,-1
12,54,1,2,4,8.863000000000003,1
12,55,-1,7,13,0.9509999999999934,1
12,56,-1,13,3,5.257999999999996,-1
12,57,-1,11,3,4.295999999999999,-1
12,58,1,6,7,2.914999999999999,1
12,59,1,5,7,2.1939999999999955,-1
12,60,1,9,8,3.835000000000001,1
12,61,-1,5,1,7.0,-1
12,62,-1,11,2,2.8439999999999994,-1
12,63,1,3,8,0.6309999999999985,1
12,64,-1,1,4,6.579000000000001,-1
12,65,1,4,6,6.960000000000001,-1
12,66,1,3,12,7.881,1
12,67,-1,12,5,2.3130000000000024,-1
12,68,1,2,14,2.4340000000000046,1
12,69,-1,14,3,5.408000000000001,-1
12,70,-1,10,16,4.737000000000002,1
12,71,-1,8,11,4.976999999999997,-1
12,72,1,16,14,1.051000000000002,1
12,73,-1,6,3,4.797,1
12,74,1,6,10,3.3549999999999995,1
12,75,-1,1,3,12.118,-1
12,76,1,14,9,2.472999999999999,-1
12,77,1,12,7,1.4319999999999986,-1
12,78,1,14,8,6.059000000000001,-1
12,79,1,4,8,3.4849999999999994,1
12,80,-1,8,15,7.290000000000006,1
12,81,-1,8,2,7.972000000000001,-1
12,82,1,16,7,9.944000000000004,-1
12,83,1,7,11,1.1909999999999998,1
12,84,1,5,15,1.793000000000001,1
12,85,1,9,15,7.5,1
12,86,-1,14,11,5.507999999999999,-1
12,87,1,7,9,3.4750000000000014,1
12,88,-1,9,16,5.718999999999998,1
12,89,-1,15,2,6.698999999999998,-1
12,90,-1,7,3,2.2929999999999997,-1
12,91,1,14,10,6.329000000000001,-1
12,92,1,2,16,4.907000000000004,1
12,93,-1,12,4,7.170000000000002,-1
12,94,-1,15,6,15.412000000000004,-1
12,95,1,3,4,10.314999999999998,-1
12,96,1,1,9,1.0520000000000067,1
12,97,-1,3,5,22.221999999999998,1
12,98,1,2,12,7.049999999999997,1
12,99,-1,4,11,9.764,1
12,100,1,13,10,2.6140000000000008,-1
12,101,1,1,7,8.482,1
12,102,1,4,9,4.987000000000002,1
12,103,1,6,14,1.7420000000000044,1
12,104,-1,2,3,20.97,1
12,105,1,4,15,2.192999999999998,1
12,106,1,10,7,1.7119999999999962,-1
12,107,1,1,15,13.029,1
12,108,-1,13,1,5.558,-1
12,109,-1,13,4,0.9320000000000022,-1
12,110,1,12,13,1.3520000000000003,-1
12,111,-1,15,3,9.134000000000004,-1
12,112,-1,1,12,16.482999999999997,1
12,113,-1,10,2,1.5730000000000004,-1
12,114,1,12,9,1.1110000000000042,-1
12,115,-1,11,6,2.974000000000004,-1
12,116,1,1,16,3.054000000000002,1
12,117,-1,14,1,0.6310000000000002,-1
12,118,-1,9,2,7.16,-1
12,119,-1,16,11,3.535,-1
13,1,1,4,14,8.753,1
13,2,-1,7,2,3.1839999999999997,-1
13,3,-1,5,11,3.796,1
13,4,-1,13,9,2.613999999999997,-1
13,5,-1,10,12,1.5819999999999972,1
13,6,-1,6,1,11.115999999999996,1
13,7,1,2,5,1.782999999999994,1
13,8,1,1,10,5.508000000000003,1
13,9,1,1,8,6.678999999999995,1
13,10,1,10,8,3.796,-1
13,11,-1,7,4,1.0519999999999998,-1
13,12,-1,5,4,5.6080000000000005,-1
13,13,1,16,15,4.617000000000001,1
13,14,-1,10,4,2.814000000000002,-1
13,15,1,12,15,7.300000000000001,1
13,16,-1,15,14,6.059000000000001,-1
13,17,-1,13,11,11.265999999999998,-1
13,18,-1,5,9,8.863,1
13,19,-1,16,6,1.4720000000000013,-1
13,20,1,12,14,4.015999999999998,-1
13,21,1,8,12,4.3160000000000025,1
13,22,1,2,1,21.44,1
13,23,1,11,15,2.192999999999998,1
13,24,1,7,15,7.02,1
13,25,-1,13,2,1.8120000000000047,-1
13,26,-1,10,11,0.7310000000000016,-1
13,27,-1,13,6,4.085000000000001,-1
13,28,-1,8,13,2.3129999999999957,1
13,29,1,13,16,1.392000000000003,1
13,30,-1,12,11,1.9320000000000024,-1
13,31,1,6,9,7.591000000000001,1
13,32,1,4,16,1.7529999999999997,1
13,33,-1,14,13,5.337000000000001,-1
13,34,-1,13,5,3.956,-1
13,35,1,3,9,0.2999999999999989,1
13,36,1,8,5,1.2919999999999998,-1
13,37,1,6,12,3.3850000000000016,1
13,38,1,15,10,4.035999999999998,-1
13,39,-1,11,1,3.825000000000003,-1
13,40,-1,16,3,1.5120000000000005,-1
13,41,-1,10,5,2.3739999999999988,-1
13,42,1,16,12,1.2520000000000024,1
13,43,1,13,15,2.0529999999999973,1
13,44,1,7,14,1.972999999999999,1
13,45,-1,7,8,2.463000000000001,1
13,46,1,2,6,7.079999999999998,1
13,47,-1,10,9,1.091000000000001,-1
13,48,1,6,8,6.338999999999999,1
13,49,1,16,8,0.7920000000000016,-1
13,50,1,16,5,3.956,-1
13,51,-1,9,11,1.6320000000000006,1
13,52,-1,14,5,1.9730000000000008,-1
13,53,1,3,10,5.077999999999999,1
13,54,-1,4,2,3.936,-1
13,55,-1,13,7,1.0109999999999992,-1
13,56,-1,13,3,1.3820000000000014,-1
13,57,1,3,11,1.7330000000000003,1
13,58,1,7,6,4.876999999999999,-1
13,59,1,5,7,3.3749999999999964,-1
13,60,-1,8,9,6.899999999999999,-1
13,61,-1,5,1,1.481999999999999,-1
13,62,-1,11,2,6.68,-1
13,63,-1,8,3,4.455999999999996,-1
13,64,-1,1,4,4.625999999999998,-1
13,65,-1,6,4,1.132,1
13,66,-1,12,3,4.577,-1
13,67,1,5,12,1.032,1
13,68,1,2,14,4.074999999999999,1
13,69,-1,14,3,2.5340000000000007,-1
13,70,1,10,16,1.4220000000000006,1
13,71,1,8,11,5.718,-1
13,72,-1,16,14,0.8309999999999995,1
13,73,1,6,3,2.252999999999997,1
13,74,1,6,10,1.061,1
13,75,1,3,1,6.348999999999997,1
13,76,1,9,14,2.3830000000000027,1
13,77,1,7,12,8.663000000000004,1
13,78,1,8,14,3.054000000000002,1
13,79,1,4,8,1.993000000000002,1
13,80,-1,15,8,0.8019999999999996,-1
13,81,1,2,8,0.911999999999999,1
13,82,1,7,16,0.9010000000000034,1
13,83,-1,7,11,0.2700000000000031,1
13,84,1,15,5,2.955,-1
13,85,1,9,15,2.213,1
13,86,1,11,14,1.9130000000000005,1
13,87,1,9,7,5.789,-1
13,88,-1,16,9,1.152000000000001,-1
13,89,1,2,15,1.0710000000000015,1
13,90,1,3,7,2.4929999999999986,1
13,91,1,10,14,3.2950000000000017,1
13,92,1,2,16,1.5820000000000007,1
13,93,1,12,4,6.82,-1
13,94,1,6,15,2.933999999999997,1
13,95,-1,4,3,3.6259999999999977,1
13,96,1,1,9,1.0210000000000008,1
13,97,1,3,5,1.3019999999999996,1
13,98,1,2,12,1.3320000000000007,1
13,99,-1,11,4,2.8939999999999984,-1
13,100,-1,10,13,0.509999999999998,1
13,101,-1,1,7,0.9620000000000032,1
13,102,1,4,9,1.2920000000000016,1
13,103,-1,14,6,1.0109999999999957,-1
13,104,1,2,3,1.131999999999998,1
13,105,-1,15,4,0.6509999999999962,-1
13,106,-1,7,10,2.212999999999994,1
13,107,-1,15,1,0.661,-1
13,108,1,1,13,0.5309999999999997,1
13,109,1,13,4,0.5709999999999997,-1
13,110,1,12,13,2.053,-1
13,111,1,3,15,2.3930000000000007,1
13,112,1,1,12,2.974,1
13,113,1,2,10,0.5909999999999993,1
13,114,1,12,9,0.5509999999999984,-1
13,115,1,6,11,0.8510000000000009,1
13,116,-1,16,1,1.713000000000001,-1
13,117,-1,14,1,2.654,-1
13,118,1,2,9,4.867000000000001,1
13,119,1,11,16,0.5109999999999992,1
14,1,1,4,14,22.091,1
14,2,1,2,7,6.510000000000001,1
14,3,1,11,5,9.284,-1
14,4,-1,13,9,13.69,-1
14,5,1,12,10,15.162,-1
14,6,-1,1,6,15.292000000000002,-1
14,7,-1,5,2,8.351999999999999,-1
14,8,1,10,1,11.346,-1
14,9,-1,8,1,13.168,-1
14,10,1,10,8,8.212000000000003,-1
14,11,-1,7,4,11.266,-1
14,12,-1,5,4,10.636,-1
14,13,1,15,16,6.638999999999999,-1
14,14,-1,4,10,10.394999999999996,1
14,15,1,12,15,5.758000000000003,1
14,16,1,14,15,7.651000000000003,1
14,17,-1,11,13,12.478000000000002,1
14,18,1,9,5,6.338999999999999,-1
14,19,-1,16,6,6.678999999999999,-1
14,20,-1,12,14,1.6320000000000014,-1
14,21,1,12,8,1.2010000000000003,-1
14,22,-1,1,2,10.905,-1
14,23,1,11,15,1.352000000000004,1
14,24,-1,15,7,2.6140000000000043,-1
14,25,-1,13,2,5.138000000000005,-1
14,26,1,11,10,6.473,1
14,27,-1,6,13,2.904,1
14,28,-1,8,13,2.754,1
14,29,-1,16,13,3.555,-1
14,30,-1,12,11,5.477999999999998,-1
14,31,1,6,9,2.4029999999999987,1
14,32,-1,16,4,2.453000000000003,-1
14,33,-1,13,14,0.5910000000000011,1
14,34,-1,5,13,2.0330000000000013,1
14,35,1,9,3,0.6310000000000002,-1
14,36,1,5,8,6.249000000000002,1
14,37,1,6,12,3.013999999999996,1
14,38,-1,15,10,2.263999999999996,-1
14,39,-1,1,11,1.8130000000000024,1
14,40,-1,3,16,1.452,1
14,41,1,5,10,2.274,1
14,42,1,16,12,2.624,1
14,43,-1,15,13,3.515000000000001,-1
14,44,-1,14,7,1.753,-1
14,45,-1,8,7,7.440999999999999,-1
14,46,1,2,6,0.8319999999999972,1
14,47,1,9,10,1.0509999999999984,1
14,48,-1,6,8,3.1950000000000003,1
14,49,-1,16,8,2.664000000000001,-1
14,50,-1,16,5,7.0,-1
14,51,-1,11,9,0.6510000000000034,-1
14,52,-1,14,5,2.994,-1
14,53,1,3,10,3.546,1
14,54,-1,4,2,3.325000000000003,-1
14,55,1,7,13,1.481999999999999,1
14,56,1,3,13,1.512,1
14,57,1,11,3,5.538,-1
14,58,-1,6,7,2.0730000000000004,1
14,59,1,5,7,2.4129999999999985,-1
14,60,-1,8,9,1.7929999999999993,-1
14,61,1,1,5,3.555,1
14,62,1,2,11,3.776,1
14,63,1,8,3,2.2929999999999997,-1
14,64,-1,4,1,1.022000000000002,1
14,65,1,4,6,0.8909999999999982,-1
14,66,-1,12,3,1.2719999999999985,-1
14,67,-1,12,5,0.7310000000000016,-1
14,68,-1,14,2,2.363999999999997,-1
14,69,1,3,14,0.5810000000000031,1
14,70,-1,10,16,0.331000000000003,1
14,71,-1,11,8,0.7909999999999968,1
14,72,-1,16,14,2.774000000000001,1
14,73,1,3,6,2.153000000000006,-1
14,74,1,10,6,4.596999999999994,-1
14,75,-1,3,1,3.184,1
14,76,-1,14,9,4.176,-1
14,77,-1,12,7,7.101000000000001,-1
14,78,-1,14,8,4.155999999999999,-1
14,79,1,8,4,3.1849999999999987,-1
14,80,-1,15,8,0.8919999999999995,-1
14,81,-1,8,2,4.064999999999998,-1
14,82,1,16,7,0.4009999999999962,-1
14,83,-1,7,11,5.037999999999997,1
14,84,-1,15,5,1.672000000000004,-1
14,85,1,15,9,3.5050000000000026,-1
14,86,-1,14,11,5.678000000000004,-1
14,87,1,7,9,2.214,1
14,88,1,9,16,2.0329999999999995,1
14,89,-1,15,2,1.652000000000001,-1
14,90,1,3,7,3.465,1
14,91,-1,14,10,7.721,-1
14,92,-1,16,2,5.779,-1
14,93,-1,12,4,2.253,-1
14,94,-1,6,15,0.7319999999999993,1
14,95,1,4,3,5.857999999999997,1
14,96,-1,9,1,1.6530000000000058,-1
14,97,1,3,5,0.5509999999999948,1
14,98,1,2,12,3.354999999999997,1
14,99,1,4,11,3.3740000000000023,1
14,100,-1,10,13,4.667000000000002,1
14,101,1,7,1,0.6310000000000002,-1
14,102,1,4,9,2.1430000000000007,1
14,103,-1,14,6,3.555000000000001,-1
14,104,-1,2,3,2.7940000000000005,1
14,105,-1,15,4,6.038,-1
14,106,-1,7,10,0.6109999999999971,1
14,107,1,1,15,2.6739999999999995,1
14,108,-1,13,1,0.5399999999999991,-1
14,109,-1,13,4,2.863999999999997,-1
14,110,-1,12,13,0.5410000000000039,-1
14,111,1,3,15,2.573999999999998,1
14,112,1,12,1,3.054000000000002,-1
14,113,-1,10,2,0.7309999999999999,-1
14,114,1,9,12,1.332,1
14,115,1,11,6,1.5330000000000013,-1
14,116,1,1,16,2.754,1
14,117,1,1,14,1.3319999999999972,1
14,118,-1,9,2,2.3930000000000007,-1
14,119,-1,16,11,3.014,-1
15,1,-1,4,14,28.892,1
15,2,1,7,2,18.737,-1
15,3,-1,11,5,10.555,-1
15,4,1,9,13,4.3260000000000005,1
15,5,-1,10,12,2.834000000000003,1
15,6,-1,1,6,9.184000000000005,-1
15,7,-1,5,2,12.148,-1
15,8,-1,1,10,1.4519999999999982,1
15,9,1,8,1,11.106000000000002,-1
15,10,-1,8,10,3.345000000000006,1
15,11,-1,4,7,3.2340000000000018,1
15,12,1,5,4,10.536,-1
15,13,1,16,15,17.604999999999997,1
15,14,-1,10,4,17.445,-1
15,15,-1,12,15,19.308,1
15,16,-1,15,14,8.972999999999999,-1
15,17,-1,13,11,29.161,-1
15,18,-1,9,5,9.644000000000004,-1
15,19,-1,6,16,19.628,1
15,20,-1,12,14,9.684,-1
15,21,-1,8,12,8.782999999999998,1
15,22,1,2,1,42.742,1
15,23,-1,15,11,8.652999999999999,-1
15,24,-1,7,15,12.919000000000004,1
15,25,-1,13,2,19.317,-1
15,26,1,11,10,15.903000000000002,1
15,27,1,6,13,19.729,1
15,28,-1,8,13,9.274,1
15,29,-1,13,16,8.663000000000004,1
15,30,1,11,12,23.704000000000004,1
15,31,1,9,6,43.002,-1
15,32,1,4,16,4.116,1
15,33,1,13,14,7.121000000000002,1
15,34,1,5,13,2.664000000000001,1
15,35,1,9,3,57.563,-1
15,36,-1,8,5,8.271999999999998,-1
15,37,-1,12,6,22.452,-1
15,38,-1,15,10,8.252,-1
15,39,-1,11,1,15.031,-1
15,40,-1,16,3,18.046,-1
15,41,-1,10,5,7.701,-1
15,42,1,12,16,11.336,-1
15,43,1,13,15,14.781000000000002,1
15,44,-1,14,7,7.971000000000004,-1
15,45,-1,7,8,2.513999999999996,1
15,46,1,6,2,46.177,-1
15,47,1,9,10,1.672000000000004,1
15,48,-1,8,6,11.757000000000003,-1
15,49,-1,8,16,8.661999999999999,1
15,50,1,5,16,15.252,1
15,51,1,9,11,13.229000000000005,1
15,52,1,5,14,15.151999999999994,1
15,53,-1,10,3,3.996000000000002,-1
15,54,1,2,4,33.348,1
15,55,-1,13,7,4.597000000000001,-1
15,56,1,3,13,15.081000000000005,1
15,57,-1,11,3,12.488,-1
15,58,-1,7,6,8.152,-1
15,59,1,5,7,1.1110000000000009,-1
15,60,-1,9,8,1.5919999999999987,1
15,61,1,1,5,16.162999999999997,1
15,62,-1,11,2,9.833999999999996,-1
15,63,1,3,8,10.445,1
15,64,1,1,4,35.311,-1
15,65,-1,6,4,24.456,1
15,66,-1,12,3,18.606,-1
15,67,1,12,5,24.385,-1
15,68,1,2,14,6.529000000000004,1
15,69,-1,14,3,23.824,-1
15,70,1,10,16,21.671,1
15,71,1,11,8,11.065999999999995,1
15,72,1,16,14,23.123,1
15,73,1,6,3,44.344,1
15,74,1,6,10,3.636000000000003,1
15,75,1,1,3,12.497999999999998,-1
15,76,-1,9,14,9.353000000000002,1
15,77,-1,12,7,24.325,-1
15,78,1,8,14,2.3830000000000027,1
15,79,-1,8,4,9.614,-1
15,80,-1,8,15,10.093999999999998,1
15,81,1,2,8,13.369000000000009,1
15,82,1,7,16,1.3320000000000003,1
15,83,1,7,11,17.576,1
15,84,-1,5,15,4.977,1
15,85,-1,9,15,9.733999999999996,1
15,86,-1,14,11,10.625,-1
15,87,1,9,7,6.700000000000003,-1
15,88,-1,16,9,16.284,-1
15,89,-1,15,2,10.644999999999996,-1
15,90,1,3,7,9.984000000000002,1
15,91,1,14,10,12.168,-1
15,92,1,2,16,9.704,1
15,93,-1,12,4,8.792,-1
15,94,1,6,15,13.049,1
15,95,1,4,3,27.559,1
15,96,1,9,1,10.185000000000002,-1
15,97,1,5,3,9.354,-1
15,98,-1,12,2,14.610999999999995,-1
15,99,-1,11,4,20.589,-1
15,100,1,13,10,4.456,-1
15,101,-1,7,1,19.308,-1
15,102,-1,9,4,13.169000000000004,-1
15,103,1,6,14,3.6850000000000014,1
15,104,-1,3,2,22.853,-1
15,105,1,4,15,9.324000000000002,1
15,106,1,7,10,8.661999999999999,1
15,107,-1,1,15,29.361999999999995,1
15,108,-1,13,1,1.943,-1
15,109,-1,13,4,20.71,-1
15,110,1,13,12,22.432,1
15,111,1,3,15,10.405,1
15,112,1,1,12,12.717999999999998,1
15,113,1,2,10,17.395000000000003,1
15,114,-1,9,12,2.192999999999998,1
15,115,1,11,6,22.973,-1
15,116,1,1,16,7.681000000000001,1
15,117,1,1,14,10.014,1
15,118,1,2,9,8.781999999999996,1
15,119,1,11,16,9.143,1
16,1,-1,14,4,8.523,-1
16,2,1,2,7,4.176000000000002,1
16,3,-1,5,11,4.937000000000001,1
16,4,1,9,13,11.817000000000004,1
16,5,1,10,12,6.018999999999998,1
16,6,1,1,6,27.259,-1
16,7,1,2,5,5.498000000000001,1
16,8,1,1,10,2.434000000000001,1
16,9,-1,8,1,11.466,-1
16,10,1,10,8,3.144000000000005,-1
16,11,1,4,7,7.109999999999999,1
16,12,1,4,5,8.953000000000003,1
16,13,1,15,16,6.478999999999999,-1
16,14,1,4,10,4.377,1
16,15,-1,12,15,1.923,1
16,16,1,14,15,2.071999999999999,1
16,17,-1,11,13,1.1509999999999998,1
16,18,-1,9,5,11.555999999999996,-1
16,19,-1,16,6,1.1920000000000002,-1
16,20,-1,12,14,3.4549999999999983,-1
16,21,-1,12,8,9.954,-1
16,22,1,2,1,28.431,1
16,23,-1,11,15,4.826999999999998,1
16,24,1,7,15,3.2349999999999994,1
16,25,1,2,13,4.0760000000000005,1
16,26,1,10,11,3.054000000000002,-1
16,27,-1,13,6,8.082,-1
16,28,-1,13,8,5.677999999999997,-1
16,29,1,16,13,3.686,-1
16,30,-1,11,12,4.796999999999997,1
16,31,-1,9,6,12.168,-1
16,32,-1,16,4,15.182,-1
16,33,1,13,14,11.125999999999998,1
16,34,-1,13,5,6.559999999999995,-1
16,35,-1,9,3,5.038000000000004,-1
16,36,-1,8,5,4.587,-1
16,37,1,6,12,12.148,1
16,38,1,15,10,10.384999999999998,-1
16,39,-1,11,1,8.110999999999997,-1
16,40,-1,16,3,8.402000000000001,-1
16,41,1,5,10,8.102000000000004,1
16,42,-1,12,16,5.678000000000004,-1
16,43,-1,13,15,5.2780000000000005,1
16,44,1,14,7,7.962,-1
16,45,-1,7,8,8.642000000000003,1
16,46,-1,6,2,23.483,-1
16,47,1,9,10,2.9350000000000023,1
16,48,1,6,8,6.640000000000001,1
16,49,1,16,8,1.452,-1
16,50,1,5,16,0.9920000000000008,1
16,51,-1,9,11,0.7910000000000004,1
16,52,1,5,14,9.033,1
16,53,-1,10,3,8.863,-1
16,54,1,2,4,24.015,1
16,55,-1,13,7,10.644999999999996,-1
16,56,1,3,13,10.545000000000002,1
16,57,1,3,11,11.897000000000002,1
16,58,-1,7,6,3.915999999999997,-1
16,59,-1,5,7,6.179000000000002,-1
16,60,-1,9,8,4.697000000000003,1
16,61,-1,5,1,11.046,-1
16,62,1,2,11,3.495,1
16,63,-1,8,3,6.62,-1
16,64,1,1,4,17.024,-1
16,65,-1,4,6,10.886000000000005,-1
16,66,-1,3,12,1.091000000000001,1
16,67,1,5,12,3.575000000000003,1
16,68,-1,14,2,4.697000000000003,-1
16,69,-1,14,3,7.331000000000003,-1
16,70,-1,16,10,6.308999999999999,-1
16,71,-1,11,8,7.580999999999999,1
16,72,-1,16,14,6.719000000000001,1
16,73,1,6,3,22.882,1
16,74,1,6,10,4.376000000000005,1
16,75,-1,3,1,8.241999999999997,1
16,76,-1,14,9,5.268,-1
16,77,1,7,12,6.459,1
16,78,-1,14,8,4.256,-1
16,79,1,4,8,4.727,1
16,80,1,8,15,7.200000000000003,1
16,81,-1,8,2,1.0309999999999988,-1
16,82,1,16,7,8.972999999999999,-1
16,83,1,11,7,3.575000000000003,-1
16,84,1,5,15,4.456000000000003,1
16,85,1,15,9,5.268000000000001,-1
16,86,-1,14,11,4.165999999999997,-1
16,87,-1,7,9,3.055,1
16,88,1,9,16,3.0740000000000007,1
16,89,1,2,15,8.411999999999999,1
16,90,-1,7,3,3.014,-1
16,91,-1,10,14,5.838000000000001,1
16,92,-1,16,2,5.077999999999996,-1
16,93,-1,12,4,3.936,-1
16,94,-1,15,6,0.9110000000000014,-1
16,95,1,3,4,21.261,-1
16,96,1,1,9,7.4,1
16,97,1,3,5,10.936,1
16,98,1,2,12,9.773999999999996,1
16,99,-1,11,4,8.942999999999998,-1
16,100,-1,13,10,6.990000000000002,-1
16,101,1,1,7,6.780000000000001,1
16,102,1,4,9,8.442,1
16,103,-1,14,6,1.5520000000000005,-1
16,104,-1,3,2,27.729,-1
16,105,-1,15,4,8.201999999999998,-1
16,106,-1,10,7,1.4320000000000022,-1
16,107,1,1,15,3.715999999999994,1
16,108,1,1,13,3.5450000000000017,1
16,109,1,4,13,3.424999999999997,1
16,110,-1,12,13,1.512,-1
16,111,1,3,15,0.971,1
16,112,1,1,12,2.454,1
16,113,1,2,10,4.276999999999999,1
16,114,1,9,12,6.139000000000001,1
16,115,1,6,11,1.4220000000000006,1
16,116,-1,16,1,2.3640000000000008,-1
16,117,-1,14,1,8.812999999999995,-1
16,118,-1,9,2,5.978999999999999,-1
16,119,1,16,11,1.952999999999996,-1
17,1,-1,4,14,4.826999999999998,1
17,2,-1,7,2,22.913,-1
17,3,1,5,11,9.103,1
17,4,-1,9,13,16.913999999999998,1
17,5,1,10,12,49.992,1
17,6,-1,6,1,48.8,1
17,7,1,2,5,10.884999999999998,1
17,8,1,1,10,19.198,1
17,9,1,8,1,27.85,-1
17,10,1,8,10,43.042,1
17,11,-1,7,4,30.103,-1
17,12,-1,5,4,14.11,-1
17,13,1,15,16,42.481,-1
17,14,-1,10,4,45.846,-1
17,15,-1,15,12,14.991,-1
17,16,1,15,14,40.097,-1
17,17,1,13,11,41.209,-1
17,18,1,9,5,5.838000000000001,-1
17,19,1,6,16,12.889,1
17,20,1,12,14,33.338,-1
17,21,1,8,12,66.686,1
17,22,-1,1,2,54.809,-1
17,23,1,15,11,26.929,-1
17,24,-1,7,15,17.055,1
17,25,-1,13,2,28.901,-1
17,26,1,11,10,14.551000000000002,1
17,27,1,6,13,18.306,1
17,28,-1,13,8,50.873000000000005,-1
17,29,1,13,16,13.670000000000002,1
17,30,-1,12,11,38.726,-1
17,31,1,6,9,50.994,1
17,32,-1,16,4,20.109,-1
17,33,-1,13,14,37.364,1
17,34,1,5,13,49.14,1
17,35,1,9,3,62.11,-1
17,36,-1,5,8,39.436,1
17,37,1,6,12,68.57900000000001,1
17,38,1,10,15,16.664,1
17,39,1,1,11,40.318000000000005,1
17,40,1,3,16,31.746,1
17,41,1,10,5,34.58,-1
17,42,1,12,16,31.926,-1
17,43,-1,15,13,30.804,-1
17,44,1,14,7,10.585,-1
17,45,-1,8,7,42.461,-1
17,46,1,2,6,61.378,1
17,47,1,9,10,9.894000000000004,1
17,48,-1,8,6,20.7,-1
17,49,-1,16,8,22.111,-1
17,50,-1,5,16,55.149,1
17,51,-1,11,9,23.394,-1
17,52,-1,5,14,21.531,1
17,53,1,3,10,11.516999999999996,1
17,54,-1,4,2,22.852999999999994,-1
17,55,1,7,13,27.37,1
17,56,-1,13,3,23.774,-1
17,57,1,3,11,35.241,1
17,58,1,6,7,35.511,1
17,59,1,7,5,82.048,1
17,60,-1,9,8,97.36,1
17,61,-1,5,1,16.393,-1
17,62,-1,11,2,17.525,-1
17,63,-1,8,3,48.299,-1
17,64,-1,4,1,15.482000000000006,1
17,65,1,4,6,32.476,-1
17,66,-1,12,3,3.8760000000000048,-1
17,67,-1,5,12,26.077,1
17,68,1,2,14,14.05,1
17,69,1,3,14,7.029999999999998,1
17,70,1,10,16,11.366,1
17,71,-1,11,8,23.364000000000004,1
17,72,1,14,16,2.994,-1
17,73,1,3,6,33.077,-1
17,74,-1,10,6,12.298000000000002,-1
17,75,-1,3,1,46.036,1
17,76,-1,9,14,19.688,1
17,77,-1,7,12,2.894,1
17,78,-1,8,14,6.519,1
17,79,-1,4,8,10.065,1
17,80,1,8,15,4.646000000000001,1
17,81,1,2,8,8.271999999999998,1
17,82,1,7,16,24.935,1
17,83,1,7,11,18.056,1
17,84,1,15,5,13.86,-1
17,85,1,9,15,10.656,1
17,86,1,14,11,15.412,-1
17,87,-1,7,9,11.967,1
17,88,1,9,16,1.7330000000000003,1
17,89,1,2,15,8.622,1
17,90,-1,7,3,12.098,-1
17,91,-1,14,10,14.03,-1
17,92,-1,16,2,17.645,-1
17,93,-1,12,4,7.151000000000003,-1
17,94,-1,15,6,13.709000000000003,-1
17,95,1,3,4,26.438,-1
17,96,-1,9,1,17.936,-1
17,97,-1,5,3,13.849999999999994,-1
17,98,-1,12,2,17.314999999999998,-1
17,99,-1,11,4,8.522,-1
17,100,-1,10,13,77.481,1
17,101,-1,7,1,25.807,-1
17,102,-1,4,9,13.73,1
17,103,-1,14,6,2.875,-1
17,104,1,2,3,48.43,1
17,105,-1,15,4,3.805,-1
17,106,1,10,7,1.761999999999999,-1
17,107,1,1,15,8.882000000000001,1
17,108,1,1,13,9.844,1
17,109,1,4,13,3.714999999999996,1
17,110,-1,13,12,17.481,1
17,111,1,15,3,18.307,-1
17,112,-1,12,1,31.155,-1
17,113,1,2,10,31.165,1
17,114,1,9,12,7.621000000000002,1
17,115,1,6,11,26.478,1
17,116,-1,16,1,14.060000000000002,-1
17,117,1,1,14,14.991,1
17,118,1,2,9,48.58,1
17,119,-1,16,11,8.622,-1
18,1,1,14,4,18.546,-1
18,2,1,2,7,37.293000000000006,1
18,3,-1,5,11,1.972999999999999,1
18,4,1,13,9,24.485,-1
18,5,1,12,10,3.5850000000000004,-1
18,6,1,6,1,28.341,1
18,7,1,2,5,13.65,1
18,8,1,1,10,23.212999999999997,1
18,9,1,1,8,12.618,1
18,10,-1,8,10,21.23,1
18,11,-1,7,4,7.841000000000001,-1
18,12,1,5,4,3.625,-1
18,13,-1,16,15,3.4350000000000005,1
18,14,-1,10,4,17.906000000000002,-1
18,15,1,15,12,10.304000000000002,-1
18,16,-1,15,14,4.936999999999998,-1
18,17,1,11,13,13.159,1
18,18,-1,5,9,14.409999999999998,1
18,19,-1,6,16,5.908000000000001,1
18,20,-1,12,14,1.5320000000000036,-1
18,21,-1,8,12,1.402000000000001,1
18,22,-1,2,1,4.155999999999999,1
18,23,1,11,15,0.8709999999999951,1
18,24,1,7,15,1.191999999999993,1
18,25,-1,2,13,0.6910000000000025,1
18,26,-1,10,11,0.5499999999999972,-1
18,27,1,6,13,2.213999999999998,1
18,28,1,13,8,2.5729999999999933,-1
18,29,-1,16,13,0.8510000000000062,-1
18,30,1,12,11,3.956000000000003,-1
18,31,-1,9,6,2.153,-1
18,32,-1,16,4,4.987000000000001,-1
18,33,-1,13,14,11.927,1
18,34,1,5,13,2.1529999999999987,1
18,35,-1,3,9,18.586,1
18,36,1,5,8,3.695999999999998,1
18,37,-1,12,6,4.666000000000004,-1
18,38,-1,10,15,1.2120000000000033,1
18,39,-1,11,1,9.043,-1
18,40,1,3,16,3.494999999999999,1
18,41,-1,5,10,8.211999999999998,1
18,42,-1,16,12,8.703,1
18,43,1,13,15,7.440999999999999,1
18,44,-1,14,7,3.714999999999996,-1
18,45,-1,7,8,6.018999999999998,1
18,46,1,2,6,6.990000000000002,1
18,47,-1,10,9,1.4519999999999982,-1
18,48,-1,8,6,6.92,-1
18,49,-1,8,16,1.5120000000000005,1
18,50,1,16,5,0.6699999999999999,-1
18,51,1,9,11,0.4109999999999996,1
18,52,-1,5,14,1.1319999999999997,1
18,53,-1,3,10,0.4110000000000013,1
18,54,-1,4,2,0.2800000000000011,-1
18,55,-1,7,13,0.4809999999999981,1
18,56,-1,3,13,0.3109999999999999,1
18,57,1,11,3,0.3909999999999982,-1
18,58,-1,7,6,6.007999999999999,-1
18,59,-1,5,7,12.698000000000004,-1
18,60,-1,8,9,0.7109999999999985,-1
18,61,-1,5,1,4.356999999999999,-1
18,62,1,2,11,4.0660000000000025,1
18,63,-1,8,3,1.4320000000000022,-1
18,64,-1,4,1,6.859000000000002,1
18,65,-1,4,6,3.085,-1
18,66,1,12,3,3.1750000000000003,-1
18,67,-1,12,5,4.796999999999999,-1
18,68,1,14,2,9.804,-1
18,69,1,14,3,1.231999999999999,-1
18,70,-1,16,10,1.2920000000000016,-1
18,71,1,8,11,5.558000000000007,-1
18,72,-1,14,16,2.262999999999998,-1
18,73,-1,3,6,12.939,-1
18,74,-1,10,6,5.076999999999998,-1
18,75,1,3,1,9.704,1
18,76,1,14,9,7.980999999999998,-1
18,77,-1,12,7,2.3729999999999976,-1
18,78,1,14,8,1.8329999999999984,-1
18,79,-1,8,4,1.9230000000000016,-1
18,80,-1,15,8,0.971,-1
18,81,1,8,2,11.887,-1
18,82,1,7,16,0.6510000000000034,1
18,83,-1,11,7,2.8939999999999984,-1
18,84,1,15,5,2.423000000000002,-1
18,85,-1,15,9,1.633000000000003,-1
18,86,-1,11,14,0.7310000000000016,1
18,87,1,9,7,1.152000000000001,-1
18,88,1,9,16,0.3699999999999974,1
18,89,1,2,15,1.2520000000000024,1
18,90,-1,3,7,4.0360000000000005,1
18,91,-1,14,10,3.475,-1
18,92,-1,16,2,1.2919999999999998,-1
18,93,1,4,12,5.196999999999999,1
18,94,-1,15,6,1.2920000000000016,-1
18,95,1,3,4,9.814,-1
18,96,1,1,9,1.112000000000002,1
18,97,1,3,5,1.110999999999997,1
18,98,-1,12,2,7.701,-1
18,99,-1,11,4,2.534000000000006,-1
18,100,-1,10,13,2.894000000000005,1
18,101,1,1,7,9.363,1
18,102,-1,4,9,3.945999999999998,1
18,103,-1,14,6,2.1129999999999995,-1
18,104,1,2,3,6.359000000000001,1
18,105,1,4,15,4.255999999999999,1
18,106,-1,10,7,2.7340000000000018,-1
18,107,1,1,15,2.684000000000001,1
18,108,1,1,13,4.156000000000002,1
18,109,-1,13,4,2.814,-1
18,110,-1,13,12,2.1129999999999995,1
18,111,1,3,15,3.884999999999998,1
18,112,-1,12,1,0.9310000000000044,-1
18,113,1,2,10,11.526999999999994,1
18,114,-1,12,9,1.731999999999999,-1
18,115,1,6,11,4.376,1
18,116,1,1,16,6.299000000000001,1
18,117,1,1,14,5.587999999999997,1
18,118,1,2,9,12.208000000000002,1
18,119,-1,16,11,7.841000000000001,-1
19,1,-1,4,14,14.961999999999996,1
19,2,-1,2,7,0.7309999999999945,1
19,3,1,5,11,0.8509999999999991,1
19,4,1,9,13,2.0330000000000013,1
19,5,-1,12,10,1.0520000000000005,-1
19,6,1,6,1,1.8030000000000008,1
19,7,-1,2,5,2.664,1
19,8,1,10,1,1.2620000000000005,-1
19,9,1,1,8,2.943999999999999,1
19,10,1,10,8,2.072999999999997,-1
19,11,-1,7,4,1.272000000000002,-1
19,12,1,5,4,2.192999999999998,-1
19,13,-1,16,15,0.5910000000000011,1
19,14,1,4,10,0.7320000000000029,1
19,15,1,15,12,1.482999999999997,-1
19,16,1,14,15,1.071000000000005,1
19,17,1,13,11,0.7509999999999977,-1
19,18,1,5,9,0.5510000000000019,1
19,19,1,6,16,0.4110000000000013,1
19,20,1,12,14,0.6509999999999962,-1
19,21,-1,12,8,0.8310000000000031,-1
19,22,1,1,2,2.0230000000000032,-1
19,23,-1,15,11,0.9909999999999995,-1
19,24,-1,15,7,1.0719999999999956,-1
19,25,-1,13,2,0.490000000000002,-1
19,26,1,11,10,0.6209999999999951,1
19,27,-1,13,6,0.7710000000000008,-1
19,28,-1,13,8,0.811000000000007,-1
19,29,1,16,13,0.9810000000000016,-1
19,30,-1,11,12,1.431999999999995,1
19,31,-1,6,9,1.4519999999999982,1
19,32,-1,16,4,1.0210000000000008,-1
19,33,1,13,14,0.531,1
19,34,1,5,13,1.0419999999999998,1
19,35,1,9,3,0.8610000000000002,-1
19,36,-1,8,5,0.7720000000000002,-1
19,37,-1,6,12,0.8009999999999993,1
19,38,1,15,10,0.6710000000000012,-1
19,39,1,11,1,1.3119999999999994,-1
19,40,-1,3,16,1.0909999999999993,1
19,41,1,10,5,1.252000000000001,-1
19,42,-1,16,12,2.053000000000001,1
19,43,1,13,15,0.4509999999999969,1
19,44,1,7,14,0.7709999999999972,1
19,45,-1,7,8,0.892000000000003,1
19,46,1,2,6,0.7520000000000024,1
19,47,1,9,10,1.7119999999999995,1
19,48,-1,6,8,1.7920000000000016,1
19,49,-1,16,8,1.7129999999999974,-1
19,50,-1,5,16,1.3119999999999976,1
19,51,-1,11,9,0.9719999999999978,-1
19,52,-1,14,5,0.4709999999999965,-1
19,53,1,3,10,0.4909999999999996,1
19,54,-1,4,2,0.4109999999999942,-1
19,55,-1,7,13,0.6009999999999991,1
19,56,1,3,13,0.8320000000000007,1
19,57,-1,11,3,0.5910000000000011,-1
19,58,1,6,7,1.643000000000001,1
19,59,1,7,5,1.1510000000000034,1
19,60,-1,9,8,0.8819999999999979,1
19,61,-1,5,1,0.5910000000000011,-1
19,62,1,11,2,0.9510000000000004,-1
19,63,1,3,8,0.6509999999999962,1
19,64,1,4,1,1.1210000000000022,1
19,65,1,4,6,3.135000000000005,-1
19,66,1,12,3,0.6510000000000034,-1
19,67,1,5,12,0.5510000000000019,1
19,68,-1,14,2,0.4510000000000005,-1
19,69,1,3,14,0.7409999999999997,1
19,70,-1,16,10,0.631,-1
19,71,-1,11,8,1.7619999999999998,1
19,72,1,14,16,0.661,-1
19,73,1,3,6,8.341999999999999,-1
19,74,-1,6,10,0.7910000000000004,1
19,75,1,3,1,1.272000000000002,1
19,76,-1,9,14,0.5710000000000015,1
19,77,1,12,7,0.8710000000000022,-1
19,78,1,14,8,3.113999999999997,-1
19,79,-1,8,4,1.501999999999999,-1
19,80,1,8,15,1.4320000000000022,1
19,81,-1,2,8,0.8109999999999999,1
19,82,1,16,7,1.0109999999999957,-1
19,83,-1,7,11,0.6110000000000042,1
19,84,-1,15,5,0.9009999999999962,-1
19,85,1,15,9,0.7910000000000039,-1
19,86,1,11,14,0.4799999999999969,1
19,87,-1,9,7,0.6510000000000034,-1
19,88,1,9,16,0.5510000000000019,1
19,89,-1,15,2,0.7010000000000005,-1
19,90,-1,7,3,1.0219999999999985,-1
19,91,-1,14,10,0.6709999999999994,-1
19,92,1,2,16,0.3099999999999951,1
19,93,-1,12,4,1.2120000000000033,-1
19,94,1,15,6,0.9610000000000056,-1
19,95,1,4,3,0.3010000000000019,1
19,96,-1,9,1,0.3500000000000014,-1
19,97,1,5,3,1.4619999999999962,-1
19,98,-1,12,2,0.29,-1
19,99,-1,4,11,0.5309999999999997,1
19,100,1,10,13,0.4700000000000002,1
19,101,-1,1,7,0.9719999999999996,1
19,102,-1,9,4,0.2299999999999995,-1
19,103,1,6,14,1.1210000000000004,1
19,104,-1,3,2,0.8010000000000002,-1
19,105,1,15,4,0.25,-1
19,106,1,10,7,0.2909999999999986,-1
19,107,1,15,1,0.2699999999999996,-1
19,108,1,1,13,0.3109999999999999,1
19,109,1,4,13,1.2110000000000003,1
19,110,-1,13,12,0.3499999999999996,1
19,111,-1,3,15,1.1620000000000008,1
19,112,1,1,12,0.7010000000000005,1
19,113,-1,2,10,1.001999999999999,1
19,114,-1,12,9,0.5710000000000015,-1
19,115,-1,11,6,1.3219999999999992,-1
19,116,1,1,16,0.7710000000000008,1
19,117,-1,14,1,1.1419999999999997,-1
19,118,1,2,9,0.5510000000000019,1
19,119,-1,11,16,0.5109999999999992,1
20,1,-1,14,4,20.119,-1
20,2,1,2,7,17.715000000000003,1
20,3,1,11,5,19.789,-1
20,4,-1,9,13,7.680999999999997,1
20,5,1,12,10,34.209,-1
20,6,1,6,1,20.049,1
20,7,-1,5,2,16.764,-1
20,8,-1,10,1,16.253,-1
20,9,1,1,8,9.574,1
20,10,-1,10,8,31.666000000000004,-1
20,11,-1,4,7,6.600000000000001,1
20,12,1,4,5,25.056000000000004,1
20,13,-1,15,16,11.898000000000003,-1
20,14,1,10,4,0.3900000000000005,-1
20,15,1,12,15,0.3909999999999982,1
20,16,-1,15,14,6.038000000000004,-1
20,17,1,13,11,5.268000000000001,-1
20,18,1,9,5,4.216000000000001,-1
20,19,-1,16,6,5.618000000000002,-1
20,20,-1,12,14,25.507,-1
20,21,-1,8,12,2.503,1
20,22,1,1,2,24.335,-1
20,23,1,11,15,17.955000000000005,1
20,24,-1,15,7,22.763,-1
20,25,-1,13,2,12.438000000000002,-1
20,26,-1,10,11,17.915999999999997,-1
20,27,1,6,13,15.712000000000002,1
20,28,1,13,8,12.076999999999998,-1
20,29,-1,16,13,15.402,-1
20,30,-1,12,11,18.667,-1
20,31,1,6,9,16.284,1
20,32,-1,16,4,10.944999999999997,-1
20,33,1,13,14,26.959000000000003,1
20,34,-1,5,13,18.326,1
20,35,1,3,9,12.928999999999998,1
20,36,1,5,8,7.279999999999994,1
20,37,1,6,12,9.643999999999998,1
20,38,-1,10,15,17.506,1
20,39,-1,11,1,11.146,-1
20,40,-1,16,3,10.654999999999998,-1
20,41,1,5,10,9.994,1
20,42,1,16,12,19.52800000000001,1
20,43,1,13,15,3.215,1
20,44,-1,7,14,7.951,1
20,45,-1,7,8,5.047000000000001,1
20,46,1,2,6,10.896,1
20,47,1,9,10,16.724000000000004,1
20,48,1,6,8,4.726999999999997,1
20,49,1,8,16,7.682,1
20,50,1,5,16,9.844,1
20,51,1,9,11,8.552,1
20,52,-1,14,5,12.427999999999995,-1
20,53,1,3,10,3.395000000000003,1
20,54,-1,4,2,8.893,-1
20,55,1,13,7,11.046000000000006,-1
20,56,1,3,13,15.322,1
20,57,-1,11,3,6.720000000000002,-1
20,58,-1,7,6,4.476999999999997,-1
20,59,1,5,7,1.2520000000000024,-1
20,60,-1,8,9,2.9439999999999955,-1
20,61,-1,1,5,3.2749999999999986,1
20,62,-1,2,11,4.796999999999997,1
20,63,1,3,8,3.756,1
20,64,1,4,1,5.4780000000000015,1
20,65,-1,6,4,3.495,1
20,66,1,3,12,1.0120000000000005,1
20,67,-1,12,5,7.421,-1
20,68,-1,14,2,5.336999999999998,-1
20,69,-1,3,14,6.138999999999999,1
20,70,-1,10,16,3.966000000000001,1
20,71,1,11,8,6.018000000000001,1
20,72,-1,16,14,3.575000000000003,1
20,73,1,3,6,6.689,-1
20,74,-1,10,6,1.152000000000001,-1
20,75,1,3,1,6.107999999999997,1
20,76,-1,14,9,3.2749999999999986,-1
20,77,1,12,7,4.737,-1
20,78,1,14,8,3.875,-1
20,79,1,4,8,8.302,1
20,80,-1,15,8,1.532,-1
20,81,-1,8,2,3.695,-1
20,82,1,16,7,2.5340000000000025,-1
20,83,1,11,7,1.751999999999999,-1
20,84,-1,15,5,3.395000000000003,-1
20,85,1,9,15,4.205999999999996,1
20,86,-1,14,11,9.864000000000004,-1
20,87,-1,7,9,5.1370000000000005,1
20,88,-1,16,9,8.071999999999996,-1
20,89,-1,15,2,5.277000000000001,-1
20,90,-1,7,3,5.226999999999999,-1
20,91,1,14,10,7.401,-1
20,92,-1,16,2,3.174999999999997,-1
20,93,1,4,12,1.2109999999999983,1
20,94,1,15,6,2.433999999999997,-1
20,95,-1,3,4,7.441000000000001,-1
20,96,1,1,9,5.167000000000002,1
20,97,-1,5,3,8.181999999999999,-1
20,98,1,2,12,4.155999999999999,1
20,99,-1,11,4,9.803999999999997,-1
20,100,1,10,13,6.730000000000004,1
20,101,-1,7,1,1.993000000000002,-1
20,102,1,4,9,13.63,1
20,103,-1,14,6,22.713,-1
20,104,-1,3,2,20.66,-1
20,105,-1,15,4,9.664,-1
20,106,1,10,7,18.216,-1
20,107,-1,15,1,1.272000000000002,-1
20,108,1,1,13,9.453999999999995,1
20,109,1,4,13,8.722999999999999,1
20,110,1,13,12,8.762,1
20,111,1,3,15,13.068999999999996,1
20,112,-1,12,1,20.85,-1
20,113,-1,10,2,8.442,-1
20,114,1,9,12,10.354999999999997,1
20,115,1,6,11,13.229,1
20,116,1,1,16,13.97,1
20,117,-1,14,1,8.561999999999998,-1
20,118,-1,9,2,9.854,-1
20,119,-1,16,11,7.019999999999996,-1
