participant,quarter,session,adjustedPumps,nCashed,nBurst,dospertPerception,dospertEthical,dospertFinancial,dospertHealth,dospertRecreational,dospertSocial
40,W2023,1,2.6666666666666665,44,8,20.92857142857143,5.428571428571429,3.5,6.0,3.0,3.0
563,W2023,1,3.0,52,7,18.857142857142858,3.857142857142857,5.833333333333333,4.5,2.0,2.6666666666666665
296,W2023,1,2.25,39,8,27.49047619047619,5.857142857142857,5.333333333333333,5.666666666666667,6.8,3.8333333333333335
175,W2023,1,3.4545454545454546,49,9,24.9,5.0,5.166666666666667,6.5,5.4,2.833333333333333
348,W2023,1,4.090909090909091,56,9,26.185714285714287,5.285714285714286,6.333333333333333,4.833333333333333,6.4,3.333333333333333
564,W2023,1,1.0,34,3,21.73809523809524,5.571428571428571,6.166666666666667,6.0,3.0,1.0
84,W2023,1,3.090909090909091,45,9,24.923809523809528,4.857142857142857,5.666666666666667,5.333333333333333,5.4,3.6666666666666665
554,W2023,1,5.0,30,15,23.57142857142857,5.571428571428571,5.0,5.0,5.0,3.0
217,W2023,1,2.923076923076923,51,7,25.061904761904763,5.428571428571429,5.5,5.666666666666667,3.8,4.666666666666667
392,W2023,1,4.1,51,10,24.61904761904762,5.285714285714286,5.833333333333333,6.333333333333333,4.0,3.1666666666666665
343,W2023,1,3.6666666666666665,42,11,22.895238095238096,4.428571428571429,4.5,5.5,3.8,4.666666666666667
267,W2023,1,6.166666666666667,43,14,19.614285714285717,4.714285714285714,3.6666666666666665,4.5,3.4,3.333333333333333
438,W2023,1,2.6153846153846154,47,7,24.519047619047623,5.285714285714286,5.333333333333333,5.833333333333333,5.4,2.6666666666666665
443,W2023,1,4.0,40,12,28.9,6.0,6.0,6.666666666666667,5.4,4.833333333333333
52,W2023,1,2.833333333333333,46,8,25.79523809523809,5.428571428571429,6.166666666666667,6.333333333333333,4.2,3.6666666666666665
258,W2023,1,3.272727272727273,47,9,26.2,6.0,5.5,6.166666666666667,5.2,3.333333333333333
30,W2023,1,3.8,48,10,26.27142857142857,5.571428571428571,5.333333333333333,6.166666666666667,5.2,4.0
422,W2023,1,2.8461538461538463,50,7,21.704761904761902,5.571428571428571,5.0,5.0,3.8,2.333333333333333
553,W2023,1,2.8461538461538463,50,7,29.52857142857143,5.428571428571429,6.833333333333333,6.333333333333333,6.6,4.333333333333333
66,W2023,1,3.0,44,9,18.890476190476196,4.857142857142857,4.5,4.166666666666667,3.2,2.1666666666666665
486,W2023,1,2.8461538461538463,50,7,25.04285714285714,5.142857142857143,5.5,5.833333333333333,4.4,4.166666666666667
183,W2023,1,3.6666666666666665,42,11,21.880952380952383,4.714285714285714,6.0,4.666666666666667,4.0,2.5
496,W2023,1,3.3,43,10,21.309523809523807,4.142857142857143,3.8333333333333335,5.0,5.0,3.333333333333333
139,W2023,1,2.833333333333333,46,8,24.085714285714285,5.285714285714286,5.666666666666667,4.5,4.8,3.8333333333333335
218,W2023,1,3.4,44,10,17.576190476190476,4.142857142857143,4.166666666666667,4.666666666666667,2.6,2.0
346,W2023,1,2.769230769230769,49,7,25.52857142857143,5.428571428571429,6.166666666666667,5.666666666666667,4.6,3.6666666666666665
565,W2023,1,,0,20,,,,,,
404,W2023,1,2.375,54,4,22.53333333333333,4.0,3.5,5.833333333333333,5.2,4.0
299,W2023,1,3.727272727272727,52,9,22.761904761904763,4.428571428571429,5.0,5.5,4.0,3.8333333333333335
368,W2023,1,3.636363636363636,51,9,26.071428571428573,5.571428571428571,5.833333333333333,5.666666666666667,5.0,4.0
437,W2023,1,2.5384615384615383,46,7,20.985714285714284,4.285714285714286,5.0,4.166666666666667,4.2,3.333333333333333
519,W2023,1,3.1,41,10,25.73809523809524,5.571428571428571,4.666666666666667,6.166666666666667,5.0,4.333333333333333
365,W2023,1,3.083333333333333,49,8,22.20952380952381,5.142857142857143,5.5,5.666666666666667,2.4,3.5
324,W2023,1,3.636363636363636,51,9,25.895238095238096,5.428571428571429,4.166666666666667,6.666666666666667,5.8,3.8333333333333335
388,W2023,1,2.923076923076923,51,7,23.204761904761902,4.571428571428571,4.666666666666667,5.0,4.8,4.166666666666667
247,W2023,1,5.0,30,15,25.46190476190476,5.428571428571429,5.0,5.666666666666667,6.2,3.1666666666666665
68,W2023,1,3.2222222222222223,38,11,26.29047619047619,5.857142857142857,4.666666666666667,6.666666666666667,5.6,3.5
232,W2023,1,3.4545454545454546,49,9,20.95714285714285,4.857142857142857,3.8333333333333335,4.333333333333333,4.6,3.333333333333333
38,W2023,1,3.083333333333333,49,8,28.442857142857143,6.142857142857143,6.0,7.0,5.8,3.5
72,W2023,1,2.75,45,8,23.29523809523809,4.428571428571429,4.166666666666667,6.5,5.2,3.0
364,W2023,1,5.0,48,12,17.980952380952377,3.7142857142857135,3.6666666666666665,4.666666666666667,4.6,1.3333333333333333
172,W2023,1,3.2,42,10,25.914285714285715,5.714285714285714,4.666666666666667,4.666666666666667,5.2,5.666666666666667
177,W2023,1,2.0,39,7,26.176190476190477,6.142857142857143,5.833333333333333,6.5,3.2,4.5
489,W2023,1,2.5,28,12,21.24761904761905,4.714285714285714,4.0,4.666666666666667,5.2,2.6666666666666665
195,W2023,1,3.7,47,10,20.6,5.0,4.5,5.5,3.6,2.0
550,W2023,1,3.5454545454545454,50,9,25.17142857142857,5.571428571428571,5.166666666666667,5.333333333333333,4.6,4.5
555,W2023,1,3.25,51,8,19.88571428571429,5.285714285714286,5.166666666666667,6.0,1.6,1.8333333333333333
230,W2023,1,3.083333333333333,49,8,23.619047619047617,4.285714285714286,5.5,5.833333333333333,6.0,2.0
215,W2023,1,3.272727272727273,47,9,23.8,5.0,5.0,5.0,4.8,4.0
415,W2023,1,3.727272727272727,52,9,24.128571428571423,5.428571428571429,5.333333333333333,5.333333333333333,5.2,2.833333333333333
306,W2023,1,2.5384615384615383,46,7,25.485714285714284,5.285714285714286,5.333333333333333,5.833333333333333,5.2,3.8333333333333335
474,W2023,1,2.6666666666666665,44,8,24.29047619047619,4.857142857142857,4.5,5.333333333333333,5.6,4.0
532,W2023,1,1.8666666666666667,43,5,26.23809523809524,5.571428571428571,6.0,4.833333333333333,5.0,4.833333333333333
511,W2023,1,2.6666666666666665,44,8,25.052380952380947,5.285714285714286,6.0,5.333333333333333,4.6,3.8333333333333335
547,W2023,1,3.25,51,8,23.96190476190476,5.428571428571429,4.666666666666667,5.833333333333333,4.2,3.8333333333333335
109,W2023,1,2.333333333333333,40,8,20.304761904761907,4.571428571428571,4.0,5.166666666666667,4.4,2.1666666666666665
278,W2023,1,2.6,54,5,25.51904761904762,5.285714285714286,5.333333333333333,6.5,5.4,3.0
133,W2023,1,3.333333333333333,52,8,27.414285714285715,5.714285714285714,5.333333333333333,6.166666666666667,6.2,4.0
284,W2023,1,2.9166666666666665,47,8,25.671428571428567,5.571428571428571,5.5,6.166666666666667,4.6,3.8333333333333335
393,W2023,1,3.9,49,10,24.790476190476195,5.857142857142857,4.166666666666667,6.5,5.6,2.6666666666666665
465,W2023,1,3.3076923076923075,56,7,25.51428571428572,6.714285714285714,5.0,6.0,4.8,3.0
503,W2023,1,2.3076923076923075,43,7,24.371428571428574,4.571428571428571,5.166666666666667,5.166666666666667,5.8,3.6666666666666665
21,W2023,1,4.0,40,12,24.366666666666667,5.0,3.8333333333333335,5.5,6.2,3.8333333333333335
205,W2023,1,5.333333333333333,19,17,26.323809523809523,5.857142857142857,5.0,5.333333333333333,4.8,5.333333333333333
353,W2023,1,3.5454545454545454,50,9,22.485714285714284,4.285714285714286,4.5,5.666666666666667,5.2,2.833333333333333
502,W2023,1,3.5,54,8,24.761904761904763,6.428571428571429,4.666666666666667,6.166666666666667,5.0,2.5
108,W2023,1,4.875,47,12,24.585714285714285,5.285714285714286,5.166666666666667,6.5,4.8,2.833333333333333
452,W2023,1,2.357142857142857,47,6,17.180952380952384,4.714285714285714,3.5,3.5,2.8,2.6666666666666665
391,W2023,1,2.833333333333333,46,8,27.03809523809524,5.571428571428571,5.0,6.0,6.8,3.6666666666666665
566,W2023,1,4.4,54,10,24.63809523809524,4.571428571428571,5.5,6.0,5.4,3.1666666666666665
56,W2023,1,2.833333333333333,46,8,24.066666666666663,5.0,5.166666666666667,5.166666666666667,5.4,3.333333333333333
280,W2023,1,5.0,48,12,22.82380952380953,5.857142857142857,4.666666666666667,5.333333333333333,3.8,3.1666666666666665
542,W2023,1,3.0,48,8,22.29523809523809,4.428571428571429,5.333333333333333,5.0,4.2,3.333333333333333
332,W2023,1,2.8,57,5,25.885714285714283,4.285714285714286,5.833333333333333,4.833333333333333,6.6,4.333333333333333
558,W2023,1,3.0,48,8,23.571428571428573,4.571428571428571,3.8333333333333335,6.5,4.0,4.666666666666667
451,W2023,1,2.0,42,6,24.190476190476197,4.857142857142857,4.5,5.666666666666667,5.0,4.166666666666667
238,W2023,1,3.5,45,10,22.97142857142857,5.571428571428571,4.166666666666667,5.166666666666667,4.4,3.6666666666666665
430,W2023,1,3.5,45,10,23.276190476190475,5.142857142857143,4.666666666666667,4.833333333333333,4.8,3.8333333333333335
71,W2023,1,3.8,48,10,25.142857142857142,5.142857142857143,5.5,5.833333333333333,5.0,3.6666666666666665
196,W2023,1,3.25,34,12,26.1047619047619,5.571428571428571,6.5,6.0,4.2,3.8333333333333335
534,W2023,1,3.4615384615384617,58,7,24.17142857142857,5.571428571428571,4.833333333333333,6.666666666666667,3.6,3.5
214,W2023,1,2.230769230769231,42,7,23.566666666666663,5.0,5.0,5.833333333333333,4.4,3.333333333333333
249,W2023,1,2.1666666666666665,38,8,25.03333333333333,6.0,5.333333333333333,6.333333333333333,5.2,2.1666666666666665
525,W2023,1,1.6923076923076923,35,7,19.85238095238095,4.285714285714286,4.5,4.5,4.4,2.1666666666666665
467,W2023,1,3.8181818181818175,53,9,28.28095238095238,5.714285714285714,6.666666666666667,6.666666666666667,6.4,2.833333333333333
77,W2023,1,3.272727272727273,47,9,19.504761904761907,4.571428571428571,4.5,4.333333333333333,3.6,2.5
268,W2023,1,3.076923076923077,53,7,24.057142857142857,5.857142857142857,6.166666666666667,5.5,4.2,2.333333333333333
61,W2023,1,1.4666666666666666,37,5,22.40952380952381,5.142857142857143,4.833333333333333,4.333333333333333,4.6,3.5
62,W2023,1,2.6666666666666665,44,8,25.347619047619048,5.714285714285714,5.5,5.5,4.8,3.8333333333333335
207,W2023,1,2.1875,51,4,19.476190476190474,4.142857142857143,4.333333333333333,4.5,4.0,2.5
567,W2023,1,3.1818181818181817,46,9,26.409523809523808,5.142857142857143,5.666666666666667,5.333333333333333,5.6,4.666666666666667
318,W2023,1,2.4285714285714284,48,6,27.052380952380958,6.285714285714286,5.666666666666667,6.166666666666667,5.6,3.333333333333333
506,W2023,1,2.7333333333333334,56,5,27.25714285714286,4.857142857142857,6.5,6.0,5.4,4.5
206,W2023,1,3.583333333333333,55,8,23.9,5.0,5.666666666666667,6.333333333333333,4.4,2.5
145,W2023,1,4.555555555555555,50,11,15.995238095238095,3.4285714285714284,4.166666666666667,3.6666666666666665,2.4,2.333333333333333
540,W2023,1,3.363636363636364,48,9,28.585714285714285,6.285714285714286,5.666666666666667,6.833333333333333,5.8,4.0
5,W2023,1,3.4444444444444446,40,11,25.89047619047619,5.857142857142857,5.333333333333333,6.0,6.2,2.5
254,W2023,1,2.6153846153846154,47,7,25.57619047619048,5.142857142857143,5.166666666666667,5.5,5.6,4.166666666666667
386,W2023,1,4.75,46,12,27.547619047619047,5.714285714285714,5.333333333333333,6.166666666666667,6.0,4.333333333333333
228,W2023,1,3.6666666666666665,56,8,23.704761904761902,5.571428571428571,4.333333333333333,6.166666666666667,3.8,3.8333333333333335
546,W2023,1,2.4615384615384617,45,7,22.73333333333333,5.0,4.5,5.333333333333333,4.4,3.5
568,W2023,1,4.888888888888889,53,11,23.642857142857142,5.142857142857143,5.833333333333333,4.833333333333333,5.0,2.833333333333333
459,W2023,1,2.066666666666667,46,5,22.366666666666667,5.0,2.5,6.166666666666667,4.2,4.5
491,W2023,1,4.2,52,10,14.41904761904762,3.2857142857142856,3.1666666666666665,3.0,2.8,2.1666666666666665
274,W2023,1,1.6428571428571428,37,6,21.9,5.0,3.8333333333333335,4.833333333333333,4.4,3.8333333333333335
32,W2023,1,3.5454545454545454,50,9,25.990476190476198,5.857142857142857,5.5,5.666666666666667,4.8,4.166666666666667
507,W2023,1,3.636363636363636,51,9,20.395238095238096,4.428571428571429,4.833333333333333,4.333333333333333,3.8,3.0
287,W2023,1,2.6923076923076925,48,7,25.57619047619048,6.142857142857143,5.333333333333333,6.0,3.6,4.5
516,W2023,1,3.636363636363636,51,9,23.685714285714287,5.285714285714286,4.5,5.833333333333333,4.4,3.6666666666666665
275,W2023,1,2.071428571428572,43,6,24.32380952380953,5.857142857142857,4.666666666666667,6.0,4.8,3.0
221,W2023,1,3.555555555555556,41,11,24.4,5.0,5.5,5.0,4.4,4.5
87,W2023,1,3.363636363636364,48,9,25.30952380952381,5.142857142857143,5.166666666666667,6.0,6.0,3.0
30,W2023,2,,0,20,,,,,,
88,W2023,1,3.0,32,12,31.371428571428574,6.571428571428571,6.333333333333333,6.166666666666667,6.8,5.5
265,W2023,1,2.5,49,6,23.119047619047617,5.285714285714286,4.0,5.833333333333333,5.0,3.0
7,W2023,1,2.833333333333333,46,8,24.7,6.0,4.333333333333333,6.0,4.2,4.166666666666667
327,W2023,1,2.083333333333333,37,8,22.414285714285715,4.714285714285714,4.166666666666667,4.666666666666667,4.2,4.666666666666667
83,W2023,1,3.272727272727273,47,9,28.41428571428571,6.714285714285714,5.833333333333333,6.833333333333333,5.2,3.8333333333333335
551,W2023,1,2.4615384615384617,45,7,23.123809523809523,4.857142857142857,5.166666666666667,6.166666666666667,2.6,4.333333333333333
438,W2023,2,3.4545454545454546,49,9,24.6952380952381,5.428571428571429,5.0,6.0,5.6,2.6666666666666665
48,W2023,1,3.6,46,10,22.42857142857143,4.428571428571429,5.5,4.0,4.0,4.5
479,W2023,1,3.272727272727273,47,9,26.819047619047616,6.285714285714286,4.333333333333333,5.666666666666667,5.2,5.333333333333333
340,W2023,1,4.5,55,10,22.87619047619048,5.142857142857143,5.333333333333333,4.333333333333333,4.4,3.6666666666666665
569,W2023,1,2.6666666666666665,44,8,29.385714285714283,6.285714285714286,5.666666666666667,6.5,6.6,4.333333333333333
25,W2023,1,3.909090909090909,54,9,23.94761904761905,4.714285714285714,6.333333333333333,5.333333333333333,4.4,3.1666666666666665
435,W2023,1,2.727272727272727,41,9,22.87619047619048,5.142857142857143,5.0,5.5,5.4,1.8333333333333333
454,W2023,1,3.8181818181818175,53,9,20.890476190476196,4.857142857142857,5.666666666666667,4.0,4.2,2.1666666666666665
101,W2023,1,2.25,26,12,25.36190476190476,5.428571428571429,6.666666666666667,5.666666666666667,4.6,3.0
33,W2023,1,2.230769230769231,42,7,20.38571428571429,4.285714285714286,4.166666666666667,5.0,3.6,3.333333333333333
408,W2023,1,2.923076923076923,51,7,23.61904761904762,4.285714285714286,4.666666666666667,6.0,6.0,2.6666666666666665
380,W2023,1,3.090909090909091,45,9,21.742857142857144,5.142857142857143,4.833333333333333,4.333333333333333,3.6,3.8333333333333335
402,W2023,1,3.8333333333333335,29,14,24.000000000000004,5.0,3.333333333333333,6.5,5.0,4.166666666666667
226,W2023,1,3.3,43,10,22.485714285714288,6.285714285714286,5.833333333333333,4.5,3.2,2.6666666666666665
242,W2023,1,3.363636363636364,48,9,21.49047619047619,4.857142857142857,5.166666666666667,5.833333333333333,2.8,2.833333333333333
544,W2023,1,3.1818181818181817,46,9,22.480952380952377,4.714285714285714,4.333333333333333,4.5,5.6,3.333333333333333
255,W2023,1,1.7142857142857142,38,6,16.547619047619047,4.714285714285714,3.0,4.0,3.0,1.8333333333333333
428,W2023,1,2.1333333333333333,47,5,24.4,6.0,5.666666666666667,6.333333333333333,4.4,2.0
29,W2023,1,3.6666666666666665,56,8,25.80952380952381,6.142857142857143,4.333333333333333,6.333333333333333,6.0,3.0
543,W2023,1,4.0,50,10,21.980952380952385,4.714285714285714,5.666666666666667,4.333333333333333,4.6,2.6666666666666665
337,W2023,1,2.3846153846153846,44,7,30.09523809523809,6.428571428571429,6.666666666666667,6.5,5.0,5.5
201,W2023,1,2.7777777777777777,34,11,23.814285714285717,4.714285714285714,5.0,5.833333333333333,5.6,2.6666666666666665
307,W2023,1,3.0,40,10,24.166666666666668,6.0,4.666666666666667,5.0,5.0,3.5
307,W2023,2,4.1,51,10,23.73333333333333,6.0,4.833333333333333,4.833333333333333,4.4,3.6666666666666665
570,W2023,1,3.333333333333333,39,11,22.204761904761902,4.571428571428571,5.0,4.833333333333333,3.8,4.0
190,W2023,1,4.142857142857143,36,13,21.8,4.0,5.333333333333333,4.333333333333333,3.8,4.333333333333333
510,W2023,1,2.833333333333333,46,8,19.27142857142857,3.571428571428572,3.333333333333333,4.833333333333333,4.2,3.333333333333333
78,W2023,1,3.7,47,10,28.933333333333334,6.0,6.166666666666667,6.5,5.6,4.666666666666667
263,W2023,1,2.9,39,10,25.32857142857143,5.428571428571429,5.666666666666667,6.333333333333333,4.4,3.5
272,W2023,1,4.0,40,12,19.752380952380957,4.285714285714286,5.0,5.166666666666667,2.8,2.5
43,W2023,1,2.3846153846153846,44,7,29.695238095238096,5.428571428571429,6.0,6.666666666666667,6.6,5.0
50,W2023,1,4.375,43,12,24.61904761904762,5.285714285714286,5.333333333333333,6.5,5.0,2.5
301,W2023,1,4.181818181818182,57,9,14.9,3.0,4.666666666666667,2.833333333333333,2.4,2.0
411,W2023,1,4.5,44,12,15.204761904761906,3.571428571428572,2.833333333333333,4.5,1.8,2.5
517,W2023,1,2.769230769230769,49,7,28.047619047619047,5.714285714285714,5.5,6.333333333333333,6.0,4.5
498,W2023,1,4.333333333333333,32,14,19.152380952380952,5.285714285714286,4.333333333333333,5.5,2.2,1.8333333333333333
450,W2023,1,0.8125,29,4,21.11428571428572,3.7142857142857135,4.833333333333333,4.5,5.4,2.6666666666666665
102,W2023,1,3.857142857142857,34,13,25.02380952380953,5.857142857142857,4.0,5.666666666666667,5.0,4.5
31,W2023,1,2.1818181818181817,35,9,22.223809523809525,4.857142857142857,5.166666666666667,4.833333333333333,4.2,3.1666666666666665
508,W2023,1,5.0,30,15,15.714285714285715,3.7142857142857135,2.833333333333333,3.8333333333333335,3.0,2.333333333333333
531,W2023,1,2.066666666666667,46,5,19.23809523809524,3.571428571428572,3.8333333333333335,4.833333333333333,4.0,3.0
524,W2023,1,3.333333333333333,52,8,22.809523809523807,4.142857142857143,5.333333333333333,5.5,5.0,2.833333333333333
483,W2023,1,1.9166666666666667,35,8,23.804761904761904,5.571428571428571,3.6666666666666665,5.166666666666667,5.4,4.0
92,W2023,1,3.4,44,10,26.14761904761905,5.714285714285714,5.333333333333333,5.333333333333333,4.6,5.166666666666667
63,W2023,1,5.0,36,14,28.847619047619048,5.714285714285714,6.833333333333333,6.0,5.8,4.5
79,W2023,1,3.7,47,10,22.46190476190476,4.428571428571429,5.5,4.833333333333333,4.2,3.5
549,W2023,1,3.3,43,10,22.29523809523809,4.428571428571429,4.833333333333333,6.0,4.2,2.833333333333333
367,W2023,1,3.6666666666666665,42,11,19.73809523809524,4.571428571428571,4.666666666666667,4.0,4.0,2.5
419,W2023,1,3.909090909090909,54,9,21.17142857142857,4.571428571428571,4.5,5.333333333333333,3.6,3.1666666666666665
401,W2023,1,4.4,54,10,17.528571428571432,5.428571428571429,3.333333333333333,4.166666666666667,2.6,2.0
117,W2023,1,3.076923076923077,53,7,23.49047619047619,5.857142857142857,4.333333333333333,5.5,3.8,4.0
323,W2023,1,1.7,27,10,20.380952380952383,4.714285714285714,4.0,4.5,4.0,3.1666666666666665
366,W2023,1,2.076923076923077,40,7,27.342857142857145,6.142857142857143,4.666666666666667,6.666666666666667,6.2,3.6666666666666665
309,W2023,1,4.0,45,11,22.71904761904762,5.285714285714286,5.833333333333333,4.333333333333333,4.6,2.6666666666666665
72,W2023,2,,0,20,,,,,,
14,W2023,1,2.833333333333333,46,8,23.97142857142857,5.571428571428571,4.333333333333333,5.666666666666667,4.4,4.0
106,W2023,1,2.333333333333333,40,8,22.9,6.0,4.666666666666667,5.5,3.4,3.333333333333333
295,W2023,1,2.727272727272727,41,9,20.37619047619048,4.142857142857143,4.166666666666667,4.0,3.4,4.666666666666667
58,W2023,1,4.555555555555555,50,11,22.966666666666665,5.0,5.5,4.833333333333333,3.8,3.8333333333333335
251,W2023,1,2.3846153846153846,44,7,29.62857142857143,6.428571428571429,5.5,6.0,6.2,5.5
142,W2023,1,2.6153846153846154,47,7,28.919047619047618,6.285714285714286,6.0,5.833333333333333,5.8,5.0
481,W2023,1,3.6,46,10,22.16190476190476,5.428571428571429,5.166666666666667,4.666666666666667,3.4,3.5
341,W2023,1,3.4444444444444446,40,11,20.57619047619048,4.142857142857143,5.0,4.5,3.6,3.333333333333333
118,W2023,1,3.3,43,10,24.5,5.0,4.833333333333333,5.5,5.0,4.166666666666667
248,W2023,1,3.272727272727273,47,9,22.75238095238095,5.285714285714286,5.0,5.833333333333333,3.8,2.833333333333333
298,W2023,1,3.1818181818181817,46,9,21.58095238095238,4.714285714285714,5.5,4.833333333333333,3.2,3.333333333333333
495,W2023,1,2.833333333333333,46,8,21.585714285714285,4.285714285714286,5.0,5.5,3.8,3.0
472,W2023,1,4.0,45,11,20.80952380952381,5.142857142857143,4.166666666666667,4.833333333333333,4.0,2.6666666666666665
57,W2023,1,2.230769230769231,42,7,25.814285714285717,4.714285714285714,5.833333333333333,6.5,4.6,4.166666666666667
452,W2023,2,,0,20,,,,,,
501,W2023,1,4.0,55,9,27.028571428571432,5.428571428571429,6.0,5.5,5.6,4.5
305,W2023,1,4.625,45,12,21.561904761904763,4.428571428571429,4.833333333333333,4.166666666666667,4.8,3.333333333333333
203,W2023,1,1.7333333333333334,41,5,26.13809523809524,5.571428571428571,5.333333333333333,5.833333333333333,5.4,4.0
548,W2023,1,3.25,34,12,25.290476190476188,4.857142857142857,5.833333333333333,5.666666666666667,5.6,3.333333333333333
326,W2023,1,3.0,44,9,20.38095238095238,4.714285714285714,5.166666666666667,5.5,3.0,2.0
484,W2023,1,3.727272727272727,52,9,23.442857142857143,5.142857142857143,5.333333333333333,4.833333333333333,4.8,3.333333333333333
511,W2023,2,,0,20,,,,,,
345,W2023,1,3.0,52,7,26.88095238095238,5.714285714285714,5.666666666666667,7.0,5.0,3.5
114,W2023,1,2.888888888888889,35,11,18.314285714285717,3.7142857142857135,4.0,4.666666666666667,3.6,2.333333333333333
530,W2023,1,4.0,45,11,23.00952380952381,5.142857142857143,4.5,5.666666666666667,4.2,3.5
561,W2023,1,1.9090909090909087,32,9,23.31428571428572,5.714285714285714,4.5,6.0,4.6,2.5
73,W2023,1,2.3846153846153846,44,7,24.342857142857145,5.142857142857143,4.333333333333333,5.5,4.2,5.166666666666667
53,W2023,1,3.0,40,10,26.47619047619048,6.142857142857143,4.333333333333333,6.833333333333333,6.0,3.1666666666666665
90,W2023,1,3.4444444444444446,40,11,18.06190476190476,5.428571428571429,3.1666666666666665,3.8333333333333335,3.8,1.8333333333333333
571,W2023,1,2.6666666666666665,44,8,20.352380952380955,5.285714285714286,3.333333333333333,5.333333333333333,4.4,2.0
285,W2023,1,4.1,51,10,28.92857142857143,6.428571428571429,6.166666666666667,5.666666666666667,5.0,5.666666666666667
212,W2023,1,3.0,40,10,19.29047619047619,4.857142857142857,4.5,3.8333333333333335,4.6,1.5
93,W2023,1,4.2727272727272725,58,9,23.41904761904762,5.285714285714286,5.333333333333333,4.833333333333333,4.8,3.1666666666666665
104,W2023,1,3.090909090909091,45,9,22.747619047619047,4.714285714285714,5.166666666666667,5.333333333333333,4.2,3.333333333333333
199,W2023,1,2.071428571428572,43,6,25.15714285714286,5.857142857142857,4.666666666666667,6.0,3.8,4.833333333333333
359,W2023,1,3.25,51,8,25.45714285714286,5.857142857142857,4.333333333333333,5.0,5.6,4.666666666666667
179,W2023,1,2.833333333333333,46,8,23.557142857142857,5.857142857142857,4.833333333333333,5.0,4.2,3.6666666666666665
523,W2023,1,3.230769230769231,55,7,24.828571428571436,5.428571428571429,5.666666666666667,6.666666666666667,5.4,1.6666666666666667
18,W2024,1,4.5,8,12,25.804761904761904,5.571428571428571,5.833333333333333,6.0,6.4,2.0
518,W2024,1,3.2,10,10,23.07142857142857,5.571428571428571,4.5,5.166666666666667,4.0,3.8333333333333335
198,W2024,1,4.444444444444445,9,11,22.204761904761902,4.571428571428571,4.5,5.5,4.8,2.833333333333333
245,W2024,1,2.833333333333333,12,8,21.823809523809523,4.857142857142857,4.833333333333333,4.5,4.8,2.833333333333333
441,W2024,1,2.142857142857143,14,6,25.290476190476195,5.857142857142857,4.5,6.666666666666667,4.6,3.6666666666666665
81,W2024,1,3.363636363636364,11,9,24.652380952380952,5.285714285714286,5.166666666666667,5.0,5.2,4.0
147,W2024,1,3.0,14,6,24.585714285714285,4.285714285714286,6.0,4.833333333333333,5.8,3.6666666666666665
131,W2024,1,2.8181818181818183,11,9,21.33333333333333,5.0,4.333333333333333,4.666666666666667,5.0,2.333333333333333
333,W2024,1,2.6153846153846154,13,7,18.87142857142857,4.571428571428571,4.5,4.0,3.8,2.0
562,W2024,1,3.3,10,10,25.809523809523807,5.142857142857143,6.0,4.833333333333333,7.0,2.833333333333333
174,W2024,1,2.8666666666666667,15,5,21.847619047619048,4.714285714285714,5.333333333333333,4.666666666666667,4.8,2.333333333333333
494,W2024,1,2.9166666666666665,12,8,22.47619047619048,5.142857142857143,5.166666666666667,5.5,3.0,3.6666666666666665
222,W2024,1,1.7692307692307692,13,7,21.061904761904763,5.428571428571429,5.0,4.166666666666667,3.8,2.6666666666666665
148,W2024,1,3.25,12,8,19.590476190476192,3.857142857142857,3.0,5.0,5.4,2.333333333333333
116,W2024,1,2.5384615384615383,13,7,22.757142857142856,3.857142857142857,4.833333333333333,4.833333333333333,5.4,3.8333333333333335
22,W2024,1,2.2,15,5,24.904761904761905,5.571428571428571,5.666666666666667,5.5,6.0,2.1666666666666665
395,W2024,1,2.4615384615384617,13,7,21.933333333333334,5.0,4.5,5.0,4.6,2.833333333333333
42,W2024,1,2.142857142857143,14,6,28.485714285714288,5.285714285714286,6.166666666666667,5.666666666666667,6.2,5.166666666666667
339,W2024,1,2.6153846153846154,13,7,28.352380952380955,6.285714285714286,5.833333333333333,5.833333333333333,6.4,4.0
369,W2024,1,3.076923076923077,13,7,26.1,6.0,5.166666666666667,6.5,5.6,2.833333333333333
197,W2024,1,2.071428571428572,14,6,26.642857142857142,6.142857142857143,5.833333333333333,6.166666666666667,5.0,3.5
8,W2024,1,3.875,8,12,22.46666666666667,5.0,5.166666666666667,4.833333333333333,4.8,2.6666666666666665
382,W2024,1,3.076923076923077,13,7,23.914285714285715,4.714285714285714,4.833333333333333,5.5,5.2,3.6666666666666665
137,W2024,1,3.076923076923077,13,7,23.366666666666664,5.0,5.333333333333333,5.0,5.2,2.833333333333333
276,W2024,1,2.727272727272727,11,9,27.128571428571423,5.428571428571429,5.666666666666667,6.333333333333333,6.2,3.5
129,W2024,1,2.6666666666666665,12,8,24.619047619047617,5.285714285714286,4.666666666666667,4.833333333333333,6.0,3.8333333333333335
89,W2024,1,4.166666666666667,6,14,21.419047619047618,5.285714285714286,5.5,4.333333333333333,3.8,2.5
557,W2024,1,3.230769230769231,13,7,16.65714285714286,3.857142857142857,5.0,3.0,2.8,2.0
308,W2024,1,2.9166666666666665,12,8,24.34285714285714,6.142857142857143,5.166666666666667,5.5,4.2,3.333333333333333
46,W2024,1,3.090909090909091,11,9,23.452380952380956,5.285714285714286,4.166666666666667,5.833333333333333,5.0,3.1666666666666665
54,W2024,1,4.2,10,10,21.14761904761905,5.714285714285714,6.0,3.8333333333333335,3.6,2.0
436,W2024,1,2.1818181818181817,11,9,22.785714285714285,5.285714285714286,4.5,4.166666666666667,5.0,3.8333333333333335
15,W2024,1,4.0,10,10,22.69047619047619,4.857142857142857,3.5,5.833333333333333,5.0,3.5
342,W2024,1,3.272727272727273,11,9,22.50952380952381,5.142857142857143,4.666666666666667,5.666666666666667,4.2,2.833333333333333
352,W2024,1,3.5384615384615383,13,7,22.966666666666665,5.0,5.333333333333333,5.333333333333333,3.8,3.5
141,W2024,1,2.0625,16,4,19.54285714285714,5.142857142857143,4.333333333333333,4.833333333333333,3.4,1.8333333333333333
377,W2024,1,4.125,8,12,26.676190476190477,6.142857142857143,5.0,6.333333333333333,5.2,4.0
244,W2024,1,3.7777777777777777,9,11,22.35238095238095,5.285714285714286,5.333333333333333,5.333333333333333,3.4,3.0
20,W2024,1,3.0,11,9,23.761904761904763,5.428571428571429,4.333333333333333,5.833333333333333,4.0,4.166666666666667
390,W2024,1,3.583333333333333,12,8,24.428571428571427,5.428571428571429,3.8333333333333335,4.833333333333333,6.0,4.333333333333333
349,W2024,1,2.4545454545454546,11,9,23.552380952380958,4.285714285714286,4.333333333333333,5.666666666666667,4.6,4.666666666666667
384,W2024,1,4.555555555555555,9,11,23.52857142857143,5.428571428571429,4.833333333333333,5.833333333333333,3.6,3.8333333333333335
357,W2024,1,2.6666666666666665,12,8,21.866666666666667,5.0,5.166666666666667,4.666666666666667,4.2,2.833333333333333
446,W2024,1,4.4,10,10,23.895238095238096,5.428571428571429,4.666666666666667,5.833333333333333,4.8,3.1666666666666665
288,W2024,1,2.4285714285714284,14,6,27.3,6.0,4.333333333333333,6.166666666666667,6.8,4.0
6,W2024,1,3.7,10,10,25.00952380952381,5.142857142857143,4.666666666666667,6.333333333333333,5.2,3.6666666666666665
310,W2024,1,2.357142857142857,14,6,25.880952380952383,5.714285714285714,6.0,5.666666666666667,5.0,3.5
94,W2024,1,2.6666666666666665,12,8,20.87619047619048,4.142857142857143,4.666666666666667,5.0,3.4,3.6666666666666665
556,W2024,1,2.9166666666666665,12,8,20.97619047619048,6.142857142857143,5.833333333333333,5.333333333333333,2.0,1.6666666666666667
462,W2024,1,4.1,10,10,25.79523809523809,5.428571428571429,5.0,5.833333333333333,5.2,4.333333333333333
182,W2024,1,3.363636363636364,11,9,27.328571428571426,5.428571428571429,4.333333333333333,5.833333333333333,6.4,5.333333333333333
180,W2024,1,2.5384615384615383,13,7,27.895238095238096,5.428571428571429,6.166666666666667,6.666666666666667,4.8,4.833333333333333
427,W2024,1,2.7142857142857144,14,6,23.052380952380958,5.285714285714286,4.333333333333333,6.166666666666667,4.6,2.6666666666666665
303,W2024,1,1.0666666666666669,15,5,31.404761904761905,6.571428571428571,6.333333333333333,5.833333333333333,6.0,6.666666666666667
387,W2024,1,2.230769230769231,13,7,21.58571428571429,6.285714285714286,3.6666666666666665,6.166666666666667,3.8,1.6666666666666667
504,W2024,1,2.636363636363636,11,9,22.857142857142858,4.857142857142857,5.166666666666667,5.5,4.0,3.333333333333333
537,W2024,1,2.4545454545454546,11,9,28.814285714285717,5.714285714285714,5.0,6.166666666666667,5.6,6.333333333333333
311,W2024,1,2.6153846153846154,13,7,24.085714285714285,4.285714285714286,5.833333333333333,6.166666666666667,4.8,3.0
34,W2024,1,2.4615384615384617,13,7,22.19047619047619,4.857142857142857,5.166666666666667,4.333333333333333,4.0,3.8333333333333335
536,W2024,1,4.625,8,12,21.433333333333334,5.0,4.166666666666667,5.0,4.6,2.6666666666666665
134,W2024,1,3.4166666666666665,12,8,17.990476190476194,4.857142857142857,3.5,5.166666666666667,2.8,1.6666666666666667
277,W2024,1,2.2666666666666666,15,5,21.704761904761902,5.571428571428571,5.0,4.0,3.8,3.333333333333333
335,W2024,1,3.5,12,8,19.83809523809524,4.571428571428571,3.6666666666666665,4.833333333333333,3.6,3.1666666666666665
319,W2024,1,4.0,11,9,25.9047619047619,5.571428571428571,5.166666666666667,5.833333333333333,5.0,4.333333333333333
99,W2024,1,2.25,12,8,23.16190476190476,4.428571428571429,4.333333333333333,6.333333333333333,4.4,3.6666666666666665
461,W2024,1,3.076923076923077,13,7,27.0,6.0,5.0,5.833333333333333,6.0,4.166666666666667
120,W2024,1,3.0,10,10,23.53809523809524,5.571428571428571,4.833333333333333,5.666666666666667,4.8,2.6666666666666665
399,W2024,1,3.076923076923077,13,7,19.066666666666663,4.0,4.0,4.833333333333333,3.4,2.833333333333333
44,W2024,1,4.666666666666667,9,11,24.076190476190472,5.142857142857143,4.0,6.0,4.6,4.333333333333333
539,W2024,1,4.222222222222222,9,11,23.6,5.0,5.333333333333333,5.166666666666667,4.6,3.5
166,W2024,1,2.857142857142857,14,6,24.87619047619048,5.142857142857143,4.666666666666667,5.5,5.4,4.166666666666667
476,W2024,1,3.4166666666666665,12,8,22.4,5.0,5.0,5.333333333333333,3.4,3.6666666666666665
128,W2024,1,2.3076923076923075,13,7,19.51428571428572,4.714285714285714,5.0,3.8333333333333335,3.8,2.1666666666666665
363,W2024,1,2.833333333333333,12,8,27.652380952380952,5.285714285714286,5.0,6.5,6.2,4.666666666666667
236,W2024,1,1.75,12,8,26.004761904761903,5.571428571428571,5.666666666666667,5.333333333333333,4.6,4.833333333333333
253,W2024,1,2.071428571428572,14,6,25.804761904761904,5.571428571428571,5.666666666666667,6.666666666666667,5.4,2.5
293,W2024,1,2.6666666666666665,12,8,21.63809523809524,4.571428571428571,4.0,5.333333333333333,4.4,3.333333333333333
138,W2024,1,3.857142857142857,7,13,22.666666666666664,5.0,4.333333333333333,5.0,4.0,4.333333333333333
158,W2024,1,2.9,10,10,25.4,5.0,6.0,5.0,5.4,4.0
26,W2024,1,3.071428571428572,14,6,22.152380952380952,4.285714285714286,5.666666666666667,4.166666666666667,4.2,3.8333333333333335
473,W2024,1,2.333333333333333,12,8,26.519047619047623,5.285714285714286,4.5,6.166666666666667,6.4,4.166666666666667
572,W2024,1,,0,20,,,,,,
458,W2024,1,,0,20,,,,,,
186,W2024,1,2.8461538461538463,13,7,25.714285714285715,5.714285714285714,5.166666666666667,5.833333333333333,6.0,3.0
146,W2024,1,3.0,13,7,22.53333333333333,5.0,4.333333333333333,5.666666666666667,4.2,3.333333333333333
192,W2024,1,2.6,10,10,20.78095238095238,5.714285714285714,4.666666666666667,4.833333333333333,3.4,2.1666666666666665
325,W2024,1,4.222222222222222,9,11,22.97619047619048,4.142857142857143,5.0,5.166666666666667,4.0,4.666666666666667
260,W2024,1,2.230769230769231,13,7,22.290476190476188,4.857142857142857,4.5,5.0,4.6,3.333333333333333
341,W2024,2,1.3571428571428572,14,6,21.695238095238093,4.428571428571429,4.666666666666667,4.333333333333333,4.6,3.6666666666666665
526,W2024,1,5.0,8,12,22.880952380952383,4.714285714285714,5.0,3.5,5.0,4.666666666666667
124,W2024,1,3.2,10,10,25.07142857142857,5.571428571428571,5.5,6.0,5.0,3.0
552,W2024,1,2.769230769230769,13,7,20.44761904761905,4.714285714285714,4.833333333333333,4.666666666666667,3.4,2.833333333333333
210,W2024,1,3.4,10,10,23.685714285714287,5.285714285714286,5.666666666666667,4.166666666666667,4.4,4.166666666666667
458,W2024,2,4.75,4,16,27.133333333333336,6.0,5.5,6.166666666666667,4.8,4.666666666666667
302,W2024,1,3.3,10,10,22.495238095238093,5.428571428571429,4.666666666666667,5.5,4.4,2.5
240,W2024,1,2.9166666666666665,12,8,21.46666666666667,5.0,4.666666666666667,4.0,4.8,3.0
492,W2024,1,2.363636363636364,11,9,25.60952380952381,6.142857142857143,5.0,4.666666666666667,5.8,4.0
376,W2024,1,2.3846153846153846,13,7,18.823809523809523,3.857142857142857,3.333333333333333,4.0,4.8,2.833333333333333
317,W2024,1,3.0,12,8,22.314285714285717,4.714285714285714,4.333333333333333,5.5,4.6,3.1666666666666665
485,W2024,1,3.625,8,12,22.46666666666667,5.0,5.5,4.0,3.8,4.166666666666667
379,W2024,1,2.4166666666666665,12,8,23.79523809523809,5.428571428571429,4.833333333333333,5.833333333333333,4.2,3.5
67,W2024,1,1.6,15,5,18.76666666666667,5.0,3.5,5.0,3.6,1.6666666666666667
292,W2024,1,3.083333333333333,12,8,24.090476190476192,5.857142857142857,4.666666666666667,5.333333333333333,4.4,3.8333333333333335
171,W2024,1,2.888888888888889,9,11,24.104761904761904,5.571428571428571,5.0,5.166666666666667,5.2,3.1666666666666665
150,W2024,1,2.5,12,8,25.576190476190472,6.142857142857143,4.5,6.0,4.6,4.333333333333333
204,W2024,1,2.076923076923077,13,7,25.495238095238097,5.428571428571429,4.833333333333333,6.0,6.4,2.833333333333333
500,W2024,1,1.5714285714285714,14,6,28.93809523809524,6.571428571428571,5.833333333333333,5.166666666666667,6.2,5.166666666666667
499,W2024,1,2.3076923076923075,13,7,21.757142857142856,4.857142857142857,5.333333333333333,5.166666666666667,3.4,3.0
300,W2024,1,2.8,10,10,22.690476190476197,4.857142857142857,4.666666666666667,5.5,5.0,2.6666666666666665
522,W2024,1,3.5,12,8,25.919047619047618,5.285714285714286,6.0,6.0,4.8,3.8333333333333335
127,W2024,1,4.0,7,13,21.73809523809524,4.571428571428571,4.166666666666667,5.666666666666667,5.0,2.333333333333333
187,W2024,1,3.9,10,10,23.87619047619048,5.142857142857143,6.0,4.0,4.4,4.333333333333333
55,W2024,1,3.083333333333333,12,8,23.480952380952377,4.714285714285714,4.666666666666667,4.166666666666667,4.6,5.333333333333333
541,W2024,1,3.555555555555556,9,11,25.88095238095238,5.714285714285714,5.166666666666667,6.5,5.0,3.5
538,W2024,1,4.0,5,15,18.142857142857142,4.142857142857143,2.333333333333333,5.0,4.0,2.6666666666666665
455,W2024,1,2.636363636363636,11,9,24.97142857142857,5.571428571428571,5.333333333333333,5.166666666666667,4.4,4.5
313,W2024,1,2.769230769230769,13,7,25.080952380952382,4.714285714285714,4.5,6.166666666666667,5.2,4.5
482,W2024,1,2.466666666666667,15,5,19.64761904761905,4.714285714285714,3.6666666666666665,5.166666666666667,3.6,2.5
75,W2024,1,5.0,4,16,26.861904761904764,6.428571428571429,5.333333333333333,6.666666666666667,4.6,3.8333333333333335
91,W2024,1,2.75,12,8,15.48095238095238,3.7142857142857135,3.5,3.333333333333333,2.6,2.333333333333333
19,W2024,1,2.6923076923076925,13,7,23.17142857142857,4.571428571428571,4.333333333333333,5.166666666666667,5.6,3.5
59,W2024,1,4.1,10,10,25.45714285714286,4.857142857142857,6.0,6.666666666666667,4.6,3.333333333333333
231,W2024,1,2.333333333333333,12,8,22.952380952380956,5.285714285714286,3.8333333333333335,4.666666666666667,5.0,4.166666666666667
216,W2024,1,2.6666666666666665,9,11,23.042857142857144,5.142857142857143,4.333333333333333,6.0,4.4,3.1666666666666665
23,W2024,1,4.666666666666667,6,14,23.88571428571429,5.285714285714286,5.666666666666667,5.333333333333333,4.6,3.0
219,W2024,1,2.090909090909091,11,9,24.928571428571427,5.428571428571429,5.0,5.166666666666667,5.0,4.333333333333333
213,W2024,1,2.5,14,6,23.452380952380956,5.285714285714286,4.833333333333333,5.5,4.0,3.8333333333333335
70,W2024,1,3.0,10,10,20.428571428571427,4.428571428571429,4.0,5.166666666666667,4.0,2.833333333333333
157,W2024,1,2.333333333333333,12,8,20.72857142857143,4.428571428571429,4.833333333333333,4.666666666666667,3.8,3.0
281,W2024,1,4.833333333333333,6,14,25.00952380952381,5.142857142857143,4.833333333333333,5.666666666666667,5.2,4.166666666666667
344,W2024,1,2.363636363636364,11,9,21.819047619047616,5.285714285714286,5.0,5.5,3.2,2.833333333333333
434,W2024,1,3.7,10,10,26.047619047619047,5.714285714285714,5.5,6.5,6.0,2.333333333333333
153,W2024,1,0.0526315789473684,19,1,23.128571428571423,4.428571428571429,6.0,5.666666666666667,4.2,2.833333333333333
475,W2024,1,2.923076923076923,13,7,22.704761904761902,4.571428571428571,4.5,4.833333333333333,4.8,4.0
223,W2024,1,3.1666666666666665,12,8,16.547619047619047,3.7142857142857135,2.1666666666666665,4.0,4.0,2.6666666666666665
76,W2024,1,3.333333333333333,12,8,23.728571428571428,6.428571428571429,3.8333333333333335,5.833333333333333,4.8,2.833333333333333
350,W2024,1,2.357142857142857,14,6,22.323809523809523,4.857142857142857,4.666666666666667,4.666666666666667,4.8,3.333333333333333
45,W2024,1,3.7,10,10,25.75714285714286,5.857142857142857,5.166666666666667,5.833333333333333,5.4,3.5
169,W2024,1,2.5,12,8,27.304761904761904,5.571428571428571,5.666666666666667,6.666666666666667,5.4,4.0
69,W2024,1,3.6666666666666665,9,11,19.39047619047619,5.857142857142857,3.1666666666666665,4.166666666666667,4.2,2.0
297,W2024,1,3.6,10,10,28.685714285714287,6.285714285714286,6.333333333333333,6.5,5.4,4.166666666666667
528,W2024,1,3.8333333333333335,12,8,24.361904761904764,5.428571428571429,3.333333333333333,5.666666666666667,5.6,4.333333333333333
442,W2024,1,3.888888888888889,9,11,20.804761904761904,4.571428571428571,5.0,3.333333333333333,4.4,3.5
112,W2024,1,2.8,10,10,21.728571428571428,4.428571428571429,4.666666666666667,4.333333333333333,5.8,2.5
189,W2024,1,2.357142857142857,14,6,26.21904761904762,6.285714285714286,4.666666666666667,6.333333333333333,4.6,4.333333333333333
536,W2024,2,4.0,10,10,22.23333333333333,5.0,5.0,5.0,4.4,2.833333333333333
65,W2024,1,3.0,14,6,23.366666666666667,4.0,5.666666666666667,4.5,5.2,4.0
338,W2024,1,2.833333333333333,12,8,25.285714285714285,5.285714285714286,5.333333333333333,5.833333333333333,6.0,2.833333333333333
478,W2024,1,4.5,8,12,25.847619047619048,5.714285714285714,5.666666666666667,6.166666666666667,5.8,2.5
376,W2024,2,2.230769230769231,13,7,19.976190476190474,4.142857142857143,3.6666666666666665,4.333333333333333,5.0,2.833333333333333
121,W2024,1,3.727272727272727,11,9,24.504761904761907,5.571428571428571,3.8333333333333335,6.5,6.6,2.0
81,W2024,2,3.0,14,6,20.080952380952382,3.7142857142857135,3.8333333333333335,4.666666666666667,4.2,3.6666666666666665
10,W2024,1,2.1333333333333333,15,5,25.47142857142857,5.571428571428571,5.0,6.333333333333333,5.4,3.1666666666666665
37,W2024,1,3.5,6,14,20.91904761904762,5.285714285714286,2.6666666666666665,4.666666666666667,3.8,4.5
487,W2024,1,1.2222222222222223,9,11,26.457142857142856,5.857142857142857,5.666666666666667,5.833333333333333,5.6,3.5
115,W2024,1,1.9285714285714288,14,6,22.02380952380953,4.857142857142857,4.833333333333333,3.8333333333333335,5.0,3.5
113,W2024,1,2.75,8,12,24.71428571428571,4.714285714285714,6.666666666666667,6.0,5.0,2.333333333333333
573,W2024,1,,0,20,,,,,,
460,W2024,1,3.4615384615384617,13,7,21.76666666666667,5.0,4.5,5.5,4.6,2.1666666666666665
86,W2024,1,5.714285714285714,7,13,22.38571428571429,5.285714285714286,5.0,5.333333333333333,3.6,3.1666666666666665
358,W2024,1,3.090909090909091,11,9,8.152380952380952,1.2857142857142858,1.6666666666666667,1.3333333333333333,1.2,2.6666666666666665
385,W2024,1,3.272727272727273,11,9,28.352380952380955,6.285714285714286,6.0,6.666666666666667,5.4,4.0
282,W2024,1,2.4615384615384617,13,7,25.704761904761902,5.571428571428571,4.833333333333333,6.166666666666667,5.8,3.333333333333333
256,W2024,1,3.6,10,10,23.59523809523809,5.428571428571429,4.833333333333333,6.5,4.0,2.833333333333333
374,W2024,1,3.333333333333333,12,8,23.82380952380953,5.857142857142857,5.0,5.166666666666667,3.8,4.0
264,W2024,1,3.6666666666666665,6,14,22.47142857142857,4.571428571428571,5.0,5.333333333333333,4.4,3.1666666666666665
314,W2024,1,3.9,10,10,21.190476190476197,4.857142857142857,4.666666666666667,4.0,5.0,2.6666666666666665
421,W2024,1,0.4705882352941176,17,3,23.328571428571426,4.428571428571429,4.833333333333333,5.333333333333333,5.4,3.333333333333333
152,W2024,1,2.230769230769231,13,7,25.633333333333333,6.0,5.5,6.0,4.8,3.333333333333333
360,W2024,1,2.5,12,8,22.952380952380956,5.285714285714286,4.833333333333333,4.833333333333333,4.0,4.0
100,W2024,1,1.6,15,5,22.161904761904765,5.428571428571429,4.833333333333333,4.5,4.4,3.0
520,W2024,1,2.5,12,8,23.066666666666663,5.0,4.833333333333333,5.333333333333333,4.4,3.5
424,W2024,1,4.2,10,10,21.32857142857143,5.428571428571429,4.333333333333333,5.5,3.4,2.6666666666666665
41,W2024,1,2.909090909090909,11,9,26.43809523809524,4.571428571428571,4.833333333333333,6.5,6.2,4.333333333333333
480,W2024,1,3.0,10,10,23.747619047619047,5.714285714285714,6.0,5.333333333333333,4.2,2.5
140,W2024,1,2.1333333333333333,15,5,26.185714285714287,6.285714285714286,5.166666666666667,5.5,5.4,3.8333333333333335
170,W2024,1,1.2666666666666666,15,5,22.79047619047619,4.857142857142857,4.0,5.833333333333333,3.6,4.5
316,W2024,1,3.0,11,9,24.07619047619048,5.142857142857143,4.333333333333333,5.5,4.6,4.5
233,F2025,1,3.3,10,10,18.152380952380952,3.2857142857142856,3.333333333333333,4.333333333333333,2.2,5.0
289,F2025,1,2.066666666666667,15,5,17.21904761904762,2.2857142857142856,2.333333333333333,3.8333333333333335,4.6,4.166666666666667
164,F2025,1,3.1818181818181817,11,9,20.904761904761905,4.571428571428571,4.0,5.333333333333333,4.0,3.0
362,F2025,1,3.25,12,8,24.642857142857142,5.142857142857143,5.833333333333333,4.333333333333333,5.0,4.333333333333333
466,F2025,1,4.0,10,10,20.3,4.0,2.6666666666666665,4.166666666666667,4.8,4.666666666666667
527,F2025,1,3.0,10,10,13.585714285714284,2.2857142857142856,1.6666666666666667,1.1666666666666667,4.8,3.6666666666666665
559,F2025,1,2.6923076923076925,13,7,25.642857142857142,6.142857142857143,5.666666666666667,4.333333333333333,6.0,3.5
533,F2025,1,3.8181818181818175,11,9,16.7,3.0,2.333333333333333,4.166666666666667,2.2,5.0
98,F2025,1,3.363636363636364,11,9,14.76190476190476,3.4285714285714284,2.1666666666666665,2.6666666666666665,2.0,4.5
418,F2025,1,3.1,10,10,13.057142857142855,2.857142857142857,1.0,3.6666666666666665,1.2,4.333333333333333
370,F2025,1,3.1,10,10,14.885714285714286,1.2857142857142858,2.1666666666666665,3.333333333333333,4.6,3.5
354,F2025,1,3.272727272727273,11,9,27.780952380952375,5.714285714285714,5.166666666666667,7.0,5.4,4.5
513,F2025,1,2.4545454545454546,11,9,13.847619047619048,2.7142857142857144,1.6666666666666667,3.0,1.8,4.666666666666667
413,F2025,1,2.909090909090909,11,9,13.219047619047618,2.2857142857142856,2.6666666666666665,2.1666666666666665,1.6,4.5
96,F2025,1,2.357142857142857,14,6,13.719047619047618,2.2857142857142856,1.6666666666666667,3.0,2.6,4.166666666666667
407,F2025,1,4.5,6,14,15.442857142857145,2.142857142857143,3.1666666666666665,2.1666666666666665,2.8,5.166666666666667
444,F2025,1,2.833333333333333,12,8,18.047619047619047,1.7142857142857142,3.333333333333333,3.1666666666666665,5.0,4.833333333333333
4,F2025,1,4.181818181818182,11,9,12.266666666666667,3.0,2.5,1.8333333333333333,1.6,3.333333333333333
51,F2025,1,2.727272727272727,11,9,23.37142857142857,5.571428571428571,4.166666666666667,5.833333333333333,5.8,2.0
412,F2025,1,2.6153846153846154,13,7,22.919047619047618,4.285714285714286,4.5,4.833333333333333,4.8,4.5
105,F2025,1,4.25,8,12,10.876190476190477,2.142857142857143,1.0,2.1666666666666665,1.4,4.166666666666667
165,F2025,1,3.3846153846153846,13,7,13.533333333333337,2.0,3.333333333333333,1.6666666666666667,3.2,3.333333333333333
39,F2025,1,3.0,13,7,12.04285714285714,2.142857142857143,1.8333333333333333,1.8333333333333333,1.4,4.833333333333333
429,F2025,1,2.636363636363636,11,9,15.038095238095238,2.571428571428572,1.5,2.5,3.8,4.666666666666667
477,F2025,1,3.0,12,8,19.02857142857143,2.4285714285714284,3.333333333333333,2.6666666666666665,4.6,6.0
181,F2025,1,2.8,10,10,13.266666666666666,2.0,2.0,2.0,2.6,4.666666666666667
521,F2025,1,2.7857142857142856,14,6,12.77142857142857,1.5714285714285714,1.1666666666666667,1.6666666666666667,5.2,3.1666666666666665
456,F2025,1,2.8461538461538463,13,7,9.176190476190476,1.1428571428571428,1.8333333333333333,1.0,1.2,4.0
361,F2025,1,2.363636363636364,11,9,14.647619047619049,2.7142857142857144,3.5,2.1666666666666665,2.6,3.6666666666666665
241,F2025,1,3.0,11,9,13.623809523809523,2.857142857142857,3.1666666666666665,2.6666666666666665,1.6,3.333333333333333
188,F2025,1,3.0,11,9,18.714285714285715,2.7142857142857144,2.833333333333333,3.333333333333333,6.0,3.8333333333333335
286,F2025,1,4.75,8,12,14.814285714285717,2.7142857142857144,3.0,3.5,1.6,4.0
470,F2025,1,4.2,10,10,15.614285714285714,2.7142857142857144,2.333333333333333,3.5,3.4,3.6666666666666665
16,F2025,1,3.636363636363636,11,9,14.647619047619049,1.7142857142857142,2.1666666666666665,2.5,2.6,5.666666666666667
355,F2025,1,4.1,10,10,13.033333333333331,2.0,2.5,1.8333333333333333,2.2,4.5
257,F2025,1,3.230769230769231,13,7,14.647619047619049,2.7142857142857144,2.0,2.833333333333333,3.6,3.5
334,F2025,1,1.6875,16,4,17.77142857142857,2.571428571428572,3.5,3.6666666666666665,3.2,4.833333333333333
409,F2025,1,3.6,10,10,11.952380952380953,2.2857142857142856,2.0,1.5,2.0,4.166666666666667
469,F2025,1,2.75,12,8,14.80952380952381,2.142857142857143,2.5,2.833333333333333,3.0,4.333333333333333
132,F2025,1,3.5,10,10,9.966666666666669,2.0,1.6666666666666667,1.3333333333333333,1.8,3.1666666666666665
406,F2025,1,4.833333333333333,6,14,11.38095238095238,1.7142857142857142,2.333333333333333,2.1666666666666665,1.0,4.166666666666667
155,F2025,1,4.0,8,12,12.5,2.0,1.5,3.0,2.0,4.0
262,F2025,1,3.363636363636364,11,9,10.728571428571428,1.4285714285714286,1.1666666666666667,2.333333333333333,1.8,4.0
125,F2025,1,2.333333333333333,12,8,11.971428571428572,2.571428571428572,1.5,2.333333333333333,3.4,2.1666666666666665
229,F2025,1,2.8181818181818183,11,9,10.852380952380951,1.2857142857142858,2.1666666666666665,1.5,2.4,3.5
381,F2025,1,4.111111111111111,9,11,11.790476190476191,1.8571428571428568,2.6666666666666665,1.3333333333333333,1.6,4.333333333333333
163,F2025,1,3.571428571428572,7,13,14.676190476190476,2.142857142857143,1.3333333333333333,1.6666666666666667,5.2,4.333333333333333
60,F2025,1,3.0,12,8,17.29047619047619,1.8571428571428568,2.833333333333333,4.333333333333333,3.6,4.666666666666667
439,F2025,1,1.125,16,4,9.142857142857142,1.1428571428571428,1.3333333333333333,1.1666666666666667,2.0,3.5
202,F2025,1,4.0,9,11,12.523809523809524,1.8571428571428568,2.6666666666666665,2.1666666666666665,2.0,3.8333333333333335
320,F2025,1,3.727272727272727,11,9,12.03809523809524,2.571428571428572,1.3333333333333333,2.5,1.8,3.8333333333333335
119,F2025,1,2.6666666666666665,12,8,16.233333333333334,3.0,2.833333333333333,2.833333333333333,3.4,4.166666666666667
371,F2025,1,2.9,10,10,13.352380952380951,1.2857142857142858,3.6666666666666665,1.3333333333333333,2.4,4.666666666666667
273,F2025,1,3.363636363636364,11,9,16.061904761904763,1.4285714285714286,2.5,2.833333333333333,4.8,4.5
234,F2025,1,3.363636363636364,11,9,13.642857142857142,2.142857142857143,1.6666666666666667,2.333333333333333,2.0,5.5
398,F2025,1,3.0,12,8,13.271428571428572,1.5714285714285714,2.333333333333333,1.5,3.2,4.666666666666667
49,F2025,1,3.583333333333333,12,8,10.571428571428571,1.5714285714285714,2.1666666666666665,2.1666666666666665,2.0,2.6666666666666665
405,F2025,1,1.4,15,5,19.323809523809523,2.857142857142857,6.0,2.833333333333333,3.8,3.8333333333333335
410,F2025,1,3.909090909090909,11,9,18.6,3.0,2.6666666666666665,2.833333333333333,4.6,5.5
420,F2025,1,3.0,12,8,11.852380952380951,2.2857142857142856,2.1666666666666665,1.8333333333333333,1.4,4.166666666666667
445,F2025,1,4.571428571428571,7,13,21.4,3.0,4.833333333333333,3.0,5.4,5.166666666666667
194,F2025,1,4.428571428571429,7,13,10.238095238095235,1.5714285714285714,1.3333333333333333,2.333333333333333,1.0,4.0
330,F2025,1,3.333333333333333,12,8,15.442857142857145,2.142857142857143,2.333333333333333,2.5,2.8,5.666666666666667
266,F2025,1,3.7,10,10,15.866666666666667,3.0,3.6666666666666665,1.8333333333333333,3.2,4.166666666666667
448,F2025,1,1.8461538461538465,13,7,9.51904761904762,1.2857142857142858,2.0,1.3333333333333333,1.4,3.5
130,F2025,1,1.8666666666666667,15,5,13.538095238095238,1.5714285714285714,1.1666666666666667,2.0,3.8,5.0
11,F2025,1,3.1818181818181817,11,9,11.271428571428572,1.5714285714285714,2.333333333333333,2.0,1.2,4.166666666666667
80,F2025,1,1.7857142857142858,14,6,12.423809523809524,1.8571428571428568,1.6666666666666667,3.5,1.4,4.0
515,F2025,1,3.272727272727273,11,9,10.461904761904762,2.4285714285714284,1.8333333333333333,1.3333333333333333,2.2,2.6666666666666665
3,F2025,1,3.111111111111111,9,11,17.63809523809524,1.5714285714285714,3.6666666666666665,3.0,5.4,4.0
151,F2025,1,3.25,12,8,14.01904761904762,2.2857142857142856,1.3333333333333333,1.8333333333333333,4.4,4.166666666666667
351,F2025,1,3.0,10,10,17.538095238095238,2.571428571428572,3.0,4.333333333333333,2.8,4.833333333333333
389,F2025,1,2.8461538461538463,13,7,17.37142857142857,2.571428571428572,2.1666666666666665,3.8333333333333335,4.8,4.0
512,F2025,1,2.9,10,10,14.909523809523808,2.142857142857143,2.333333333333333,3.1666666666666665,2.6,4.666666666666667
239,F2025,1,3.2,10,10,9.552380952380952,1.2857142857142858,1.8333333333333333,1.6666666666666667,1.6,3.1666666666666665
208,F2025,1,3.6666666666666665,9,11,13.176190476190476,2.142857142857143,3.1666666666666665,2.1666666666666665,1.2,4.5
433,F2025,1,2.076923076923077,13,7,11.08095238095238,1.7142857142857142,3.0,2.1666666666666665,1.2,3.0
315,F2025,1,5.5,4,16,10.866666666666667,2.0,2.5,1.8333333333333333,1.2,3.333333333333333
122,F2025,1,4.0,11,9,14.071428571428571,1.5714285714285714,1.3333333333333333,2.6666666666666665,3.0,5.5
432,F2025,1,2.4,10,10,18.200000000000003,2.0,1.5,3.333333333333333,6.2,5.166666666666667
440,F2025,1,2.75,8,12,17.776190476190475,2.142857142857143,5.166666666666667,2.333333333333333,2.8,5.333333333333333
396,F2025,1,3.5454545454545454,11,9,17.404761904761905,1.5714285714285714,3.8333333333333335,1.8333333333333333,4.0,6.166666666666667
24,F2025,1,3.3,10,10,16.538095238095238,1.5714285714285714,2.5,3.1666666666666665,4.8,4.5
505,F2025,1,3.090909090909091,11,9,9.238095238095235,1.5714285714285714,1.6666666666666667,1.3333333333333333,1.0,3.6666666666666665
123,F2025,1,3.2,10,10,18.319047619047616,2.2857142857142856,2.5,3.5,5.2,4.833333333333333
156,F2025,1,3.25,12,8,16.152380952380952,3.2857142857142856,2.6666666666666665,2.5,4.2,3.5
431,F2025,1,4.571428571428571,7,13,15.476190476190478,3.142857142857143,2.833333333333333,1.3333333333333333,3.0,5.166666666666667
488,F2025,1,3.272727272727273,11,9,12.066666666666666,2.0,2.0,1.8333333333333333,2.4,3.8333333333333335
9,F2025,1,1.9333333333333331,15,5,11.204761904761906,1.5714285714285714,1.3333333333333333,1.3333333333333333,1.8,5.166666666666667
13,F2025,1,2.4285714285714284,14,6,21.085714285714285,3.2857142857142856,4.166666666666667,6.0,2.8,4.833333333333333
426,F2025,1,5.428571428571429,7,13,13.719047619047618,1.2857142857142858,2.1666666666666665,2.833333333333333,1.6,5.833333333333333
176,F2025,1,3.8181818181818175,11,9,19.423809523809524,1.8571428571428568,1.6666666666666667,4.0,5.4,6.5
279,F2025,1,3.571428571428572,7,13,17.142857142857142,2.142857142857143,2.833333333333333,2.5,5.0,4.666666666666667
237,F2025,1,3.363636363636364,11,9,11.747619047619049,2.7142857142857144,1.8333333333333333,2.1666666666666665,1.2,3.8333333333333335
383,F2025,1,2.75,12,8,15.076190476190476,2.142857142857143,1.8333333333333333,3.1666666666666665,3.6,4.333333333333333
235,F2025,1,3.0,13,7,13.290476190476191,1.8571428571428568,1.5,2.333333333333333,3.6,4.0
209,F2025,1,3.0,13,7,21.623809523809523,2.857142857142857,3.8333333333333335,3.5,5.6,5.833333333333333
193,F2025,1,3.076923076923077,13,7,15.5,3.0,2.6666666666666665,3.5,3.0,3.333333333333333
111,F2025,1,4.111111111111111,9,11,18.29047619047619,2.857142857142857,3.5,2.1666666666666665,4.6,5.166666666666667
545,F2025,1,3.083333333333333,12,8,14.776190476190475,2.142857142857143,3.0,1.8333333333333333,2.8,5.0
95,F2025,1,1.4375,16,4,16.795238095238094,3.4285714285714284,3.6666666666666665,2.0,2.2,5.5
36,F2025,1,2.333333333333333,12,8,17.152380952380952,2.2857142857142856,2.5,3.8333333333333335,4.2,4.333333333333333
471,F2025,1,3.272727272727273,11,9,21.142857142857142,3.142857142857143,4.166666666666667,3.6666666666666665,5.0,5.166666666666667
270,F2025,1,4.0,7,13,16.985714285714284,2.2857142857142856,3.333333333333333,3.333333333333333,3.2,4.833333333333333
173,F2025,1,3.2222222222222223,9,11,14.723809523809525,1.8571428571428568,2.0,3.0,3.2,4.666666666666667
347,F2025,1,3.4545454545454546,11,9,14.18095238095238,1.7142857142857142,1.8333333333333333,1.8333333333333333,3.8,5.0
103,F2025,1,3.875,8,12,21.57619047619048,3.142857142857143,2.5,5.333333333333333,4.6,6.0
178,F2025,1,3.5454545454545454,11,9,14.99047619047619,2.857142857142857,3.1666666666666665,2.0,2.8,4.166666666666667
159,F2025,1,1.75,8,12,14.54285714285714,3.142857142857143,1.6666666666666667,1.5,2.4,5.833333333333333
2,F2025,1,1.5384615384615383,13,7,15.666666666666668,3.0,2.0,2.833333333333333,4.0,3.8333333333333335
400,F2025,1,3.1,10,10,15.142857142857142,2.142857142857143,2.5,1.8333333333333333,4.0,4.666666666666667
64,F2025,1,2.769230769230769,13,7,16.404761904761905,2.571428571428572,3.6666666666666665,3.0,3.0,4.166666666666667
493,F2025,1,4.125,8,12,16.21904761904762,2.2857142857142856,3.6666666666666665,1.5,4.6,4.166666666666667
331,F2025,1,3.083333333333333,12,8,13.090476190476192,1.8571428571428568,2.833333333333333,2.6666666666666665,2.4,3.333333333333333
191,F2025,1,2.7142857142857144,14,6,17.385714285714286,3.2857142857142856,4.5,2.6666666666666665,2.6,4.333333333333333
185,F2025,1,4.0,10,10,14.885714285714286,2.2857142857142856,2.5,3.0,2.6,4.5
397,F2025,1,3.25,8,12,18.466666666666665,4.0,3.333333333333333,4.5,2.8,3.8333333333333335
144,F2025,1,4.2,10,10,13.938095238095237,1.5714285714285714,3.1666666666666665,1.6666666666666667,2.2,5.333333333333333
154,F2025,1,2.1666666666666665,12,8,17.738095238095237,3.571428571428572,3.0,4.0,4.0,3.1666666666666665
375,F2025,1,3.6666666666666665,12,8,10.733333333333334,1.0,1.6666666666666667,1.5,2.4,4.166666666666667
162,F2025,1,3.4285714285714284,7,13,13.780952380952382,2.7142857142857144,1.5,3.0,1.4,5.166666666666667
304,F2025,1,2.909090909090909,11,9,20.17619047619048,2.142857142857143,4.666666666666667,2.833333333333333,5.2,5.333333333333333
271,F2025,1,3.0,13,7,7.976190476190476,1.1428571428571428,1.6666666666666667,1.0,1.0,3.1666666666666665
35,F2025,1,3.3,10,10,9.314285714285711,1.7142857142857142,1.6666666666666667,1.1666666666666667,1.6,3.1666666666666665
336,F2025,1,3.625,8,12,21.552380952380958,3.2857142857142856,2.5,4.5,6.6,4.666666666666667
328,F2025,1,4.571428571428571,7,13,16.266666666666666,2.0,2.1666666666666665,5.166666666666667,1.6,5.333333333333333
414,F2025,1,3.8181818181818175,11,9,14.047619047619047,1.7142857142857142,3.0,2.6666666666666665,3.0,3.6666666666666665
529,F2025,1,4.625,8,12,12.852380952380951,1.2857142857142858,1.0,3.0,2.4,5.166666666666667
417,F2025,1,4.444444444444445,9,11,22.46190476190476,3.4285714285714284,5.0,3.6666666666666665,5.2,5.166666666666667
453,F2025,1,1.0769230769230769,13,7,17.914285714285715,2.7142857142857144,3.5,3.333333333333333,3.2,5.166666666666667
529,F2025,2,3.8181818181818175,11,9,12.0,1.0,1.0,3.5,1.0,5.5
463,F2025,1,3.4545454545454546,11,9,15.738095238095235,2.571428571428572,1.1666666666666667,3.5,3.0,5.5
250,F2025,1,2.8461538461538463,13,7,14.123809523809523,2.857142857142857,2.0,2.1666666666666665,2.6,4.5
47,F2025,1,4.142857142857143,7,13,18.08095238095238,3.7142857142857135,2.6666666666666665,3.1666666666666665,3.2,5.333333333333333
243,F2025,1,4.111111111111111,9,11,23.17142857142857,4.571428571428571,2.833333333333333,5.0,5.6,5.166666666666667
143,F2025,1,1.2857142857142858,14,6,11.9,1.0,4.0,2.333333333333333,1.4,3.1666666666666665
497,F2025,1,2.9,10,10,12.71904761904762,2.2857142857142856,1.1666666666666667,2.833333333333333,2.6,3.8333333333333335
200,F2025,1,2.769230769230769,13,7,9.566666666666666,1.0,1.0,1.0,2.4,4.166666666666667
136,F2025,1,3.0,13,7,17.29047619047619,1.8571428571428568,3.333333333333333,3.0,4.6,4.5
167,F2025,1,2.727272727272727,11,9,16.266666666666666,2.0,2.5,2.6666666666666665,4.6,4.5
321,F2025,1,3.5454545454545454,11,9,15.32857142857143,2.4285714285714284,2.6666666666666665,2.1666666666666665,3.4,4.666666666666667
135,F2025,1,3.9,10,10,19.042857142857144,3.142857142857143,5.166666666666667,2.833333333333333,3.4,4.5
107,F2025,1,3.8,10,10,14.400000000000002,2.0,2.833333333333333,3.0,2.4,4.166666666666667
82,F2025,1,4.444444444444445,9,11,18.585714285714285,2.2857142857142856,4.166666666666667,2.5,4.8,4.833333333333333
447,F2025,1,2.5384615384615383,13,7,16.36190476190476,1.4285714285714286,2.5,3.0,3.6,5.833333333333333
291,F2025,1,2.0,15,5,14.533333333333331,3.0,2.5,2.0,3.2,3.8333333333333335
28,F2025,1,1.8333333333333333,12,8,16.63809523809524,3.571428571428572,2.333333333333333,2.6666666666666665,3.4,4.666666666666667
373,F2025,1,4.285714285714286,7,13,16.81904761904762,2.2857142857142856,2.333333333333333,3.0,4.2,5.0
394,F2025,1,2.583333333333333,12,8,13.947619047619048,1.7142857142857142,2.5,2.333333333333333,3.4,4.0
149,F2025,1,3.083333333333333,12,8,14.7,2.0,3.0,1.6666666666666667,4.2,3.8333333333333335
225,F2025,1,3.363636363636364,11,9,14.776190476190475,1.1428571428571428,2.0,4.5,1.8,5.333333333333333
252,F2025,1,2.4615384615384617,13,7,15.123809523809523,1.8571428571428568,3.1666666666666665,2.1666666666666665,4.6,3.333333333333333
185,F2025,2,3.909090909090909,11,9,13.990476190476189,1.8571428571428568,2.5,3.1666666666666665,2.8,3.6666666666666665
168,F2025,1,2.071428571428572,14,6,13.638095238095238,3.571428571428572,3.333333333333333,2.1666666666666665,1.4,3.1666666666666665
261,F2025,1,4.333333333333333,6,14,15.333333333333332,3.0,3.6666666666666665,2.0,2.0,4.666666666666667
535,F2025,1,2.2142857142857144,14,6,13.185714285714283,1.2857142857142858,2.5,1.0,2.4,6.0
372,F2025,1,2.6666666666666665,12,8,15.495238095238095,2.4285714285714284,2.333333333333333,4.833333333333333,1.4,4.5
493,F2025,2,4.5,8,12,16.4,2.0,3.0,2.1666666666666665,5.4,3.8333333333333335
560,F2025,1,3.272727272727273,11,9,11.433333333333334,2.0,1.8333333333333333,1.6666666666666667,1.6,4.333333333333333
356,F2025,1,2.6666666666666665,12,8,12.985714285714288,2.2857142857142856,2.1666666666666665,2.333333333333333,3.2,3.0
468,F2025,1,4.555555555555555,9,11,6.933333333333334,1.0,1.1666666666666667,1.1666666666666667,1.6,2.0
403,F2025,1,4.375,8,12,15.209523809523809,2.142857142857143,3.1666666666666665,2.5,2.4,5.0
425,F2025,1,3.4166666666666665,12,8,17.942857142857143,3.142857142857143,3.1666666666666665,2.333333333333333,3.8,5.5
85,F2025,1,2.583333333333333,12,8,11.252380952380951,1.2857142857142858,2.0,1.3333333333333333,1.8,4.833333333333333
269,F2025,1,2.923076923076923,13,7,18.55238095238095,3.2857142857142856,2.5,3.8333333333333335,4.6,4.333333333333333
12,F2025,1,3.1818181818181817,11,9,12.866666666666667,1.0,2.5,1.6666666666666667,4.2,3.5
160,F2025,1,4.6,5,15,10.30952380952381,1.1428571428571428,1.6666666666666667,1.0,3.0,3.5
