item,name
1,A. C. Green
2,Aaron Brooks
3,Aaron Gordon
4,Adam Morrison
5,Adrian Dantley
6,Adrian Smith
7,Al Attles
8,Al Cervi
9,Al Horford
10,Al Jefferson
11,Albert King
12,Alex English
13,Alex Groza
14,Alex Len
15,Alexis Ajinça
16,Allan Houston
17,Allen Iverson
18,Alonzo Gee
19,Alonzo Mourning
20,Alvan Adams
21,Alvin Robertson
22,Amar'e Stoudemire
23,Amir Johnson
24,Anderson Varejão
25,Andre Drummond
26,Andre Iguodala
27,Andre Miller
28,Andrea Bargnani
29,Andrei Kirilenko
30,Andrew Bogut
31,Andrew Bynum
32,Andrew Nicholson
33,Andrew Toney
34,Andrew Wiggins
35,Andy Phillip
36,Antawn Jamison
37,Anthony Bennett
38,Anthony Davis
39,Anthony Mason
40,Anthony Morrow
41,Anthony Peeler
42,Anthony Tolliver
43,Antoine Walker
44,Antonio McDyess
45,Archie Clark
46,Arron Afflalo
47,Artis Gilmore
48,Arvydas Sabonis
49,Asi Taulava
50,Austin Carr
51,Austin Rivers
52,Avery Bradley
53,Avery Johnson
54,B. J. Armstrong
55,Babe Ziegenhorn
56,Bailey Howell
57,Bam Adebayo
58,Baron Davis
59,Ben McLemore
60,Ben Simmons
61,Ben Wallace
62,Benard King
63,Bernard King
64,Bill Bradley
65,Bill Bridges
66,Bill Cartwright
67,Bill Laimbeer
68,Bill Robinzine
69,Bill Russell
70,Bill Sharman
71,Bill Walton
72,Billy Cunningham
73,Billy Knight
74,Billy Paultz
75,Blake Griffin
76,Bob Boozer
77,Bob Cousy
78,Bob Dandridge
79,Bob Davies
80,Bob Gross
81,Bob Kauffman
82,Bob Lanier
83,Bob Love
84,Bob McAdoo
85,Bob Morse
86,Bob Pettit
87,Bob Rule
88,Bob Wilkerson
89,Boban Marjanović
90,Bobby Jackson
91,Bobby Jones
92,Bobby Wanzer
93,Bogdan Bogdanović
94,Brad Daugherty
95,Brad Miller
96,Bradley Beal
97,Brandon Ingram (2016)
98,Brandon Jennings
99,Brandon Roy
100,Brent Barry
101,Brian Cardinal
102,Brian Scalabrine
103,Brian Taylor
104,Brian Winters
105,Brook Lopez
106,Bruce Bowen
107,Bruno Caboclo
108,Bryant Reeves
109,Bryon Russell
110,Buck Williams
111,Buddy Hield
112,Butch Beard
113,Byron Scott
114,C. J. McCollum
115,C. J. Miles
116,C. J. Watson
117,C.J. Fair
118,Calbert Cheaney
119,Caldwell Jones
120,Calvin Murphy
121,Calvin Natt
122,Campy Russell
123,Carl Braun
124,Carlos Arroyo
125,Carlos Boozer
126,Carmelo Anthony
127,Caron Butler
128,Cartwright Carmichael
129,Cazzie Russell
130,Cedi Osman
131,Cedric Ceballos
132,Cedric Maxwell
133,Chandler Parsons
134,Charles Barkley
135,Charles Oakley
136,Charles Thomas Scott
137,Chauncey Billups
138,Chet Walker
139,Chris Andersen
140,Chris Anderson
141,Chris Bosh
142,Chris Kaman
143,Chris Mullin
144,Chris Paul
145,Chris Webber
146,Chris Wilcox
147,Christian Laettner
148,Chuck Noble
149,Chuck Person
150,Clarence Weatherspoon
151,Cleanthony Early
152,Cliff Hagan
153,Cliff Robinson
154,Clifford Ray
155,Clint Capela
156,Clyde Drexler
157,Clyde Lee
158,Clyde Lovellette
159,Cole Aldrich
160,Collin Sexton
161,Connie Hawkins
162,Corey Maggette
163,Cory Alexander
164,Craig Ehlo
165,Craig Hodges
166,Curtis Rowe
167,D'Angelo Russell
168,Dale Davis
169,Dale Ellis
170,Damian Lillard
171,Dan Issel
172,Dan Majerle
173,Dan Roundfield
174,Danilo Gallinari
175,Danny Ainge
176,Danny Fortson
177,Danny Granger
178,Danny Green
179,Danny Manning
180,Dario Šarić
181,Darius Miles
182,Darnell Hillman
183,Darrall Imhoff
184,Darrell Griffith
185,Darryl Dawkins
186,Dave Bing
187,Dave Corzine
188,Dave Cowens
189,Dave DeBusschere
190,Dave Robisch
191,Dave Twardzik
192,David Greenwood
193,David Lee
194,David Robinson
195,David Thompson
196,David Wesley
197,David West
198,Davis Bertans
199,De'aaron Fox
200,DeAndre Jordan
201,DeAndre Liggins
202,DeMar DeRozan
203,DeMarcus Cousins
204,DeShawn Stevenson
205,Deandre Ayton
206,Dee Brown
207,Dell Curry
208,Dennis Awtrey
209,Dennis Johnson
210,Dennis Rodman
211,Dennis Schröder
212,Dennis Scott
213,Dennis Smith Jr.
214,Derek Anderson
215,Derek Fisher
216,Derek Harper
217,Deron Williams
218,Derrick Coleman
219,Derrick Favors
220,Derrick McKey
221,Derrick Rose
222,Detlef Schrempf
223,Devin Booker
224,Dick Barnett
225,Dick Garmaker
226,Dick McGuire
227,Dick Van Arsdale
228,Dikembe Mutombo
229,Dino Rađa
230,Dirk Nowitzki
231,Doc Rivers
232,Dolph Schayes
233,Domantas Sabonis
234,Dominique Wilkins
235,Don Buse
236,Don Chaney
237,Don Kojis
238,Don Nelson
239,Don Ohl
240,Donatas Motiejūnas
241,Donnie Freeman
242,Donovan Mitchell
243,Doug Collins
244,Doug McDermott
245,Doug Moe
246,Draymond Green
247,Dražen Petrović
248,Dwayne Bacon
249,Dwight Howard
250,Dwyane Wade
251,Earl Boykins
252,Earl Monroe
253,Ed Macauley
254,Eddie Johnson
255,Eddie Jones
256,Eddie Miles
257,Eddy Curry
258,Elden Campbell
259,Elfrid Payton
260,Elgin Baylor
261,Elliot Williams
262,Elmore Smith
263,Elton Brand
264,Elvin Hayes
265,Enes Kanter
266,Eric Anderson
267,Eric Bledsoe
268,Eric Gordon
269,Eric Money
270,Eric Snow
271,Ernie DiGregorio
272,Ersan İlyasova
273,Ervin Johnson
274,Evan Fournier
275,Fat Lever
276,Festus Ezeli
277,Flynn Robinson
278,Frank Selvy
279,Fred Brown
280,Fred Vanvleet
281,Freddie Lewis
282,Frederick Brown
283,Frédéric Weis
284,Gail Goodrich
285,Gal Mekel
286,Gary Harris
287,Gary Payton
288,Gene Banks
289,Gene Shue
290,Geoff Huston
291,Geoff Petrie
292,George Gervin
293,George Hill
294,George McGinnis
295,George Mcleod
296,George Mikan
297,George T. Johnson
298,George Yardley
299,Gerald Green
300,Gerald Henderson
301,Gerald Wallace
302,Gerald Wilkins
303,Giannis Antetokounmpo
304,Gilbert Arenas
305,Glen Davis
306,Glen Rice
307,Glenn Robinson
308,Goran Dragić
309,Gordon Hayward
310,Grant Hill
311,Grant Long
312,Greg Ballard
313,Greg Monroe
314,Greg Oden
315,Gus Gerard
316,Gus Johnson
317,Gus Williams
318,Guy Rodgers
319,Hakeem Olajuwon
320,Hal Greer
321,Happy Hairston
322,Harold Miner
323,Harrison Barnes
324,Harry Gallatin
325,Hassan Whiteside
326,Hedo Türkoğlu
327,Henry Bibby
328,Hersey Hawkins
329,Horace Grant
330,Iman Shumpert
331,Isaiah Rider
332,Isaiah Thomas
333,Isiah Thomas
334,J. J. Redick
335,J. R. Smith
336,JaMychal Green
337,JaVale McGee
338,Jabari Parker
339,Jack George
340,Jack Marin
341,Jack Sikma
342,Jack Twyman
343,Jalen Rose
344,Jamaal Magloire
345,Jamaal Wilkes
346,Jamal Crawford
347,Jamal Mashburn
348,Jamal Murray
349,Jameer Nelson
350,James Bailey
351,James Donaldson
352,James Edwards
353,James Ennis
354,James Harden
355,James Johnson
356,James Jones
357,James McAdoo
358,James Nunnally
359,James Posey
360,James Silas
361,James Worthy
362,Jaren Jackson
363,Jarrett Allen
364,Jarrett Jack
365,Jason Kidd
366,Jason Terry
367,Jason Williams
368,Jay Vincent
369,Jayson Tatum (2017)
370,Jeff Adrien
371,Jeff Green
372,Jeff Hornacek
373,Jeff Malone
374,Jeff Mullins
375,Jeff Ruland
376,Jeff Teague
377,Jeffrey Michael Jordan
378,Jeremy Lin
379,Jermaine O'Neal
380,Jerome Henderson
381,Jerome Kersey
382,Jerry Lucas
383,Jerry Sloan
384,Jerry Stackhouse
385,Jerry West
386,Jewell Young
387,Jim Chones
388,Jim King
389,Jim McDaniels
390,Jim McMillian
391,Jim Paxson
392,Jim Pollard
393,Jim Price
394,Jimmer Fredette
395,Jimmy Butler
396,Jimmy Jones
397,Jimmy Walker
398,Jo Jo White
399,Joakim Noah
400,Joe Barry Carroll
401,Joe Bryant
402,Joe Caldwell
403,Joe Dumars
404,Joe Fulks
405,Joe Ingles
406,Joe Johnson
407,Joe Smith
408,Joel Anthony
409,Joel Embiid
410,"John ""Hot Rod"" Williams"
411,John Bagley
412,John Block
413,John Collins
414,John Drew
415,John Harding Lucas II
416,John Havlicek
417,John Johnson
418,John Long
419,John Paxson
420,John Salley
421,John Salmons
422,John Starks
423,John Stockton
424,John Wall
425,John Williamson
426,John Wooden
427,Johnny Davis
428,Johnny Green
429,Johnny Kerr
430,Johnny Moore
431,Jon McGlocklin
432,Jon Sundvold
433,Jonas Jerebko
434,Jonas Valančiūnas
435,Jordan Adams
436,Jordan Clarkson
437,Jorge Garbajosa
438,Josh Richardson
439,Josh Smith
440,José Calderón
441,Jrue Holiday
442,Jud Buechler
443,Julius Erving
444,Julius Randle
445,Junior Bridgeman
446,Justin Holiday
447,Jusuf Nurkić
448,Juwan Howard
449,K. C. Jones
450,Kareem Abdul-Jabbar
451,Karl Malone
452,Karl-Anthony Towns
453,Kawhi Leonard
454,Keith Van Horn
455,Kelly Tripucka
456,Kemba Walker
457,Ken Sears
458,Kendall Gill
459,Kendrick Perkins
460,Kenneth Faried
461,Kenny Anderson
462,Kenny George
463,Kenny Smith
464,Kent Bazemore
465,Kenyon Martin
466,Kermit Washington
467,Kerry Kittles
468,Kevin Duckworth
469,Kevin Durant
470,Kevin Garnett
471,Kevin Grevey
472,Kevin Johnson
473,Kevin Love
474,Kevin Martin
475,Kevin McHale
476,Kevin Porter
477,Kevin Willis
478,Khris Middleton
479,Kiki Vandeweghe
480,Kirk Hinrich
481,Klay Thompson
482,Kobe Bryant
483,Kris Dunn
484,Kris Humphries
485,Kristaps Janičenoks
486,Kristaps Porzingis
487,Kurt Nimphius
488,Kurt Rambis
489,Kwame Brown
490,Kyle Korver
491,Kyle Kuzma
492,Kyle Lowry
493,Kyle Singler
494,Kyrie Irving
495,LaMarcus Aldridge
496,LaPhonso Ellis
497,Lamar Odom
498,Lance Stephenson
499,Larry Bird
500,Larry Costello
501,Larry Foust
502,Larry Hughes
503,Larry Johnson
504,Larry Kenon
505,Larry Nance
506,Larry Sanders
507,Larry Siegfried
508,Larry Smith
509,Larry Steele
510,Latrell Sprewell
511,Lauri Markkanen
512,Lavoy Allen
513,LeBron James
514,Leandro Barbosa
515,Lee Shaffer
516,Len Bias
517,Len Chappell
518,Len Elmore
519,Lenny Wilkens
520,Lester Hudson
521,Lionel Hollins
522,Lloyd Neal
523,Lonnie Shelton
524,Lonzo Ball
525,Lou Hudson
526,Louie Dampier
527,Louis Amundson
528,Louis Williams
529,Luc Longley
530,Luc Mbah a Moute
531,Lucious Jackson
532,Lucius Allen
533,Luigi Datome
534,Luis Scola
535,Luka Doncic
536,Luke Walton
537,Luol Deng
538,Mack Calvin
539,Magic Johnson
540,Mahmoud Abdul-Rauf
541,Malcolm Brogdon
542,Malik Allen
543,Manu Ginóbili
544,Manute Bol
545,MarShon Brooks
546,Marc Gasol
547,Marcin Gortat
548,Marcus Camby
549,Marcus Smart
550,Mario Chalmers
551,Mario Elie
552,Mark Aguirre
553,Mark Eaton
554,Mark Jackson
555,Mark Price
556,Marques Johnson
557,Marreese Speights
558,Marvin Bagley III (2018)
559,Marvin Barnes
560,Marvin Williams
561,Mason Plumlee
562,Matt Barnes
563,Maurice Cheeks
564,Maurice Lucas
565,Maurice Stokes
566,Max Zaslofsky
567,Mehmet Okur
568,Mel Counts
569,Mel Daniels
570,Mel Hutchins
571,Metta World Peace
572,Michael Beasley
573,Michael Brooks
574,Michael Cage
575,Michael Carter-Williams
576,Michael Cooper
577,Michael Finley
578,Michael Jordan
579,Michael Kidd-Gilchrist
580,Michael Olowokandi
581,Michael Porter Jr
582,Michael Redd
583,Micheal Ray Richardson
584,Mickey Johnson
585,Mike Bibby
586,"Mike Conley, Jr."
587,"Mike Dunleavy, Jr."
588,Mike Gminski
589,Mike Miller
590,Mike Mitchell
591,Mike Newlin
592,Mike Riordan
593,Mike Woodson
594,Miles Plumlee
595,Miloš Teodosić
596,Mitch Kupchak
597,Mitch Richmond
598,Mo Williams
599,Mohamed Bamba
600,Monta Ellis
601,Montrezl Harrell
602,Mookie Blaylock
603,Moses Malone
604,Muggsy Bogues
605,Mychal Thompson
606,Myles Turner
607,Nate Archibald
608,Nate McMillan
609,Nate Robinson
610,Nate Thurmond
611,Nathaniel Clifton
612,Neil Johnston
613,Nenê
614,Nerlens Noel
615,Nick Johnson
616,Nick Van Exel
617,Nick Wiggins
618,Nick Young
619,Nicolas Batum
620,Nik Stauskas
621,Nikola Jokic
622,Nikola Mirotić
623,Nikola Vučević
624,Norm Nixon
625,Norm Van Lier
626,Norman Powell
627,Norman van lier
628,Norris Cole
629,Orlando Woolridge
630,Oscar Robertson
631,Otis Birdsong
632,Otis Thorpe
633,Otto Porter Jr.
634,P. J. Brown
635,Pat Riley
636,Patrick Ewing
637,Pau Gasol
638,Paul Arizin
639,Paul George
640,Paul Millsap
641,Paul Pierce
642,Paul Seymour
643,Paul Silas
644,Paul Westphal
645,Peja Stojaković
646,Penny Hardaway
647,Pete Maravich
648,Phil Chenier
649,Phil Ford
650,Phil Smith
651,Popeye Jones
652,Purvis Short
653,Quentin Richardson
654,Quincy Acy
655,Quinn Buckner
656,Quinn Cook
657,Rafer Alston
658,Rajon Rondo
659,Rakeem Christmas
660,Ralph Sampson
661,Ralph Simpson
662,Randy Smith
663,Rashard Lewis
664,Rasheed Wallace
665,Ray Allen
666,Ray Felix
667,Ray Williams
668,Red Kerr
669,Red Rocha
670,Reggie Jackson
671,Reggie Lewis
672,Reggie Miller
673,Reggie Theus
674,Reggie Williams
675,Richard Hamilton
676,Richard Jefferson
677,Richie Frahm
678,Richie Guerin
679,Richie Regan
680,Rick Adelman
681,Rick Barry
682,Rick Fox
683,Rick Mahorn
684,Rickey Green
685,Ricky Berry
686,Ricky Pierce
687,Ricky Rubio
688,Ricky Sobers
689,Rik Smits
690,Robert Covington
691,Robert Horry
692,Robert Jaworski
693,Robert Parish
694,Robert Reid
695,Robert Sacre
696,Robert Traylor
697,Rod Hundley
698,Rod Strickland
699,Roger Brown
700,Rolando Blackman
701,Ron Baker
702,Ron Boone
703,Ron Harper
704,Ron Lee
705,Roy Hibbert
706,Rudy Gay
707,Rudy Gobert
708,Rudy LaRusso
709,Rudy Tomjanovich
710,Russ Smith
711,Russell Westbrook
712,Ryan Anderson
713,Ryan Hollins
714,Sam Cassell
715,Sam Jones
716,Sam Lacey
717,Sam Perkins
718,Sam Vincent
719,Sasha Kaun
720,Scott Brooks
721,Scott Skiles
722,Scott Wedman
723,Scottie Pippen
724,Sean Elliott
725,Serge Ibaka
726,Seth Curry
727,Shai Gilgeous-Alexander
728,Shane Battier
729,Shane Larkin
730,Shaquille O'Neal
731,Shareef Abdur-Rahim
732,Shaun Livingston
733,Shawn Bradley
734,Shawn Kemp
735,Shawn Marion
736,Sidney Moncrief
737,Sidney Wicks
738,Slater Martin
739,Sleepy Floyd
740,Slick Watts
741,Sly Williams
742,Sofoklis Schortsanitis
743,Sonny Parker
744,Spencer Haywood
745,Spud Webb
746,Stacey Augmon
747,Stephen Curry
748,Stephen Jackson
749,Stephon Marbury
750,Steve Francis
751,Steve Jones
752,Steve Kerr
753,Steve Nash
754,Steve Novak
755,Steve Smith
756,Steven Adams
757,Swen Nater
758,Taurean Prince
759,Tayshaun Prince
760,Terrell Brandon
761,Terry Cummings
762,Terry Dischinger
763,Terry Porter
764,Thabo Sefolosha
765,Thaddeus Young
766,Thomas Sanders
767,Thurl Bailey
768,Tim Duncan
769,Tim Frazier
770,"Tim Hardaway, Jr."
771,Tim Legler
772,Tobias Harris
773,Tom Chambers
774,Tom Gola
775,Tom Heinsohn
776,Tom Henderson
777,Tom LaGarde
778,Tom Meschery
779,Tom Van Arsdale
780,Tommy Burleson
781,Toni Kukoč
782,Tony Allen
783,Tony Parker
784,Tracy McGrady
785,Trae Young
786,Tree Rollins
787,Trevor Ariza
788,Tristan Thompson
789,Truck Robinson
790,Ty Lawson
791,Tyreke Evans
792,Tyson Chandler
793,Udonis Haslem
794,Vern Mikkelsen
795,Victor Oladipo
796,Vin Baker
797,Vince Carter
798,Vinnie Johnson
799,Vinny Del Negro
800,Vlade Divac
801,Wally Szczerbiak
802,Wally Walker
803,Walt Bellamy
804,Walt Davis
805,Walt Frazier
806,Walt Hazzard
807,Walter Davis
808,Walter Dukes
809,Wayne Embry
810,Wendell Carter Jr. (2018)
811,Wes Matthews
812,Wes Unseld
813,Wesley Johnson
814,Wesley Matthews
815,Will Barton
816,Will Perdue
817,Willie Cauley-Stein
818,Willie Green
819,Willie Naulls
820,Willie Sojourner
821,Willis Reed
822,Wilt Chamberlain
823,Woody Sauldsberry
824,World B. Free
825,Xavier McDaniel
826,Yao Ming
827,Yi Jianlian
828,Zach LaVine
829,Zach Randolph
830,Zaid Abdul-Aziz
831,Zaza Pachulia
832,Zelmo Beaty
833,Zydrunas Llgauskas
834,deroxan
835,kadeem carey
836,Àlex Abrines
837,Ömer Aşık
838,Šarūnas Marčiulionis
839,Žydrūnas Ilgauskas
