participant,question,answer
1,1,1
1,1,1
1,1,1
1,2,2
1,2,2
1,2,2
1,3,3
1,3,3
1,3,3
1,4,4
1,4,4
1,4,4
1,5,5
1,5,5
1,5,5
1,8,8
1,8,8
1,8,8
1,10,10
1,10,10
1,10,10
2,1,1
2,1,1
2,1,1
2,2,2
2,2,2
2,2,2
2,3,3
2,3,3
2,3,3
2,4,4
2,4,5
2,4,4
2,5,5
2,5,5
2,5,5
2,8,8
2,8,8
2,8,8
2,10,10
2,10,6
2,10,7
3,1,1
3,1,1
3,1,1
3,2,2
3,2,2
3,2,2
3,3,3
3,3,3
3,3,3
3,4,4
3,4,4
3,4,4
3,5,5
3,5,5
3,5,5
3,8,8
3,8,8
3,8,8
3,10,10
3,10,10
4,1,1
4,1,1
4,1,1
4,2,2
4,2,2
4,2,2
4,3,3
4,3,3
4,3,3
4,4,4
4,4,4
4,4,4
4,5,5
4,5,5
4,5,5
4,8,8
4,8,8
4,8,8
4,10,10
4,10,10
4,10,10
5,1,1
5,1,1
5,1,1
5,2,2
5,2,2
5,2,2
5,3,3
5,3,3
5,3,3
5,4,4
5,4,4
5,4,4
5,5,5
5,5,5
5,5,5
5,8,8
5,8,8
5,8,8
5,10,10
5,10,10
5,10,10
6,1,1
6,1,1
6,1,1
6,2,2
6,2,2
6,2,2
6,3,3
6,3,3
6,3,3
6,4,4
6,4,6
6,4,4
6,5,5
6,5,5
6,5,5
6,8,8
6,8,8
6,8,8
6,10,9
6,10,9
7,1,1
7,1,1
7,1,1
7,2,2
7,2,2
7,2,2
7,3,4
7,3,15
7,3,15
7,4,5
7,4,6
7,4,15
7,5,15
7,5,15
7,8,15
7,10,9
7,10,15
8,1,1
8,1,1
8,1,1
8,2,2
8,2,2
8,2,2
8,3,3
8,3,4
8,3,3
8,4,4
8,4,4
8,5,5
8,5,5
8,5,6
8,8,8
8,8,8
8,8,8
8,10,10
8,10,10
8,10,10
9,1,1
9,1,1
9,1,1
9,2,2
9,2,2
9,2,2
9,3,3
9,3,3
9,3,3
9,4,4
9,4,4
9,4,4
9,5,5
9,5,5
9,8,8
9,10,8
10,1,1
10,1,1
10,1,1
10,2,2
10,2,2
10,2,2
10,3,3
10,3,3
10,3,3
10,4,4
10,4,4
10,4,5
10,5,5
10,5,5
10,5,5
10,8,7
10,8,11
10,8,7
10,10,11
10,10,5
10,10,7
11,1,1
11,1,1
11,1,1
11,2,2
11,2,2
11,2,2
11,3,4
11,3,3
11,3,3
11,4,5
11,4,4
11,4,4
11,5,15
11,5,5
11,5,15
11,8,5
11,8,3
11,10,3
11,10,4
11,10,3
12,1,1
12,1,1
12,1,1
12,2,2
12,2,2
12,2,2
12,3,4
12,3,3
12,3,4
12,4,7
12,4,9
12,4,8
12,5,9
12,5,8
12,5,7
12,8,5
12,8,4
12,8,4
12,10,3
12,10,4
12,10,5
13,1,1
13,1,1
13,1,1
13,2,2
13,2,2
13,2,2
13,3,3
13,3,3
13,3,3
13,4,4
13,4,4
13,4,4
13,5,10
13,5,15
13,5,15
13,8,8
13,8,6
13,8,8
13,10,15
13,10,15
14,1,1
14,1,1
14,1,1
14,2,2
14,2,5
14,2,5
14,3,5
14,3,2
14,3,6
14,4,3
14,4,4
14,4,4
14,5,15
14,5,2
14,8,2
14,8,3
14,10,7
14,10,2
15,1,1
15,1,2
15,1,1
15,2,2
15,2,1
15,2,2
15,3,3
15,3,4
15,3,5
15,4,4
15,4,1
15,4,3
15,5,10
16,1,1
16,1,1
16,1,1
16,2,2
16,2,2
16,2,2
16,3,3
16,3,3
16,3,3
16,4,4
16,4,4
16,4,4
16,5,5
16,5,5
16,5,5
16,8,13
16,8,8
16,10,9
16,10,9
17,1,1
17,1,1
17,1,1
17,2,2
17,2,2
17,2,2
17,3,2
17,3,2
17,3,2
17,4,2
17,4,2
17,4,15
17,5,3
17,5,2
17,5,2
17,8,8
17,8,2
17,8,2
17,10,15
17,10,15
17,10,10
18,1,1
18,1,1
18,1,1
18,2,2
18,2,2
18,2,2
18,3,3
18,3,3
18,3,3
18,4,4
18,4,4
18,4,4
18,5,5
18,5,4
18,5,5
18,8,9
18,8,8
18,8,8
18,10,10
18,10,7
18,10,10
19,1,1
19,1,1
19,1,1
19,2,2
19,2,2
19,2,2
19,3,3
19,3,3
19,3,3
19,4,4
19,4,4
19,4,4
19,5,5
19,5,5
19,5,5
19,8,10
19,8,15
19,10,10
19,10,12
19,10,10
20,1,1
20,1,1
20,1,1
20,2,2
20,2,2
20,2,2
20,3,3
20,3,3
20,3,3
20,4,4
20,4,4
20,4,4
20,5,15
20,5,4
20,5,5
20,8,5
20,8,15
20,8,10
20,10,15
20,10,15
21,1,1
21,1,1
21,1,1
21,2,2
21,2,2
21,2,2
21,3,3
21,3,3
21,3,3
21,4,4
21,4,4
21,4,4
21,5,5
21,5,5
21,5,8
21,8,8
21,8,8
21,8,8
21,10,10
21,10,10
21,10,10
22,1,1
22,1,1
22,1,1
22,2,2
22,2,2
22,2,2
22,3,3
22,3,3
22,3,3
22,4,4
22,4,4
22,4,4
22,5,5
22,5,6
22,5,6
22,8,5
22,8,4
22,8,5
22,10,5
22,10,7
22,10,5
23,1,1
23,1,1
23,1,1
23,2,2
23,2,2
23,2,2
23,3,3
23,3,3
23,3,3
23,4,4
23,4,4
23,4,4
23,5,5
23,5,5
23,5,5
23,8,8
23,8,8
23,8,7
23,10,10
23,10,10
23,10,10
24,1,1
24,1,1
24,1,1
24,2,2
24,2,2
24,2,2
24,3,4
24,3,15
24,3,3
24,4,5
24,4,15
24,4,6
24,5,5
24,5,15
24,5,4
24,8,13
24,8,13
24,8,15
24,10,15
24,10,4
24,10,15
25,1,1
25,1,1
25,2,2
25,2,2
25,3,15
25,3,15
25,3,13
25,4,15
25,4,15
25,5,15
25,5,15
25,8,15
25,8,9
25,10,15
25,10,7
25,10,15
26,1,1
26,1,1
26,1,1
26,2,2
26,2,2
26,2,2
26,3,3
26,3,3
26,3,3
26,4,4
26,4,6
26,5,6
26,5,5
26,5,8
26,8,3
26,8,7
26,8,7
26,10,5
26,10,5
26,10,3
27,1,1
27,1,1
27,1,1
27,2,2
27,2,2
27,2,2
27,3,4
27,3,6
27,3,4
27,4,6
27,4,4
27,4,4
27,5,15
27,5,15
27,8,3
27,8,7
27,8,5
27,10,4
28,1,1
28,1,1
28,1,1
28,2,2
28,2,2
28,2,2
28,3,3
28,3,3
28,3,3
28,4,4
28,4,6
28,4,5
28,5,7
28,5,5
28,8,6
28,8,8
28,10,5
28,10,4
28,10,7
29,1,1
29,1,1
29,1,1
29,2,2
29,2,2
29,2,2
29,3,3
29,3,3
29,3,3
29,4,4
29,4,8
29,5,5
29,5,9
29,8,7
29,8,6
29,10,10
29,10,9
29,10,6
30,1,1
30,1,1
30,1,1
30,2,2
30,2,13
30,2,15
30,3,3
30,3,7
30,3,15
30,4,3
30,4,8
30,4,3
30,5,3
30,5,6
30,5,7
30,8,5
30,8,15
30,8,15
30,10,10
30,10,3
30,10,8
31,1,1
31,1,1
31,1,1
31,2,2
31,2,3
31,2,6
31,3,2
31,3,3
31,3,2
31,4,3
31,4,4
31,4,2
31,5,3
31,5,2
31,8,3
31,8,5
31,10,3
31,10,4
31,10,3
32,1,1
32,1,15
32,1,15
32,2,2
32,2,15
32,2,15
32,3,4
32,3,15
32,4,4
32,4,15
32,4,15
32,5,15
32,5,15
32,5,15
32,8,5
32,8,15
32,10,15
32,10,15
32,10,15
33,1,15
33,1,15
33,1,15
33,2,15
33,2,15
33,2,15
33,3,15
33,3,15
33,3,15
33,4,15
33,4,15
33,4,15
33,5,15
33,5,15
33,5,15
33,8,15
33,8,15
33,8,15
33,10,15
33,10,15
33,10,15
34,1,1
34,1,1
34,1,1
34,2,2
34,2,2
34,2,2
34,3,4
34,3,4
34,3,15
34,4,8
34,4,15
34,4,15
34,5,15
34,5,6
34,5,15
34,8,5
34,8,15
34,8,15
34,10,15
34,10,14
34,10,15
35,1,1
35,1,1
35,1,1
35,2,2
35,2,2
35,2,2
35,3,2
35,3,8
35,3,4
35,4,1
35,4,3
35,4,2
35,5,3
35,8,6
35,10,4
36,1,1
36,1,1
36,1,1
36,2,2
36,2,2
36,2,2
36,3,3
36,3,3
36,3,3
36,4,4
36,4,4
36,4,4
36,5,5
36,5,5
36,5,6
36,8,8
36,8,8
36,8,8
36,10,10
36,10,10
36,10,10
37,1,1
37,1,1
37,1,1
37,2,2
37,2,2
37,2,2
37,3,3
37,3,3
37,3,3
37,4,4
37,4,4
37,5,5
37,5,6
37,5,5
37,8,5
37,8,8
37,10,6
37,10,10
37,10,10
38,1,1
38,1,1
38,1,1
38,2,1
38,2,1
38,3,1
38,3,1
38,3,1
38,4,1
38,4,1
38,4,1
38,5,1
38,5,1
38,5,1
38,8,1
38,8,1
38,8,1
38,10,1
38,10,1
38,10,1
39,1,1
39,1,1
39,1,1
39,2,2
39,2,6
39,2,15
39,3,3
39,3,3
39,3,15
39,4,3
39,4,4
39,4,15
39,5,3
39,5,3
39,5,15
39,8,3
39,8,12
39,8,15
39,10,4
39,10,8
39,10,15
40,1,1
40,1,1
40,1,1
40,2,2
40,2,2
40,2,2
40,3,3
40,3,3
40,3,3
40,4,4
40,4,11
40,4,6
40,5,4
40,5,5
40,8,6
40,8,8
40,10,4
40,10,9
40,10,5
41,1,1
41,1,1
41,1,1
41,2,2
41,2,1
41,2,1
41,3,3
41,3,3
41,3,3
41,4,4
41,4,4
41,4,4
41,5,5
41,5,5
41,5,5
41,8,8
41,8,8
41,8,8
41,10,10
41,10,10
41,10,10
42,1,1
42,1,1
42,1,1
42,2,2
42,2,2
42,2,2
42,3,3
42,3,3
42,3,3
42,4,4
42,4,4
42,5,5
42,5,5
42,5,5
42,8,8
42,8,8
42,10,10
42,10,10
42,10,10
43,1,1
43,1,1
43,1,1
43,2,2
43,2,2
43,2,2
43,3,3
43,3,5
43,3,5
43,4,5
43,4,6
43,4,4
43,5,6
43,5,7
43,5,12
43,8,6
43,8,15
43,8,9
43,10,8
43,10,15
44,1,1
44,1,1
44,1,1
44,2,2
44,2,2
44,2,2
44,3,3
44,3,3
44,3,3
44,4,4
44,4,4
44,4,4
44,5,15
44,5,10
44,5,10
44,8,7
44,8,9
44,8,13
44,10,5
44,10,8
44,10,6
45,1,1
45,1,1
45,1,1
45,2,2
45,2,2
45,2,2
45,3,4
45,3,4
45,3,5
45,4,3
45,4,3
45,4,3
45,5,7
45,5,5
45,5,4
45,8,3
45,8,3
45,8,3
45,10,5
45,10,5
45,10,3
46,1,1
46,1,1
46,1,1
46,2,2
46,2,2
46,2,2
46,3,3
46,3,3
46,3,3
46,4,4
46,4,4
46,4,5
46,5,5
46,5,5
46,5,5
46,8,8
46,8,7
46,8,8
46,10,9
46,10,9
46,10,10
47,1,1
47,1,1
47,1,1
47,2,2
47,2,2
47,2,2
47,3,3
47,3,3
47,3,3
47,4,12
47,4,4
47,4,4
47,5,15
47,5,5
47,8,15
47,8,15
47,8,10
47,10,15
47,10,15
47,10,15
48,1,1
48,1,1
48,1,1
48,2,2
48,2,2
48,2,2
48,3,3
48,3,3
48,3,3
48,4,4
48,4,7
48,4,3
48,5,5
48,5,5
48,5,4
48,8,10
48,8,8
48,8,6
48,10,15
48,10,15
48,10,15
49,1,1
49,1,1
49,1,1
49,2,2
49,2,2
49,2,2
49,3,3
49,3,3
49,3,3
49,4,4
49,4,4
49,4,4
49,5,5
49,5,5
49,8,8
49,10,10
50,1,1
50,1,1
50,1,1
50,2,2
50,2,2
50,2,2
50,3,3
50,3,5
50,3,7
50,4,4
50,4,6
50,4,4
50,5,5
50,5,7
50,5,8
50,8,6
50,8,6
50,8,4
50,10,6
50,10,8
50,10,9
51,1,1
51,1,1
51,1,1
51,2,2
51,2,2
51,2,2
51,3,3
51,3,3
51,3,3
51,4,6
51,4,5
51,4,6
51,5,12
51,5,6
51,5,4
51,8,5
51,8,9
51,8,9
51,10,6
51,10,5
51,10,6
52,1,1
52,1,1
52,1,1
52,2,2
52,2,2
52,2,2
52,3,3
52,3,3
52,3,3
52,4,4
52,4,4
52,4,4
52,5,5
52,5,5
52,8,8
52,8,8
52,10,10
52,10,13
53,1,1
53,1,1
53,1,1
53,2,2
53,2,2
53,2,2
53,3,3
53,3,3
53,3,3
53,4,4
53,4,4
53,4,4
53,5,5
53,5,5
53,5,5
53,8,8
53,8,8
53,8,8
53,10,10
53,10,10
53,10,10
54,1,1
54,1,1
54,1,1
54,2,2
54,2,2
54,2,2
54,3,3
54,3,3
54,3,3
54,4,4
54,4,4
54,4,14
54,5,5
54,5,4
54,5,4
54,8,6
54,8,9
54,10,7
54,10,8
54,10,6
55,1,1
55,1,1
55,1,1
55,2,2
55,2,2
55,2,2
55,3,3
55,3,3
55,3,3
55,4,4
55,4,5
55,4,4
55,5,9
55,5,7
55,5,6
55,8,7
55,8,15
55,8,5
55,10,10
55,10,6
55,10,5
56,1,1
56,1,1
56,1,1
56,2,2
56,2,2
56,2,2
56,3,3
56,3,3
56,3,3
56,4,4
56,4,4
56,4,4
56,5,7
56,5,6
56,8,9
56,8,6
56,8,5
56,10,7
56,10,8
56,10,10
