decision,majority,crowd,accuracy
1,88,127,1
2,114,127,0
3,119,127,1
4,120,127,1
5,121,127,1
6,121,127,1
7,122,127,0
8,123,127,1
9,123,127,1
10,123,123,1
11,123,127,1
12,123,127,1
13,123,127,1
14,123,127,1
15,123,127,1
16,123,127,1
17,123,127,1
18,114,127,0
19,117,127,1
20,118,127,1
21,124,127,1
22,125,127,0
23,127,127,1
24,127,127,1
25,127,127,1
26,127,127,1
27,127,127,1
28,127,127,1
29,127,127,1
30,127,127,0
31,127,127,0
32,127,127,1
33,127,127,1
34,89,127,1
35,108,127,1
36,114,127,0
37,110,127,1
38,120,127,0
39,122,127,1
40,122,127,1
41,124,127,1
42,125,127,1
43,126,127,1
44,126,127,1
45,125,127,1
46,127,127,1
47,125,127,1
48,127,127,1
49,65,127,0
50,98,127,0
51,104,127,0
52,123,127,0
53,120,127,0
54,124,127,0
55,124,127,1
56,127,127,0
57,125,127,0
58,127,127,0
59,126,127,0
60,124,127,0
61,127,127,0
62,126,127,0
63,127,127,0
64,103,127,0
65,121,127,0
66,123,127,1
67,122,127,1
68,127,127,0
69,127,127,1
70,125,127,0
71,126,127,0
72,127,127,0
73,127,127,0
74,127,127,0
75,127,127,1
76,110,127,0
77,119,127,0
78,125,127,1
79,71,127,0
80,76,127,0
81,90,127,0
82,104,127,1
83,109,127,0
84,118,127,0
85,118,127,1
86,125,127,0
87,122,127,0
88,121,127,0
89,125,127,0
90,126,127,0
91,126,127,0
92,87,127,1
93,102,127,1
94,107,127,1
95,117,127,1
96,122,127,1
97,90,127,1
98,103,127,1
99,99,127,1
100,119,127,1
101,125,127,1
102,127,127,1
103,126,127,1
104,125,127,0
105,127,127,0
106,127,127,1
107,127,127,1
108,127,127,1
109,93,127,1
110,99,127,1
111,114,127,1
112,114,127,1
113,123,127,1
114,125,127,1
115,127,127,1
116,81,127,0
117,94,127,0
118,107,127,1
119,124,127,0
120,121,127,0
121,120,127,0
122,125,127,0
123,126,127,0
124,125,127,0
125,66,127,1
126,106,127,1
127,123,127,1
128,120,127,0
129,122,127,0
130,126,127,0
131,126,127,1
132,127,127,0
133,98,127,1
134,113,127,0
135,122,127,0
136,119,127,0
137,116,127,0
138,123,127,0
139,123,127,0
140,123,127,0
141,123,123,1
142,116,127,0
143,109,127,0
144,108,127,0
145,116,127,0
146,127,127,0
147,126,127,0
148,126,127,0
149,101,127,1
150,100,127,1
151,104,127,0
152,114,127,0
153,121,127,1
154,119,127,0
155,127,127,1
156,99,126,0
157,116,126,0
158,112,127,1
159,83,127,1
160,87,127,0
161,124,126,1
162,122,126,1
163,126,126,1
164,126,126,1
165,78,127,0
166,113,127,0
167,125,127,1
168,127,127,1
169,127,127,1
170,78,125,0
171,112,125,0
172,122,125,1
173,125,125,1
174,101,123,0
175,100,124,1
176,106,121,1
177,73,125,1
178,86,123,1
179,70,122,0
180,82,114,1
181,107,112,1
182,103,112,1
183,70,110,0
184,63,94,1
185,74,109,1
186,105,128,0
187,128,128,1
188,123,128,1
189,123,128,1
190,106,128,0
191,118,128,1
192,122,128,0
193,128,128,1
194,112,124,1
195,65,128,1
196,124,128,0
197,124,128,1
198,124,128,1
199,124,128,1
200,124,126,1
201,107,128,1
202,128,128,1
203,91,128,0
204,125,128,0
205,128,128,1
206,128,128,1
207,124,128,0
208,128,128,0
209,123,128,0
210,128,128,0
211,128,128,1
212,123,128,0
213,128,128,1
214,125,128,0
215,77,128,0
216,111,128,1
217,75,128,0
218,128,128,0
219,128,128,1
220,97,128,1
221,127,128,1
222,128,128,1
223,106,128,1
224,125,128,1
225,128,128,0
226,125,128,0
227,126,128,0
228,122,128,0
229,128,128,0
230,128,128,0
231,128,128,1
232,106,128,0
233,127,128,1
234,122,128,1
235,105,128,0
236,128,128,0
237,128,128,0
238,128,128,1
239,128,128,0
240,126,128,0
241,127,128,1
242,78,128,0
243,123,128,1
244,128,128,0
245,125,128,0
246,128,128,1
247,126,128,1
248,128,128,0
249,128,128,1
250,128,128,1
251,119,128,1
252,124,127,0
253,124,128,1
254,126,128,1
255,118,129,0
256,128,128,0
257,128,128,0
258,128,128,1
259,128,128,1
260,128,128,0
261,128,128,1
262,128,128,1
263,128,128,1
264,128,128,1
265,128,128,1
266,128,128,1
267,128,128,1
268,113,128,1
269,124,128,0
270,123,128,0
271,123,128,1
272,124,128,1
273,124,126,0
274,128,128,0
275,128,128,0
276,128,128,1
277,128,128,1
278,128,128,0
279,124,128,0
280,112,128,0
281,127,128,0
282,112,119,1
283,113,128,1
284,85,128,0
285,128,128,1
286,114,128,0
287,124,127,0
288,128,128,0
289,124,128,1
290,128,128,0
291,77,128,0
292,99,127,1
293,114,127,0
294,104,127,0
295,128,128,1
296,128,128,1
297,127,127,1
298,128,128,1
299,128,128,1
300,119,128,1
301,124,128,1
302,124,128,1
303,121,128,1
304,124,128,1
305,124,128,1
306,124,128,1
307,128,128,1
308,128,128,1
309,128,128,0
310,128,128,0
311,83,128,1
312,115,128,0
313,128,128,1
314,123,128,0
315,126,128,0
316,102,128,1
317,110,128,0
318,113,128,0
319,128,128,1
320,128,128,1
321,128,128,1
322,128,128,1
323,128,128,1
324,100,125,0
325,87,125,0
326,128,128,1
327,127,128,1
328,125,125,1
329,127,128,1
330,127,128,1
331,69,125,0
332,128,128,0
333,128,128,0
334,124,124,1
335,128,128,0
336,128,128,0
337,128,128,1
338,128,128,1
339,119,119,1
340,128,128,1
341,128,128,0
342,111,129,1
343,128,128,1
344,125,128,1
345,127,128,1
346,128,128,1
347,108,128,0
348,125,128,1
349,128,128,1
350,128,128,1
351,101,128,1
352,99,112,0
353,106,112,1
354,107,111,0
355,108,112,1
356,108,111,0
357,105,112,1
358,107,112,1
359,107,112,0
360,105,111,1
361,105,112,1
362,100,112,1
363,105,112,0
364,105,112,0
365,108,111,0
366,106,111,1
367,98,112,1
368,108,110,1
369,108,112,1
370,108,112,1
371,107,109,1
372,108,109,1
373,108,111,0
374,103,112,1
375,111,112,1
376,111,112,1
377,110,112,1
378,100,112,1
379,110,112,1
380,107,112,1
381,105,112,1
382,92,112,1
383,93,112,1
384,91,112,1
385,108,112,1
386,111,112,1
387,108,112,1
388,90,112,0
389,111,112,1
390,111,112,1
391,111,112,1
392,110,112,1
393,111,112,1
394,109,112,1
395,102,108,0
396,101,108,0
397,101,110,0
398,93,112,1
399,87,111,0
400,86,112,0
401,74,112,0
402,97,109,1
403,101,112,1
404,101,112,1
405,83,112,0
406,103,107,0
407,67,112,0
408,105,112,1
409,104,110,1
410,105,108,0
411,103,110,0
412,97,110,0
413,104,107,0
414,86,111,0
415,86,107,0
416,91,107,1
417,110,112,0
418,107,111,0
419,107,111,1
420,106,111,0
421,106,110,0
422,111,112,0
423,110,112,1
424,106,112,1
425,64,96,0
426,108,111,0
427,110,112,0
428,77,98,1
429,81,95,1
430,66,106,0
431,72,107,0
432,83,93,1
433,102,111,1
434,75,110,1
435,110,112,0
436,92,110,1
437,93,112,1
438,102,112,1
439,106,109,1
440,110,112,1
441,111,112,1
442,97,112,1
443,82,103,0
444,99,112,1
445,110,112,0
446,93,108,1
447,92,101,1
448,84,111,1
449,75,108,1
450,93,102,1
451,86,112,1
452,102,112,0
453,93,111,0
454,97,111,0
455,101,112,0
456,106,112,0
457,107,112,0
458,109,112,0
459,92,112,0
460,84,108,1
461,97,112,0
462,111,112,0
463,93,109,1
464,101,106,1
465,80,109,1
466,77,109,1
467,96,104,1
468,98,110,1
469,102,112,0
470,102,112,0
471,94,112,0
472,65,112,0
473,88,112,1
474,89,112,1
475,98,112,0
476,107,112,0
477,96,112,0
478,109,112,1
479,111,112,1
480,112,112,1
481,108,112,1
482,106,112,1
483,111,112,1
484,95,112,0
485,73,112,1
486,89,112,1
487,96,112,1
488,106,112,1
489,107,112,1
490,67,112,1
491,101,109,0
492,90,112,1
493,108,112,0
494,107,112,1
495,108,110,1
496,98,112,1
497,98,109,1
498,107,111,1
499,75,112,1
500,92,113,0
501,100,112,0
502,105,112,0
503,109,112,0
504,64,112,1
505,100,111,1
506,87,112,0
507,110,112,0
508,106,111,1
509,109,110,1
510,99,112,1
511,94,111,1
512,109,110,1
513,64,111,0
514,89,112,1
515,101,112,1
516,103,112,1
517,83,112,0
518,105,112,0
519,80,111,1
520,108,112,0
521,109,111,1
522,108,112,1
523,100,112,1
524,97,111,1
525,109,111,1
526,79,112,0
527,79,113,0
528,80,112,1
529,95,112,0
530,105,109,0
531,92,112,0
532,99,112,0
533,107,111,1
534,109,109,1
535,105,112,1
536,103,111,1
537,106,109,1
538,102,112,0
539,76,112,1
540,104,112,0
541,111,112,0
542,104,112,0
543,94,112,0
544,110,112,1
545,112,112,1
546,110,112,1
547,111,112,1
548,112,112,1
549,102,112,0
550,104,112,0
551,110,112,0
552,108,112,1
553,99,112,0
554,112,112,1
555,112,112,1
556,111,112,1
557,111,112,1
558,112,112,1
559,105,112,0
560,103,112,1
561,76,112,0
562,107,112,0
563,104,112,1
564,108,112,1
565,105,112,1
566,100,112,1
567,110,112,1
568,71,112,0
569,108,112,0
570,109,112,0
571,42,69,1
572,41,54,1
573,77,107,0
574,84,105,0
575,43,52,1
576,100,112,1
577,106,112,0
578,108,111,1
579,107,112,1
580,103,112,1
581,98,111,1
582,109,111,1
583,84,112,0
584,111,112,1
585,112,112,1
586,111,112,1
587,108,112,1
588,111,112,1
589,109,112,0
590,43,60,0
591,93,106,1
592,91,106,1
593,44,58,0
594,101,111,1
595,97,106,0
596,94,105,0
597,25,41,0
598,108,111,1
599,70,110,1
600,101,105,0
601,96,111,1
602,98,103,0
603,90,111,1
604,104,109,1
605,112,117,0
606,114,117,0
607,116,117,0
608,117,117,0
609,114,117,0
610,115,117,0
611,117,117,0
612,117,117,0
613,105,117,0
614,92,117,0
615,105,117,1
616,110,117,1
617,93,117,1
618,86,117,0
619,110,117,1
620,112,117,1
621,114,117,0
622,90,117,1
623,111,117,1
624,106,117,0
625,72,117,0
626,113,116,1
627,116,116,1
628,115,117,0
629,98,112,1
630,114,117,1
631,92,117,1
632,102,111,1
633,106,110,1
634,116,117,1
635,115,117,1
636,104,117,1
637,75,97,1
638,82,95,0
639,117,117,1
640,107,117,0
641,117,117,1
642,117,117,1
643,93,117,0
644,108,115,1
645,110,117,1
646,116,117,0
647,35,55,0
648,117,117,1
649,117,117,1
650,65,67,1
651,67,67,0
652,67,67,0
653,66,67,0
654,67,67,1
655,66,67,1
656,67,67,0
657,67,67,1
658,67,67,1
659,67,67,0
660,67,67,0
661,67,67,0
662,67,67,1
663,67,67,0
664,58,67,0
665,59,67,0
666,51,67,0
667,65,67,0
668,67,67,0
669,67,67,1
670,67,67,0
671,67,67,0
672,67,67,1
673,67,67,0
674,66,67,0
675,67,67,0
676,47,68,0
677,49,67,0
678,54,67,1
679,66,67,1
680,65,67,1
681,67,67,1
682,63,67,1
683,67,67,1
684,67,67,1
685,59,67,1
686,65,67,1
687,59,67,1
688,65,67,1
689,65,67,1
690,65,67,1
691,64,67,0
692,65,66,1
693,65,67,0
694,64,67,0
695,65,66,1
696,65,67,1
697,63,67,0
698,46,67,0
699,67,67,1
700,47,67,1
701,61,67,1
702,49,66,1
703,64,67,1
704,66,67,1
705,64,67,0
706,66,67,0
707,62,67,0
708,66,66,1
709,66,66,0
710,61,68,1
711,67,67,1
712,67,67,1
713,64,67,0
714,64,67,1
715,67,67,0
716,64,67,0
717,67,67,1
718,65,67,0
719,53,67,0
720,67,67,0
721,67,67,1
722,65,67,0
723,66,67,0
724,66,67,0
725,65,67,0
726,66,66,0
727,66,67,0
728,42,68,1
729,62,67,1
730,53,67,1
731,53,67,0
732,56,67,1
733,49,67,1
734,64,67,0
735,63,67,0
736,52,67,1
737,67,67,1
738,56,67,0
739,59,67,1
740,45,67,0
741,67,67,1
742,64,67,1
743,55,67,1
744,66,67,1
745,58,67,0
746,34,66,0
747,66,67,1
748,63,67,0
749,47,67,1
750,59,68,1
751,66,67,1
752,65,66,1
753,66,67,1
754,66,67,0
755,66,67,1
756,64,65,0
757,53,65,0
758,64,67,0
759,50,67,0
760,62,67,1
761,67,67,1
762,61,67,0
763,45,64,0
764,40,64,0
765,39,62,1
766,68,68,0
767,62,68,1
768,68,68,0
769,45,68,1
770,65,68,1
771,64,68,0
772,50,68,1
773,62,67,0
774,68,68,1
775,62,67,0
776,55,68,0
777,68,68,0
778,42,68,1
779,66,68,1
780,51,67,0
781,49,68,1
782,68,68,1
783,68,68,1
784,68,68,1
785,63,68,0
786,67,68,0
787,61,68,0
788,60,68,1
789,68,68,0
790,68,68,0
791,68,68,1
792,67,68,1
793,34,68,1
794,68,68,1
795,68,68,1
796,68,68,0
797,66,68,0
798,67,68,0
799,40,69,0
800,39,68,0
801,65,68,1
802,68,68,0
803,68,68,0
804,67,68,0
805,59,68,1
806,64,68,0
807,67,68,1
808,68,68,0
809,66,68,1
810,68,68,0
811,52,69,1
812,68,68,0
813,68,68,0
814,68,68,0
815,66,68,0
816,59,68,0
817,68,68,0
818,61,68,0
819,68,68,0
820,59,68,1
821,68,68,1
822,38,68,1
823,66,68,1
824,68,68,0
825,68,68,0
826,59,68,1
827,60,68,0
828,67,68,1
829,68,68,1
830,65,68,0
831,67,68,0
832,68,68,1
833,66,68,0
834,59,68,1
835,62,68,0
836,66,68,1
837,66,68,0
838,68,68,0
839,68,68,0
840,55,69,0
841,68,68,0
842,63,68,1
843,68,68,1
844,68,68,0
845,56,67,0
846,68,68,0
847,60,68,0
848,53,67,0
849,68,68,0
850,68,68,1
851,68,68,1
852,68,68,1
853,68,68,1
854,68,68,0
855,63,67,0
856,68,68,0
857,66,68,0
858,68,68,1
859,68,68,0
860,68,68,0
861,68,68,1
862,68,68,0
863,68,68,0
864,68,68,0
865,68,68,0
866,68,68,0
867,68,68,1
868,68,68,1
869,68,68,0
870,68,68,0
871,68,68,1
872,68,68,1
873,63,68,1
874,68,68,1
875,66,68,1
876,63,68,0
877,68,68,1
878,52,68,1
879,68,68,1
880,68,68,1
881,68,68,1
882,54,67,0
883,60,68,1
884,64,68,1
885,68,68,1
886,66,66,1
887,68,68,1
888,50,67,1
889,66,66,0
890,62,66,0
891,67,68,0
892,65,68,0
893,67,68,0
894,68,68,0
895,65,66,1
896,68,68,0
897,61,67,0
898,66,66,1
899,61,66,1
900,66,68,1
901,51,68,0
902,67,67,1
903,67,67,0
904,67,68,0
905,59,68,0
906,68,68,1
907,68,68,1
908,67,68,0
909,52,68,1
910,68,68,0
911,68,68,0
912,68,68,1
913,68,68,1
914,63,68,1
915,66,68,0
916,68,68,0
917,67,68,0
918,68,68,1
919,64,68,1
920,68,68,1
921,68,68,1
922,68,68,0
923,68,68,1
924,65,66,1
925,25,25,0
926,38,48,1
927,67,68,0
928,68,68,0
929,68,68,0
930,65,65,0
931,63,66,0
932,42,42,1
933,59,60,1
934,59,60,1
935,59,60,1
936,60,60,0
937,59,60,0
938,58,60,0
939,59,60,1
940,56,60,1
941,42,60,1
942,55,60,0
943,60,60,0
944,60,60,1
945,59,60,1
946,60,60,1
947,59,60,1
948,60,60,0
949,59,60,1
950,60,60,1
951,59,60,0
952,51,60,0
953,53,60,1
954,59,59,0
955,49,60,0
956,55,60,1
957,37,60,1
958,53,60,1
959,58,60,1
960,56,60,1
961,54,60,0
962,59,60,0
963,50,60,0
964,58,59,0
965,59,59,0
966,59,60,0
967,58,60,0
968,59,60,0
969,47,59,0
970,31,60,1
971,60,60,0
972,45,61,1
973,56,60,1
974,53,60,1
975,59,60,1
976,59,60,1
977,56,60,1
978,44,60,0
979,60,60,1
980,42,60,0
981,57,60,1
982,59,60,0
983,60,60,0
984,49,60,0
985,60,60,0
986,45,60,1
987,59,59,0
988,42,60,1
989,56,60,1
990,48,60,1
991,56,60,1
992,60,60,1
993,55,60,1
994,43,60,0
995,59,59,0
996,45,59,0
997,56,60,0
998,59,59,0
999,57,59,0
1000,50,59,0
1001,59,59,0
1002,41,60,1
1003,59,59,0
1004,60,60,1
1005,60,60,0
1006,60,60,0
1007,60,60,0
1008,60,60,0
1009,60,60,1
1010,13,18,0
1011,54,55,0
1012,47,53,0
1013,12,19,0
1014,26,28,1
1015,58,58,0
1016,19,23,0
1017,59,59,0
1018,56,60,1
1019,49,60,0
1020,56,60,0
1021,59,60,0
1022,56,60,1
1023,45,60,0
1024,59,60,1
1025,42,60,1
1026,57,60,1
1027,59,59,1
1028,57,60,0
1029,51,60,1
1030,59,59,1
1031,36,60,1
1032,54,60,1
1033,48,60,1
1034,53,60,0
1035,47,60,0
1036,58,60,1
1037,60,60,1
1038,53,60,1
1039,60,60,1
1040,60,60,1
1041,60,60,1
1042,57,60,1
1043,60,60,1
1044,58,60,1
1045,53,60,1
1046,60,60,0
1047,55,60,1
1048,55,60,0
1049,60,60,1
1050,48,60,0
1051,60,60,1
1052,60,60,1
1053,60,60,0
1054,58,60,0
1055,60,60,0
1056,48,60,0
1057,52,60,0
1058,48,60,1
1059,59,60,0
1060,60,60,1
1061,57,60,0
1062,60,60,1
1063,60,60,1
1064,60,60,0
1065,60,60,0
1066,60,60,0
1067,55,60,0
1068,52,60,0
1069,60,60,0
1070,60,60,1
1071,59,60,0
1072,60,60,1
1073,60,60,1
1074,60,60,0
1075,60,60,0
1076,60,60,0
1077,60,60,0
1078,60,60,0
1079,60,60,1
1080,55,60,1
1081,60,60,1
1082,60,60,1
1083,60,60,0
1084,59,60,1
1085,60,60,1
1086,60,60,1
1087,60,60,1
1088,36,60,1
1089,59,60,1
1090,59,60,1
1091,58,60,1
1092,51,60,1
1093,60,60,1
1094,47,60,0
1095,54,55,1
1096,46,55,1
1097,13,21,1
1098,24,28,1
1099,58,58,1
1100,18,24,1
1101,58,60,1
1102,52,60,1
1103,54,54,1
1104,54,57,0
1105,43,58,0
1106,54,57,0
1107,43,60,1
1108,49,54,0
1109,39,56,0
1110,54,60,1
1111,45,55,0
1112,58,59,1
1113,21,29,1
1114,57,58,1
1115,17,25,1
1116,59,59,1
1117,55,59,0
1118,21,31,1
1119,59,60,0
1120,58,58,0
1121,49,60,1
1122,58,60,1
1123,55,63,0
1124,63,63,0
1125,63,63,0
1126,58,63,1
1127,63,63,0
1128,63,63,0
1129,60,63,0
1130,63,63,1
1131,63,63,0
1132,62,63,0
1133,49,63,1
1134,63,63,0
1135,63,63,0
1136,57,63,0
1137,63,63,1
1138,58,62,1
1139,62,63,0
1140,59,61,1
1141,55,60,1
1142,59,64,1
1143,60,60,1
1144,45,63,0
1145,61,62,1
1146,60,62,1
1147,33,63,0
1148,62,62,1
1149,63,63,0
1150,62,63,0
1151,54,63,0
1152,63,63,0
1153,46,59,1
1154,62,63,1
1155,27,29,1
1156,60,63,1
1157,55,55,1
1158,63,63,1
1159,92,92,0
1160,83,92,1
1161,92,92,1
1162,92,92,0
1163,92,92,0
1164,92,92,1
1165,92,92,1
1166,92,92,1
1167,92,92,0
1168,92,92,0
1169,92,92,1
1170,92,92,1
1171,92,92,1
1172,92,92,1
1173,92,92,1
1174,92,92,0
1175,92,92,0
1176,92,92,0
1177,83,93,0
1178,76,92,1
1179,67,92,1
1180,74,92,1
1181,86,92,1
1182,68,92,1
1183,91,92,1
1184,88,92,1
1185,88,92,0
1186,87,92,1
1187,85,92,0
1188,89,92,1
1189,92,92,0
1190,92,92,1
1191,92,92,1
1192,92,92,1
1193,92,92,0
1194,92,92,0
1195,92,92,1
1196,92,92,1
1197,92,92,1
1198,92,92,1
1199,92,92,1
1200,92,92,1
1201,90,92,0
1202,92,92,0
1203,92,92,0
1204,92,92,0
1205,92,92,1
1206,92,92,0
1207,92,92,1
1208,88,92,0
1209,92,92,0
1210,92,92,0
1211,74,92,0
1212,85,92,0
1213,92,92,1
1214,81,92,1
1215,92,92,0
1216,92,92,0
1217,92,92,0
1218,90,90,0
1219,92,92,0
1220,92,92,0
1221,92,92,0
1222,78,78,0
1223,92,92,0
1224,92,92,0
1225,91,91,0
1226,92,92,0
1227,90,92,0
1228,92,92,0
1229,92,92,0
1230,92,92,0
1231,89,92,0
1232,89,92,1
1233,86,92,1
1234,91,92,1
1235,86,92,0
1236,92,92,1
1237,51,92,1
1238,90,92,1
1239,61,92,0
1240,72,92,1
1241,50,92,1
1242,67,92,0
1243,74,92,1
1244,92,92,1
1245,80,92,1
1246,91,92,1
1247,75,92,1
1248,90,92,0
1249,68,92,0
1250,79,92,0
1251,87,92,1
1252,73,92,1
1253,90,91,1
1254,76,92,1
1255,86,92,1
1256,79,92,0
1257,90,91,0
1258,60,92,0
1259,89,92,0
1260,74,92,0
1261,64,92,1
1262,89,92,1
1263,83,92,1
1264,92,92,1
1265,76,92,1
1266,91,92,0
1267,75,92,1
1268,50,92,0
1269,88,92,1
1270,68,93,1
1271,92,92,0
1272,55,92,1
1273,90,92,1
1274,92,92,1
1275,86,92,1
1276,89,92,0
1277,84,92,1
1278,91,92,0
1279,91,92,0
1280,89,92,0
1281,92,92,0
1282,91,92,0
1283,92,92,0
1284,78,92,0
1285,58,88,1
1286,77,84,0
1287,90,90,0
1288,66,92,0
1289,89,90,0
1290,89,92,0
1291,92,92,1
1292,88,91,1
1293,92,92,1
1294,53,92,1
1295,92,92,1
1296,64,93,0
1297,89,92,1
1298,78,85,0
1299,46,77,0
1300,80,85,0
1301,93,94,1
1302,66,94,0
1303,85,94,1
1304,94,94,1
1305,88,94,1
1306,91,94,1
1307,94,94,0
1308,94,94,0
1309,80,94,1
1310,92,94,0
1311,60,94,1
1312,94,94,1
1313,94,94,1
1314,94,94,0
1315,86,94,0
1316,94,94,1
1317,91,94,1
1318,94,94,0
1319,94,94,1
1320,91,94,0
1321,93,94,0
1322,93,94,0
1323,92,94,1
1324,93,93,0
1325,94,94,0
1326,93,94,1
1327,94,94,0
1328,91,93,1
1329,54,94,1
1330,89,94,1
1331,93,94,0
1332,89,94,0
1333,92,94,0
1334,94,94,0
1335,84,94,0
1336,94,94,0
1337,61,94,0
1338,94,94,1
1339,94,94,0
1340,93,94,0
1341,94,94,1
1342,94,94,0
1343,87,94,1
1344,94,94,1
1345,94,94,1
1346,83,94,1
1347,87,94,1
1348,59,94,1
1349,91,94,1
1350,68,94,1
1351,93,94,1
1352,94,94,1
1353,94,94,0
1354,65,94,1
1355,90,94,0
1356,78,94,1
1357,81,94,0
1358,90,94,0
1359,94,94,1
1360,94,94,1
1361,87,94,0
1362,94,94,0
1363,73,94,0
1364,79,94,0
1365,86,94,0
1366,94,94,1
1367,88,94,0
1368,90,94,0
1369,65,94,0
1370,92,94,0
1371,94,94,1
1372,94,94,1
1373,94,94,0
1374,83,91,0
1375,92,94,0
1376,85,94,0
1377,76,94,0
1378,94,94,1
1379,94,94,1
1380,92,94,0
1381,91,94,0
1382,94,94,1
1383,94,94,1
1384,94,94,1
1385,94,94,1
1386,82,94,1
1387,92,94,1
1388,96,96,1
1389,96,96,0
1390,66,94,1
1391,63,94,0
1392,70,93,1
1393,96,96,0
1394,93,94,0
1395,92,92,1
1396,94,95,1
1397,53,93,1
1398,92,92,0
1399,93,96,0
1400,96,96,1
1401,96,96,1
1402,96,96,1
1403,96,96,1
1404,96,96,1
1405,96,96,1
1406,96,96,1
1407,96,96,0
1408,96,96,1
1409,96,96,1
1410,96,96,0
1411,80,96,0
1412,96,96,0
1413,72,96,1
1414,95,96,0
1415,96,96,0
1416,92,96,0
1417,96,96,0
1418,96,96,0
1419,96,96,0
1420,74,95,1
1421,50,95,0
1422,96,96,1
1423,94,95,1
1424,94,94,0
1425,95,95,1
1426,64,94,1
1427,94,94,0
1428,92,96,1
1429,96,96,1
1430,77,96,1
1431,96,96,0
1432,93,94,0
1433,94,94,1
1434,94,95,1
1435,68,96,1
1436,94,94,0
1437,91,96,0
1438,87,96,0
1439,76,96,1
1440,96,96,1
1441,96,96,0
1442,96,96,1
1443,93,96,0
1444,93,95,0
1445,95,96,1
1446,73,95,1
1447,94,94,0
1448,94,96,1
1449,95,96,1
1450,96,96,1
1451,90,96,0
1452,96,96,1
1453,96,96,0
1454,95,96,1
1455,94,95,0
1456,75,95,1
1457,94,95,0
1458,94,94,0
1459,80,96,0
1460,95,96,1
1461,91,93,1
1462,69,69,0
1463,95,95,0
1464,94,95,1
1465,95,95,0
1466,81,96,1
1467,92,92,0
1468,94,96,0
1469,95,95,0
1470,80,85,1
1471,84,85,1
1472,85,85,1
1473,85,85,0
1474,85,86,0
1475,84,85,1
1476,85,85,0
1477,84,85,0
1478,81,85,1
1479,85,85,0
1480,84,85,0
1481,84,85,0
1482,84,85,1
1483,85,85,0
1484,84,85,1
1485,84,85,1
1486,85,85,1
1487,84,85,1
1488,85,85,1
1489,85,85,0
1490,85,85,1
1491,68,85,0
1492,80,84,0
1493,83,85,0
1494,83,85,0
1495,81,85,0
1496,79,85,0
1497,77,85,0
1498,53,85,0
1499,82,84,0
1500,81,85,0
1501,82,84,0
1502,80,85,0
1503,83,83,0
1504,82,83,0
1505,78,84,0
1506,83,84,0
1507,82,84,0
1508,83,85,0
1509,83,85,0
1510,83,84,0
1511,80,85,1
1512,80,85,0
1513,85,85,0
1514,82,85,0
1515,65,85,0
1516,74,85,0
1517,71,85,0
1518,82,85,0
1519,81,85,0
1520,85,86,0
1521,84,85,0
1522,83,85,0
1523,84,85,0
1524,74,85,0
1525,84,85,1
1526,84,85,0
1527,84,85,0
1528,84,85,0
1529,85,85,0
1530,73,85,0
1531,80,84,0
1532,67,84,0
1533,71,85,1
1534,50,85,0
1535,83,85,0
1536,72,85,0
1537,65,85,0
1538,75,83,0
1539,64,84,0
1540,81,84,0
1541,81,83,0
1542,75,85,1
1543,81,83,0
1544,82,85,0
1545,72,84,0
1546,77,84,0
1547,81,83,0
1548,69,85,1
1549,72,85,0
1550,82,85,1
1551,79,85,0
1552,85,85,0
1553,44,85,1
1554,74,85,0
1555,63,85,0
1556,75,85,0
1557,78,83,0
1558,76,83,1
1559,81,85,0
1560,79,83,1
1561,76,85,1
1562,68,85,0
1563,70,85,1
1564,81,83,1
1565,74,83,0
1566,81,85,1
1567,80,85,1
1568,85,85,0
1569,74,84,1
1570,81,85,0
1571,68,78,1
1572,79,84,0
1573,22,38,0
1574,22,33,1
1575,83,85,0
1576,26,39,1
1577,23,39,1
1578,75,82,0
1579,63,79,1
1580,29,33,1
1581,78,85,1
1582,75,85,1
1583,84,85,0
1584,65,85,0
1585,60,85,1
1586,69,84,0
1587,65,84,1
1588,80,84,0
1589,80,83,1
1590,78,85,1
1591,82,83,1
1592,80,84,0
1593,55,84,0
1594,76,84,0
1595,83,83,1
1596,69,85,1
1597,80,85,0
1598,81,85,1
1599,79,85,1
1600,80,85,0
1601,73,85,1
1602,85,85,0
1603,83,85,1
1604,50,85,1
1605,85,85,1
1606,84,85,1
1607,79,85,1
1608,85,85,1
1609,85,85,1
1610,81,85,0
1611,73,86,0
1612,64,85,1
1613,76,85,0
1614,56,85,1
1615,83,85,0
1616,80,84,1
1617,67,85,0
1618,83,84,1
1619,83,85,1
1620,69,84,1
1621,80,85,1
1622,83,84,1
1623,85,85,0
1624,84,85,0
1625,83,85,0
1626,80,85,0
1627,85,85,0
1628,85,85,0
1629,81,85,0
1630,85,85,0
1631,84,85,0
1632,84,85,0
1633,85,85,0
1634,85,85,0
1635,70,85,0
1636,63,85,0
1637,74,85,0
1638,79,82,0
1639,79,82,1
1640,81,84,0
1641,79,84,1
1642,79,82,1
1643,61,85,0
1644,72,85,1
1645,82,83,1
1646,73,85,0
1647,62,85,0
1648,82,85,0
1649,83,85,1
1650,76,85,0
1651,83,85,1
1652,85,85,1
1653,64,85,1
1654,80,85,0
1655,85,85,1
1656,79,84,0
1657,69,80,0
1658,72,79,1
1659,82,85,0
1660,72,77,1
1661,70,83,1
1662,70,82,0
1663,54,82,1
1664,75,77,1
1665,81,85,0
1666,84,84,1
1667,74,85,1
1668,82,84,1
1669,84,85,0
1670,73,84,0
1671,82,84,0
1672,84,84,1
1673,17,31,1
1674,82,84,0
1675,20,36,1
1676,20,37,0
1677,77,83,0
1678,72,80,0
1679,23,32,1
1680,84,84,1
1681,15,29,0
1682,19,32,1
1683,77,82,1
1684,71,78,1
1685,16,25,1
1686,84,85,1
1687,83,84,1
1688,80,85,1
1689,83,85,0
1690,84,85,1
1691,23,40,1
1692,80,81,1
1693,75,79,1
1694,15,29,0
1695,78,85,1
1696,72,79,1
1697,25,35,1
1698,73,84,0
1699,80,81,1
1700,77,78,1
1701,60,89,0
1702,84,89,0
1703,76,89,0
1704,46,89,0
1705,67,89,1
1706,80,89,0
1707,89,89,0
1708,86,89,1
1709,85,89,0
1710,87,89,0
1711,83,89,0
1712,79,89,1
1713,60,89,0
1714,67,90,1
1715,82,89,0
1716,89,89,0
1717,84,89,0
1718,85,89,0
1719,88,89,0
1720,88,89,0
1721,85,89,0
1722,87,89,0
1723,70,89,1
1724,86,89,1
1725,50,89,1
1726,89,89,0
1727,87,88,0
1728,82,89,0
1729,74,89,0
1730,86,89,0
1731,88,89,0
1732,89,89,0
1733,76,89,0
1734,89,89,0
1735,71,89,0
1736,77,89,0
1737,87,88,1
1738,86,89,1
1739,86,89,0
1740,88,88,0
1741,82,89,0
1742,89,89,1
1743,88,89,1
1744,86,89,0
1745,89,89,0
1746,88,89,1
1747,70,89,1
1748,88,89,0
1749,87,89,0
1750,84,87,0
1751,89,89,0
1752,18,32,0
1753,89,89,0
1754,84,87,0
1755,89,89,0
1756,63,67,1
1757,67,67,0
1758,64,67,0
1759,67,67,0
1760,67,67,0
1761,67,67,0
1762,67,67,0
1763,67,67,0
1764,67,67,1
1765,67,67,0
1766,67,67,1
1767,67,67,0
1768,62,67,1
1769,67,67,0
1770,66,67,1
1771,46,67,1
1772,49,67,1
1773,60,67,0
1774,53,67,0
1775,62,67,0
1776,67,67,0
1777,67,67,0
1778,67,67,0
1779,67,68,0
1780,66,67,0
1781,65,67,0
1782,53,67,0
1783,67,67,0
1784,39,67,0
1785,60,67,1
1786,65,67,1
1787,63,67,1
1788,67,67,1
1789,67,67,1
1790,67,67,1
1791,66,67,1
1792,66,67,1
1793,40,67,0
1794,67,67,0
1795,59,67,1
1796,65,67,0
1797,62,67,0
1798,66,67,0
1799,67,67,1
1800,67,67,0
1801,67,67,1
1802,67,67,1
1803,67,68,0
1804,66,67,1
1805,66,67,0
1806,37,67,0
1807,67,67,0
1808,55,67,0
1809,63,67,1
1810,64,67,1
1811,65,67,1
1812,66,68,1
1813,62,67,1
1814,59,67,1
1815,67,67,0
1816,65,67,0
1817,66,67,1
1818,66,67,1
1819,66,67,1
1820,56,67,1
1821,67,67,1
1822,65,67,1
1823,67,67,1
1824,67,68,1
1825,65,67,1
1826,65,67,1
1827,65,67,0
1828,67,67,0
1829,41,67,1
1830,60,67,1
1831,61,67,1
1832,65,67,1
1833,57,67,1
1834,57,68,1
1835,66,67,0
1836,64,67,0
1837,56,67,0
1838,39,67,1
1839,49,67,1
1840,66,68,0
1841,46,67,1
1842,49,67,1
1843,67,67,0
1844,56,67,0
1845,61,67,0
1846,62,67,1
1847,55,67,0
1848,51,67,1
1849,57,67,1
1850,46,67,1
1851,45,67,0
1852,67,67,0
1853,56,66,0
1854,65,67,0
1855,61,68,0
1856,34,67,0
1857,56,67,1
1858,67,67,0
1859,48,67,0
1860,51,66,0
1861,52,67,1
1862,67,67,0
1863,35,67,1
1864,67,67,0
1865,45,65,0
1866,50,67,1
1867,67,67,0
1868,47,67,0
1869,67,67,0
1870,64,67,0
1871,67,67,0
1872,67,67,0
1873,67,67,0
1874,65,69,1
1875,63,69,1
1876,67,69,1
1877,69,69,1
1878,69,69,0
1879,42,69,0
1880,67,69,1
1881,69,69,1
1882,68,69,1
1883,57,69,0
1884,69,69,1
1885,69,69,1
1886,58,69,1
1887,52,69,1
1888,69,69,0
1889,67,69,1
1890,69,69,1
1891,69,69,0
1892,36,69,0
1893,54,69,1
1894,69,69,0
1895,69,69,0
1896,60,69,1
1897,69,69,1
1898,69,69,0
1899,62,69,0
1900,69,69,1
1901,69,69,1
1902,64,69,1
1903,49,69,1
1904,69,69,0
1905,69,69,0
1906,66,69,1
1907,69,69,1
1908,69,69,0
1909,52,69,1
1910,63,69,1
1911,69,69,0
1912,68,69,1
1913,69,69,1
1914,69,69,1
1915,48,69,1
1916,69,69,0
1917,69,69,1
1918,49,67,1
1919,69,69,0
1920,69,69,0
1921,59,69,0
1922,66,69,0
1923,66,69,1
1924,69,69,0
1925,68,69,1
1926,59,69,0
1927,69,69,0
1928,69,69,1
1929,69,69,1
1930,69,69,1
1931,69,69,1
1932,69,69,1
1933,69,69,1
1934,69,69,0
1935,69,69,1
1936,57,69,1
1937,65,69,0
1938,62,69,1
1939,69,69,0
1940,69,69,0
1941,69,69,1
1942,69,69,1
1943,62,69,0
1944,69,69,0
1945,68,69,1
1946,64,69,0
1947,48,69,1
1948,45,69,0
1949,69,69,1
1950,69,69,0
1951,68,68,1
1952,45,68,1
1953,68,68,1
1954,67,69,0
1955,66,69,1
1956,69,69,0
1957,69,69,1
1958,69,69,0
1959,69,69,1
1960,67,69,0
1961,69,69,0
1962,69,69,1
1963,69,69,0
1964,68,69,0
1965,69,69,1
1966,69,69,0
1967,66,69,1
1968,57,69,1
1969,67,69,1
1970,67,69,0
1971,49,69,1
1972,69,69,1
1973,68,69,1
1974,69,69,1
1975,60,69,1
1976,69,69,1
1977,66,69,0
1978,66,68,0
1979,69,69,0
1980,69,69,0
1981,64,67,1
1982,61,68,0
1983,67,67,1
1984,67,69,0
1985,60,67,1
1986,68,69,1
1987,57,69,1
1988,69,69,1
1989,69,69,1
1990,69,69,1
1991,35,69,1
1992,69,69,0
1993,65,69,1
1994,69,69,0
1995,67,69,1
1996,68,69,1
1997,69,69,0
1998,69,69,1
1999,69,69,1
2000,68,69,1
2001,68,68,1
2002,51,68,1
2003,68,68,0
2004,66,69,1
2005,67,68,0
2006,66,70,1
2007,69,69,1
2008,69,69,1
2009,69,69,1
2010,68,69,1
2011,69,69,1
2012,70,70,1
2013,70,70,1
2014,70,70,0
2015,55,70,1
2016,70,70,1
2017,67,68,1
2018,48,48,0
2019,68,68,1
2020,29,56,1
2021,68,68,0
2022,68,70,1
2023,66,69,0
2024,68,68,0
2025,37,37,0
2026,68,69,1
2027,61,62,0
2028,62,62,0
2029,62,62,1
2030,62,62,0
2031,62,63,0
2032,62,62,1
2033,62,62,1
2034,62,63,1
2035,61,63,1
2036,62,62,1
2037,62,62,0
2038,62,62,0
2039,62,62,1
2040,62,62,1
2041,62,62,0
2042,62,63,1
2043,61,63,1
2044,62,63,1
2045,62,62,0
2046,62,62,1
2047,62,62,1
2048,62,63,1
2049,62,62,1
2050,58,62,0
2051,53,62,1
2052,60,62,1
2053,61,63,0
2054,48,62,1
2055,57,62,1
2056,59,63,1
2057,56,63,1
2058,47,62,1
2059,51,63,0
2060,49,62,0
2061,62,62,1
2062,61,62,1
2063,56,62,1
2064,62,63,1
2065,50,63,0
2066,62,63,1
2067,59,62,0
2068,62,62,1
2069,62,62,1
2070,62,63,1
2071,60,62,1
2072,48,62,0
2073,57,62,1
2074,60,62,1
2075,53,62,0
2076,45,62,1
2077,54,63,1
2078,48,64,0
2079,54,62,0
2080,49,62,0
2081,51,62,0
2082,61,61,1
2083,54,61,1
2084,51,62,0
2085,60,62,1
2086,57,63,0
2087,61,62,1
2088,53,61,1
2089,59,61,1
2090,57,62,1
2091,61,62,1
2092,55,61,1
2093,54,62,0
2094,59,62,0
2095,48,62,0
2096,49,62,1
2097,56,62,1
2098,45,63,1
2099,47,62,0
2100,43,62,0
2101,33,62,1
2102,61,62,1
2103,52,62,0
2104,45,62,0
2105,60,62,1
2106,58,63,0
2107,61,62,0
2108,55,62,0
2109,61,62,1
2110,58,61,0
2111,61,62,0
2112,54,61,1
2113,52,60,0
2114,59,62,0
2115,55,62,0
2116,43,62,0
2117,56,63,0
2118,57,62,0
2119,58,62,1
2120,59,62,1
2121,57,59,1
2122,49,62,0
2123,58,62,1
2124,51,60,1
2125,61,63,0
2126,58,59,1
2127,40,59,0
2128,47,60,1
2129,37,59,0
2130,58,59,1
2131,32,59,1
2132,60,63,0
2133,58,63,0
2134,53,59,0
2135,60,63,0
2136,59,63,0
2137,62,63,0
2138,62,63,1
2139,18,29,1
2140,56,61,0
2141,62,63,0
2142,17,29,0
2143,63,63,0
2144,24,26,1
2145,52,56,0
2146,47,55,0
2147,50,58,0
2148,24,26,1
2149,51,58,0
2150,54,62,1
2151,61,63,1
2152,48,63,1
2153,38,62,1
2154,49,62,0
2155,44,62,0
2156,62,62,1
2157,59,62,0
2158,50,62,0
2159,62,63,1
2160,58,63,0
2161,62,63,0
2162,59,63,0
2163,61,62,1
2164,59,62,0
2165,62,63,0
2166,60,62,0
2167,51,62,0
2168,44,63,1
2169,50,61,1
2170,54,62,1
2171,54,62,1
2172,58,61,0
2173,54,62,0
2174,50,62,1
2175,58,62,0
2176,57,63,1
2177,60,61,0
2178,56,63,0
2179,56,61,0
2180,55,62,0
2181,60,62,0
2182,54,61,0
2183,53,63,1
2184,57,60,1
2185,57,63,1
2186,58,63,1
2187,55,61,1
2188,35,63,1
2189,56,63,1
2190,52,57,0
2191,62,63,1
2192,56,57,0
2193,45,61,0
2194,48,61,1
2195,34,62,0
2196,56,57,0
2197,45,61,0
2198,50,63,0
2199,43,63,1
2200,47,63,1
2201,63,63,1
2202,56,63,0
2203,43,63,1
2204,62,63,0
2205,56,63,1
2206,63,63,0
2207,55,63,0
2208,62,63,1
2209,58,63,0
2210,63,63,0
2211,57,63,0
2212,48,62,0
2213,44,62,0
2214,59,60,1
2215,57,62,0
2216,48,62,0
2217,59,61,0
2218,58,63,1
2219,59,60,0
2220,57,63,0
2221,58,62,1
2222,59,62,0
2223,59,61,0
2224,57,61,0
2225,46,62,1
2226,61,62,1
2227,59,62,1
2228,35,62,1
2229,61,63,1
2230,57,63,0
2231,62,63,1
2232,61,63,0
2233,60,62,1
2234,60,62,1
2235,62,63,1
2236,58,62,1
2237,61,62,1
2238,57,62,1
2239,47,62,1
2240,60,63,1
2241,57,63,0
2242,62,63,1
2243,59,63,1
2244,59,62,1
2245,61,62,1
2246,62,63,1
2247,59,62,1
2248,56,60,1
2249,62,63,1
2250,18,29,1
2251,63,63,1
2252,18,21,0
2253,51,58,1
2254,50,54,0
2255,48,55,1
2256,11,20,0
2257,52,57,1
2258,57,63,1
2259,55,62,1
2260,58,63,0
2261,60,61,0
2262,50,62,0
2263,46,61,1
2264,35,61,0
2265,60,61,0
2266,43,60,1
2267,62,63,1
2268,57,63,0
2269,63,63,1
2270,61,63,0
2271,61,63,1
2272,63,63,1
2273,63,63,1
2274,58,63,1
2275,61,63,1
2276,22,24,0
2277,48,56,1
2278,45,54,0
2279,48,59,1
2280,22,25,0
2281,47,58,1
2282,63,63,0
2283,61,63,0
2284,61,63,1
2285,63,63,0
2286,63,63,0
2287,60,63,0
2288,55,55,1
2289,53,55,0
2290,53,54,1
2291,14,17,1
2292,54,55,0
2293,31,59,0
2294,40,61,0
2295,53,55,1
2296,41,59,0
2297,44,60,1
2298,53,54,0
2299,43,59,1
2300,53,55,0
2301,36,57,1
2302,53,56,0
2303,55,65,0
2304,53,65,0
2305,59,65,1
2306,53,65,0
2307,60,65,1
2308,59,65,0
2309,59,65,1
2310,64,65,0
2311,64,65,1
2312,65,65,0
2313,61,65,0
2314,63,65,0
2315,39,65,0
2316,63,65,1
2317,63,65,0
2318,62,65,0
2319,65,65,0
2320,62,65,1
2321,65,65,0
2322,39,63,0
2323,60,64,0
2324,52,65,1
2325,52,65,1
2326,53,64,1
2327,60,60,0
2328,64,64,0
2329,60,60,1
2330,62,64,0
2331,54,66,1
2332,45,64,0
2333,53,64,0
2334,61,62,0
2335,64,64,1
2336,62,62,0
2337,62,65,0
2338,64,65,0
2339,63,65,0
2340,64,64,0
2341,59,64,1
2342,64,64,0
2343,47,64,1
2344,48,63,1
2345,61,62,0
2346,64,65,1
2347,62,62,0
2348,37,64,0
2349,61,61,0
2350,64,65,1
2351,60,61,0
2352,60,63,0
2353,64,65,1
2354,60,62,0
2355,64,64,0
2356,14,21,1
2357,64,64,0
2358,65,74,0
2359,66,74,0
2360,69,74,0
2361,70,74,1
2362,63,74,0
2363,73,74,1
2364,43,74,1
2365,68,74,0
2366,74,74,0
2367,74,74,0
2368,74,74,1
2369,74,74,1
2370,74,74,1
2371,73,74,0
2372,74,74,1
2373,73,74,1
2374,63,74,0
2375,73,74,0
2376,74,74,0
2377,53,74,1
2378,41,74,1
2379,57,74,1
2380,44,74,1
2381,74,74,1
2382,73,74,0
2383,72,74,1
2384,74,74,1
2385,39,74,0
2386,74,74,1
2387,67,74,1
2388,50,74,1
2389,68,74,1
2390,70,74,1
2391,43,74,0
2392,73,74,0
2393,70,74,1
2394,72,74,1
2395,71,74,0
2396,72,74,0
2397,72,74,0
2398,74,74,0
2399,74,74,1
2400,74,74,0
2401,73,74,0
2402,74,74,0
2403,74,74,1
2404,74,74,1
2405,71,74,0
2406,74,74,0
2407,73,74,0
2408,74,74,1
2409,74,74,0
2410,74,74,0
2411,74,74,0
2412,74,74,1
2413,74,74,1
2414,73,74,0
2415,74,74,0
2416,74,74,0
2417,74,74,0
2418,74,74,0
2419,74,74,1
2420,49,74,1
2421,74,74,0
2422,72,74,0
2423,73,74,1
2424,74,74,1
2425,49,74,0
2426,73,74,0
2427,61,74,1
2428,38,74,1
2429,60,74,1
2430,66,74,1
2431,74,74,1
2432,66,74,1
2433,70,74,0
2434,73,74,0
2435,73,74,0
2436,64,74,0
2437,54,74,1
2438,62,74,0
2439,43,74,1
2440,45,74,1
2441,71,74,0
2442,71,73,1
2443,72,73,1
2444,57,74,1
2445,45,74,0
2446,68,74,1
2447,66,74,1
2448,51,74,0
2449,43,74,1
2450,63,74,0
2451,59,74,0
2452,55,74,0
2453,56,74,1
2454,73,74,0
2455,71,74,0
2456,64,74,1
2457,73,74,1
2458,54,74,1
2459,73,74,0
2460,52,74,0
2461,50,74,1
2462,53,74,0
2463,60,74,0
2464,70,74,0
2465,68,74,0
2466,73,74,0
2467,74,74,1
2468,72,74,0
2469,74,74,1
2470,62,74,0
2471,38,74,0
2472,68,74,1
2473,69,74,1
2474,72,74,1
2475,64,74,1
2476,50,74,1
2477,65,74,1
2478,70,74,1
2479,53,74,0
2480,61,72,1
2481,62,73,0
2482,52,68,1
2483,68,74,0
2484,40,70,1
2485,72,74,0
2486,73,74,0
2487,72,74,0
2488,54,72,0
2489,44,70,1
2490,52,74,0
2491,50,72,0
2492,63,70,1
2493,60,74,0
2494,70,74,0
2495,62,74,0
2496,43,71,0
2497,74,74,0
2498,67,69,1
2499,67,74,1
2500,62,69,0
2501,60,74,1
2502,71,74,1
2503,55,74,1
2504,37,73,1
2505,69,74,1
2506,59,69,1
2507,49,49,0
2508,34,59,1
2509,69,74,0
2510,59,74,0
2511,67,73,1
2512,69,74,0
2513,71,74,0
2514,73,74,1
2515,73,74,0
2516,57,69,0
2517,63,74,1
2518,44,74,1
2519,55,74,1
2520,65,74,1
2521,63,74,1
2522,63,74,0
2523,51,74,1
2524,72,74,1
2525,21,22,1
2526,52,53,1
2527,52,52,1
2528,75,76,0
2529,75,76,1
2530,71,77,1
2531,75,75,1
2532,75,77,1
2533,71,75,0
2534,74,75,0
2535,75,77,0
2536,47,77,0
2537,75,77,0
2538,74,75,0
2539,75,76,1
2540,75,77,0
2541,74,76,0
2542,75,77,1
2543,75,75,0
2544,39,74,0
2545,75,76,1
2546,71,76,0
2547,75,77,0
2548,75,76,1
2549,74,76,0
2550,62,77,0
2551,77,77,1
2552,40,77,1
2553,75,76,0
2554,66,75,1
2555,60,77,1
2556,67,76,1
2557,41,78,0
2558,69,70,0
2559,75,76,1
2560,70,76,0
2561,75,77,1
2562,77,77,1
2563,74,76,1
2564,64,76,0
2565,77,77,1
2566,44,76,1
2567,75,76,0
2568,68,74,1
2569,57,77,1
2570,70,77,1
2571,69,70,0
2572,74,77,0
2573,75,77,0
2574,74,77,0
2575,75,77,1
2576,40,77,0
2577,74,77,0
2578,75,75,0
2579,64,77,1
2580,75,77,1
2581,63,75,1
2582,75,77,1
2583,75,75,0
2584,75,76,0
2585,39,76,1
2586,73,77,0
2587,75,75,0
2588,65,77,1
2589,47,77,0
2590,69,77,1
2591,77,77,0
2592,75,77,0
2593,77,77,1
2594,68,77,0
2595,76,77,1
2596,77,77,0
2597,71,77,1
2598,77,77,0
2599,54,77,1
2600,77,77,1
2601,75,77,0
2602,77,77,1
2603,76,77,0
2604,72,77,1
2605,77,77,0
2606,67,77,1
2607,75,77,1
2608,75,75,0
2609,75,76,1
2610,63,76,0
2611,75,77,1
2612,75,75,0
2613,77,77,0
2614,69,76,0
2615,75,77,0
2616,77,77,0
2617,71,72,1
2618,77,77,1
2619,76,77,0
2620,77,77,1
2621,75,77,0
2622,74,77,1
2623,77,77,1
2624,77,77,1
2625,77,77,0
2626,69,77,1
2627,71,77,1
2628,76,76,0
2629,77,77,0
2630,77,77,0
2631,77,77,0
2632,77,77,0
2633,77,77,0
2634,76,76,1
2635,71,76,1
2636,70,70,0
2637,77,77,1
2638,74,77,1
2639,76,76,0
2640,76,76,0
2641,77,77,1
2642,77,77,1
2643,76,77,0
2644,66,77,0
2645,70,77,0
2646,58,77,0
2647,76,77,1
2648,72,77,1
2649,77,77,0
2650,66,77,1
2651,77,77,0
2652,69,78,1
2653,73,77,1
2654,77,77,1
2655,74,78,1
2656,77,77,1
2657,67,78,1
2658,76,77,1
2659,73,77,1
2660,77,77,1
2661,73,78,1
2662,77,77,1
2663,77,77,1
2664,69,78,1
2665,77,77,1
2666,77,77,1
2667,65,78,0
2668,72,77,0
2669,77,77,0
2670,69,78,1
2671,77,77,1
2672,72,78,1
2673,65,76,0
2674,48,76,1
2675,62,76,0
2676,78,78,1
2677,77,77,1
2678,69,69,0
2679,71,78,1
2680,69,69,0
2681,76,77,1
2682,73,78,1
2683,58,76,0
2684,42,76,0
2685,78,78,1
2686,77,77,1
2687,76,76,0
2688,70,78,1
2689,76,76,0
2690,76,78,1
2691,73,78,0
2692,41,78,0
2693,75,75,1
2694,59,76,0
2695,78,78,1
2696,76,77,1
2697,72,72,0
2698,71,78,1
2699,72,72,0
2700,76,78,1
2701,78,78,1
2702,75,77,1
2703,73,74,0
2704,71,78,1
2705,73,74,0
2706,74,78,1
2707,78,78,0
2708,78,78,0
2709,75,78,0
2710,78,78,0
2711,75,78,0
2712,77,77,1
2713,45,78,0
2714,77,77,1
2715,50,78,1
2716,72,76,0
2717,23,24,1
2718,77,77,0
2719,71,72,1
2720,43,78,1
2721,77,77,1
2722,65,68,0
2723,61,68,0
2724,67,68,0
2725,68,68,1
2726,67,68,0
2727,65,68,0
2728,64,68,1
2729,65,68,0
2730,68,68,0
2731,66,68,0
2732,59,68,0
2733,63,68,0
2734,68,68,0
2735,67,68,0
2736,64,68,0
2737,68,68,0
2738,60,69,1
2739,68,68,0
2740,67,68,0
2741,67,68,0
2742,68,68,1
2743,68,68,1
2744,66,68,0
2745,60,68,0
2746,49,68,1
2747,62,68,1
2748,56,66,0
2749,50,69,0
2750,56,68,0
2751,39,68,0
2752,55,67,1
2753,42,68,0
2754,60,68,0
2755,50,68,1
2756,60,66,1
2757,53,68,1
2758,53,68,1
2759,62,66,1
2760,59,68,0
2761,64,66,0
2762,63,66,1
2763,58,68,0
2764,64,67,1
2765,63,66,1
2766,52,68,0
2767,65,68,1
2768,67,68,1
2769,67,68,0
2770,54,68,1
2771,51,68,1
2772,57,68,0
2773,65,68,0
2774,54,68,1
2775,52,68,0
2776,54,68,0
2777,67,68,0
2778,67,68,0
2779,44,68,0
2780,68,68,0
2781,48,68,0
2782,68,68,0
2783,67,68,0
2784,67,68,0
2785,67,68,1
2786,68,68,1
2787,65,68,0
2788,56,67,1
2789,51,68,0
2790,61,68,1
2791,57,68,0
2792,57,68,1
2793,56,67,0
2794,54,68,1
2795,60,68,1
2796,57,68,1
2797,59,66,0
2798,48,68,0
2799,61,68,1
2800,63,65,0
2801,65,68,0
2802,64,65,0
2803,62,65,0
2804,60,68,0
2805,61,65,1
2806,64,65,1
2807,44,68,0
2808,42,64,0
2809,63,68,1
2810,66,68,0
2811,60,66,1
2812,47,64,1
2813,66,68,1
2814,64,68,1
2815,64,68,1
2816,51,65,0
2817,55,66,1
2818,65,68,1
2819,52,61,0
2820,68,68,0
2821,55,60,0
2822,53,60,0
2823,35,64,1
2824,54,60,1
2825,53,62,1
2826,55,67,1
2827,58,68,0
2828,62,68,0
2829,56,68,0
2830,46,64,0
2831,59,68,0
2832,63,68,0
2833,62,68,1
2834,26,38,1
2835,58,66,0
2836,60,68,0
2837,30,37,1
2838,64,68,0
2839,34,36,1
2840,31,46,1
2841,45,64,0
2842,28,40,1
2843,33,37,1
2844,56,67,1
2845,35,68,0
2846,53,68,0
2847,62,68,0
2848,47,69,0
2849,44,68,1
2850,37,68,0
2851,64,68,0
2852,54,68,0
2853,43,68,1
2854,66,68,0
2855,63,68,0
2856,68,68,0
2857,68,68,0
2858,64,68,0
2859,65,68,1
2860,67,68,1
2861,56,68,0
2862,48,68,0
2863,61,68,0
2864,45,68,0
2865,48,68,1
2866,45,68,1
2867,65,68,0
2868,61,68,0
2869,42,68,1
2870,67,68,0
2871,54,68,1
2872,67,67,0
2873,65,68,0
2874,65,68,0
2875,66,68,0
2876,67,68,1
2877,60,68,0
2878,60,66,1
2879,37,68,0
2880,53,68,0
2881,47,68,1
2882,62,67,0
2883,53,68,1
2884,54,68,1
2885,63,65,0
2886,63,68,0
2887,64,66,0
2888,65,65,1
2889,58,67,0
2890,62,65,1
2891,64,66,1
2892,55,68,0
2893,62,68,0
2894,64,68,1
2895,63,68,1
2896,52,62,0
2897,34,67,0
2898,63,67,1
2899,51,57,0
2900,67,68,0
2901,55,57,0
2902,53,57,0
2903,43,66,0
2904,53,61,1
2905,55,57,1
2906,45,67,1
2907,53,68,1
2908,50,68,1
2909,64,68,0
2910,52,68,0
2911,49,68,1
2912,65,68,0
2913,64,68,0
2914,67,68,0
2915,66,68,0
2916,59,68,0
2917,66,68,1
2918,67,68,1
2919,53,68,0
2920,51,68,0
2921,63,67,0
2922,62,68,0
2923,35,68,0
2924,66,67,0
2925,52,68,0
2926,66,67,0
2927,65,67,0
2928,65,68,0
2929,65,67,1
2930,66,67,1
2931,62,68,0
2932,66,67,1
2933,59,68,1
2934,42,68,0
2935,67,67,1
2936,52,68,0
2937,67,67,1
2938,65,67,1
2939,64,68,1
2940,65,67,1
2941,67,67,1
2942,60,68,1
2943,59,66,0
2944,64,67,1
2945,16,28,0
2946,66,68,0
2947,25,28,0
2948,23,38,1
2949,52,64,1
2950,21,33,1
2951,21,28,1
2952,60,67,1
2953,57,68,1
2954,65,66,0
2955,63,68,0
2956,66,66,0
2957,61,66,0
2958,57,67,0
2959,64,66,1
2960,64,66,1
2961,49,68,1
2962,64,67,1
2963,56,68,0
2964,66,67,1
2965,64,67,1
2966,64,68,1
2967,66,67,1
2968,66,67,1
2969,59,68,0
2970,68,68,0
2971,16,20,0
2972,17,31,0
2973,59,64,1
2974,15,27,1
2975,17,22,1
2976,67,67,1
2977,68,68,0
2978,67,68,0
2979,65,68,0
2980,68,68,0
2981,68,68,1
2982,64,68,0
2983,17,29,0
2984,63,64,1
2985,19,26,0
2986,16,20,0
2987,67,67,1
2988,55,63,1
2989,18,35,0
2990,16,30,1
2991,64,67,1
2992,58,63,1
2993,60,65,1
2994,59,67,1
2995,16,28,1
2996,65,67,1
2997,65,67,1
2998,70,73,0
2999,63,73,1
3000,68,73,0
3001,72,73,1
3002,71,73,1
3003,73,73,0
3004,73,73,1
3005,73,73,0
3006,73,73,0
3007,69,73,0
3008,73,73,0
3009,56,74,0
3010,51,73,1
3011,70,73,1
3012,65,73,1
3013,73,73,0
3014,68,73,1
3015,72,73,0
3016,72,73,0
3017,47,73,1
3018,73,73,0
3019,46,73,0
3020,70,73,1
3021,69,73,1
3022,71,73,0
3023,71,73,0
3024,72,73,0
3025,72,73,0
3026,44,73,0
3027,72,73,0
3028,71,73,1
3029,64,73,1
3030,73,73,1
3031,72,73,1
3032,73,73,1
3033,73,73,1
3034,42,73,0
3035,73,73,1
3036,61,74,1
3037,56,71,1
3038,58,72,1
3039,49,66,1
3040,36,45,0
3041,69,73,1
3042,39,44,0
3043,52,73,0
3044,56,73,0
3045,63,73,0
3046,69,72,0
3047,63,73,1
3048,71,71,0
3049,45,73,0
3050,53,71,1
3051,69,71,0
3052,69,73,1
3053,71,71,0
3054,53,73,0
3055,71,71,0
3056,69,73,1
3057,70,71,0
3058,56,62,0
3059,69,73,1
3060,60,62,0
3061,73,73,1
3062,19,26,0
3063,73,73,1
3064,91,91,1
3065,84,91,1
3066,80,91,1
3067,83,91,1
3068,65,91,0
3069,91,91,1
3070,90,91,1
3071,89,91,1
3072,91,91,1
3073,91,91,1
3074,91,91,1
3075,91,91,1
3076,91,91,0
3077,90,91,1
3078,91,91,1
3079,91,91,0
3080,91,91,1
3081,91,91,1
3082,91,91,1
3083,91,91,1
3084,60,91,1
3085,88,91,1
3086,71,91,0
3087,84,91,1
3088,83,91,1
3089,91,91,1
3090,81,91,0
3091,56,91,1
3092,68,91,1
3093,78,91,1
3094,56,91,0
3095,59,91,1
3096,76,91,1
3097,89,91,0
3098,90,91,1
3099,90,91,1
3100,85,91,1
3101,87,91,0
3102,90,91,0
3103,89,91,1
3104,90,91,1
3105,91,91,0
3106,90,91,1
3107,91,91,1
3108,88,91,0
3109,59,92,1
3110,66,91,1
3111,91,91,1
3112,84,91,1
3113,90,91,1
3114,90,91,1
3115,88,91,1
3116,91,91,1
3117,91,91,1
3118,91,91,1
3119,90,91,0
3120,91,91,1
3121,91,91,1
3122,90,91,1
3123,90,91,1
3124,87,91,0
3125,85,91,1
3126,91,91,1
3127,91,91,0
3128,90,91,1
3129,91,91,0
3130,90,91,1
3131,91,91,1
3132,91,91,1
3133,91,91,1
3134,91,91,1
3135,91,91,1
3136,91,91,1
3137,91,91,1
3138,90,91,1
3139,89,91,1
3140,87,91,1
3141,88,91,0
3142,89,91,1
3143,90,91,1
3144,91,91,1
3145,91,91,0
3146,91,91,1
3147,91,91,1
3148,89,91,0
3149,54,91,0
3150,83,91,0
3151,65,91,1
3152,53,91,0
3153,85,91,1
3154,71,91,0
3155,80,91,1
3156,80,91,0
3157,91,91,1
3158,82,92,0
3159,59,91,0
3160,59,91,1
3161,65,91,1
3162,71,91,0
3163,79,91,1
3164,60,91,1
3165,66,91,1
3166,75,91,0
3167,72,91,0
3168,88,91,0
3169,61,91,0
3170,72,91,0
3171,73,91,0
3172,71,91,1
3173,86,91,0
3174,90,91,0
3175,81,91,0
3176,89,91,0
3177,82,91,0
3178,68,91,1
3179,73,91,1
3180,91,91,1
3181,83,91,0
3182,73,91,0
3183,69,91,0
3184,56,91,0
3185,80,91,0
3186,78,91,0
3187,73,91,1
3188,62,91,0
3189,83,91,1
3190,82,91,0
3191,72,91,1
3192,87,91,1
3193,75,91,0
3194,91,91,1
3195,90,91,0
3196,86,91,0
3197,87,91,0
3198,75,91,0
3199,89,91,0
3200,86,88,1
3201,34,60,1
3202,82,83,1
3203,78,90,0
3204,84,91,1
3205,66,89,0
3206,66,91,1
3207,72,91,0
3208,68,91,1
3209,56,93,0
3210,78,91,1
3211,80,91,0
3212,61,91,1
3213,87,91,1
3214,48,52,1
3215,83,83,1
3216,83,83,1
3217,89,92,0
3218,92,92,1
3219,90,92,1
3220,68,92,0
3221,90,92,1
3222,92,92,1
3223,92,92,1
3224,80,92,0
3225,91,92,1
3226,90,92,0
3227,91,92,1
3228,87,92,1
3229,92,92,1
3230,92,92,1
3231,92,92,1
3232,92,92,1
3233,78,92,1
3234,92,92,1
3235,92,92,1
3236,92,92,1
3237,90,92,1
3238,92,92,0
3239,85,92,1
3240,92,92,1
3241,62,92,0
3242,92,92,1
3243,92,92,1
3244,92,92,1
3245,82,92,0
3246,92,92,1
3247,89,92,0
3248,92,92,1
3249,92,92,0
3250,92,92,0
3251,84,92,1
3252,92,92,0
3253,90,92,1
3254,92,92,0
3255,92,92,0
3256,90,92,1
3257,74,92,1
3258,92,92,0
3259,91,92,1
3260,92,92,0
3261,92,92,1
3262,63,92,1
3263,92,92,0
3264,91,92,0
3265,92,92,0
3266,92,92,0
3267,91,92,1
3268,92,92,0
3269,92,92,1
3270,66,92,0
3271,92,92,1
3272,90,92,0
3273,92,92,1
3274,90,92,1
3275,92,92,0
3276,92,92,1
3277,92,92,1
3278,91,92,1
3279,92,92,1
3280,91,92,0
3281,60,92,0
3282,92,92,0
3283,92,92,1
3284,92,92,0
3285,92,92,0
3286,92,92,0
3287,46,92,1
3288,92,92,0
3289,92,92,0
3290,86,92,1
3291,92,92,1
3292,92,92,1
3293,92,92,1
3294,92,92,1
3295,80,88,1
3296,88,90,1
3297,68,83,0
3298,55,80,0
3299,92,92,1
3300,88,92,0
3301,92,92,0
3302,91,92,0
3303,92,92,0
3304,92,92,1
3305,92,92,0
3306,92,92,0
3307,92,92,0
3308,88,92,1
3309,91,92,1
3310,85,92,0
3311,92,92,0
3312,92,92,0
3313,92,92,0
3314,92,92,0
3315,92,92,1
3316,92,92,0
3317,92,92,0
3318,92,92,0
3319,92,92,1
3320,93,93,0
3321,93,93,1
3322,93,93,0
3323,93,93,1
3324,89,92,0
3325,82,89,1
3326,82,90,1
3327,91,92,0
3328,91,91,0
3329,54,84,1
3330,56,92,0
3331,70,92,0
3332,54,92,1
3333,92,92,1
3334,92,92,1
3335,89,92,0
3336,80,92,1
3337,90,92,1
3338,83,92,0
3339,52,92,0
3340,62,92,1
3341,92,92,1
3342,92,92,1
3343,85,89,0
3344,79,91,1
3345,89,92,1
3346,81,89,0
3347,91,92,0
3348,75,92,0
3349,92,92,0
3350,92,92,0
3351,86,91,1
3352,87,92,0
3353,92,92,0
3354,79,91,1
3355,92,92,1
3356,58,92,1
3357,92,92,0
3358,93,93,1
3359,93,93,1
3360,91,93,0
3361,81,93,1
3362,92,93,1
3363,88,93,0
3364,93,93,1
3365,93,93,1
3366,93,93,1
3367,93,93,1
3368,93,93,1
3369,93,93,1
3370,90,93,0
3371,67,93,0
3372,93,93,0
3373,88,90,1
3374,93,93,1
3375,59,69,1
3376,81,93,0
3377,90,90,1
3378,93,93,0
3379,81,81,0
3380,80,81,1
3381,81,81,1
3382,80,81,0
3383,81,81,1
3384,81,81,0
3385,81,81,0
3386,81,81,1
3387,81,81,1
3388,81,81,0
3389,81,81,0
3390,72,81,0
3391,81,81,0
3392,81,81,0
3393,80,81,1
3394,81,81,0
3395,81,81,0
3396,81,81,1
3397,81,81,1
3398,81,81,0
3399,81,81,0
3400,81,81,0
3401,81,81,0
3402,58,81,0
3403,70,80,1
3404,61,81,0
3405,69,80,1
3406,76,80,0
3407,67,81,1
3408,69,80,1
3409,79,80,1
3410,66,81,0
3411,66,81,1
3412,66,81,0
3413,74,81,0
3414,57,81,0
3415,76,81,0
3416,77,81,0
3417,66,80,1
3418,79,80,1
3419,78,80,1
3420,73,81,0
3421,76,81,1
3422,74,81,1
3423,66,81,1
3424,77,81,1
3425,72,81,0
3426,73,81,0
3427,76,81,0
3428,53,81,1
3429,73,81,1
3430,79,81,0
3431,53,81,1
3432,65,81,1
3433,63,81,1
3434,79,81,0
3435,66,81,0
3436,67,81,0
3437,80,81,0
3438,60,81,1
3439,81,81,0
3440,81,81,1
3441,81,81,0
3442,79,81,0
3443,80,81,0
3444,73,81,0
3445,54,81,1
3446,59,79,0
3447,64,79,0
3448,79,81,1
3449,48,80,0
3450,71,77,0
3451,78,81,1
3452,79,81,1
3453,75,81,1
3454,66,80,0
3455,74,81,1
3456,80,81,1
3457,65,81,0
3458,79,80,1
3459,75,76,0
3460,73,78,0
3461,63,80,0
3462,54,78,0
3463,71,79,0
3464,51,81,1
3465,66,78,1
3466,69,80,0
3467,70,81,1
3468,41,81,1
3469,73,79,1
3470,70,81,0
3471,75,81,1
3472,78,81,0
3473,72,80,0
3474,64,80,1
3475,75,81,0
3476,74,78,0
3477,71,81,1
3478,77,77,1
3479,76,77,1
3480,63,80,0
3481,57,81,1
3482,74,79,1
3483,51,80,1
3484,48,74,0
3485,75,81,1
3486,68,80,0
3487,52,76,0
3488,76,81,1
3489,79,81,1
3490,80,81,1
3491,56,73,0
3492,69,78,1
3493,80,81,0
3494,52,69,0
3495,76,80,1
3496,63,65,0
3497,62,65,1
3498,48,75,1
3499,58,79,1
3500,49,75,0
3501,65,80,1
3502,78,81,0
3503,72,80,0
3504,58,78,1
3505,78,81,0
3506,78,81,0
3507,78,81,0
3508,58,80,1
3509,72,80,1
3510,79,81,0
3511,57,76,1
3512,78,80,0
3513,72,73,1
3514,71,74,1
3515,60,80,0
3516,66,80,0
3517,48,79,1
3518,71,81,0
3519,74,81,1
3520,81,81,1
3521,50,81,0
3522,57,81,1
3523,59,81,0
3524,77,81,0
3525,64,81,0
3526,71,81,0
3527,78,81,0
3528,61,81,1
3529,81,81,1
3530,81,81,1
3531,77,81,0
3532,77,81,1
3533,77,81,1
3534,75,81,1
3535,77,80,0
3536,74,81,1
3537,78,81,1
3538,77,81,1
3539,75,81,0
3540,63,81,1
3541,78,81,1
3542,75,81,0
3543,74,80,1
3544,80,80,0
3545,79,80,0
3546,66,81,0
3547,60,81,0
3548,76,81,0
3549,56,81,0
3550,81,81,1
3551,80,81,1
3552,80,81,1
3553,28,56,0
3554,77,80,1
3555,81,81,0
3556,31,56,0
3557,80,80,1
3558,44,45,0
3559,43,48,1
3560,63,77,1
3561,72,79,1
3562,33,56,1
3563,79,80,1
3564,54,81,1
3565,61,81,1
3566,79,81,0
3567,64,81,0
3568,68,81,0
3569,78,81,0
3570,62,81,1
3571,81,81,1
3572,81,81,1
3573,77,81,0
3574,76,81,0
3575,81,81,0
3576,73,81,1
3577,58,81,0
3578,80,81,0
3579,70,81,0
3580,60,82,0
3581,80,81,0
3582,42,82,0
3583,81,81,1
3584,81,81,1
3585,80,81,0
3586,80,81,1
3587,81,81,1
3588,77,81,1
3589,81,81,0
3590,72,81,0
3591,43,81,0
3592,81,81,0
3593,52,81,0
3594,81,81,1
3595,81,81,1
3596,78,81,0
3597,75,81,0
3598,81,81,0
3599,77,81,1
3600,74,79,1
3601,81,81,0
3602,24,42,1
3603,77,81,0
3604,37,39,1
3605,34,40,1
3606,63,77,1
3607,65,78,0
3608,37,58,0
3609,73,80,0
3610,72,81,0
3611,76,79,1
3612,68,81,0
3613,78,78,1
3614,78,78,1
3615,73,80,1
3616,69,81,1
3617,78,78,1
3618,68,80,1
3619,78,81,0
3620,67,82,0
3621,81,81,0
3622,81,81,0
3623,79,81,0
3624,80,81,0
3625,80,81,0
3626,77,81,0
3627,76,81,0
3628,34,36,1
3629,31,37,1
3630,59,75,1
3631,64,79,0
3632,36,59,0
3633,74,80,0
3634,80,80,1
3635,80,80,1
3636,77,81,0
3637,78,81,1
3638,77,81,1
3639,71,81,1
3640,20,24,0
3641,74,74,1
3642,76,76,1
3643,50,50,1
3644,80,80,1
3645,72,74,1
3646,75,77,1
3647,46,51,1
3648,79,80,1
3649,58,79,0
3650,61,76,1
3651,62,80,0
3652,66,77,0
3653,53,81,0
3654,73,80,0
3655,58,86,0
3656,82,86,0
3657,54,86,1
3658,84,86,0
3659,85,86,0
3660,84,86,0
3661,82,86,0
3662,85,86,0
3663,85,86,0
3664,75,86,0
3665,85,86,0
3666,82,86,0
3667,62,86,1
3668,85,86,0
3669,86,86,0
3670,85,86,0
3671,83,86,1
3672,86,86,0
3673,86,86,1
3674,63,86,0
3675,84,86,0
3676,83,86,0
3677,76,86,0
3678,84,86,0
3679,77,86,1
3680,63,87,1
3681,86,86,1
3682,85,86,1
3683,77,86,0
3684,75,86,1
3685,83,86,0
3686,85,86,0
3687,86,86,0
3688,84,86,1
3689,86,86,0
3690,86,86,1
3691,74,86,0
3692,85,86,1
3693,75,83,0
3694,70,86,0
3695,73,86,0
3696,79,82,1
3697,80,81,1
3698,83,86,0
3699,58,83,1
3700,83,86,0
3701,83,85,0
3702,29,43,0
3703,22,39,1
3704,86,86,0
3705,67,75,0
3706,74,86,0
3707,83,86,1
3708,85,86,1
3709,82,86,0
3710,63,86,1
3711,85,85,0
3712,84,85,0
3713,78,86,1
3714,75,86,0
3715,28,38,1
3716,86,86,0
3717,67,72,0
3718,86,86,1
3719,70,71,1
3720,82,86,1
3721,93,93,1
3722,51,93,0
3723,61,93,0
3724,70,93,1
3725,55,93,1
3726,93,93,1
3727,92,93,0
3728,93,93,0
3729,93,93,1
3730,92,93,0
3731,93,93,0
3732,93,93,1
3733,93,93,1
3734,93,93,1
3735,86,93,1
3736,83,93,0
3737,93,93,1
3738,93,93,1
3739,93,93,0
3740,93,93,1
3741,77,92,1
3742,85,93,1
3743,77,93,1
3744,90,93,1
3745,73,93,1
3746,91,91,0
3747,57,93,0
3748,75,93,1
3749,81,93,1
3750,68,93,0
3751,93,93,1
3752,63,93,1
3753,57,93,1
3754,92,93,1
3755,93,93,1
3756,93,93,0
3757,93,93,1
3758,70,93,1
3759,89,93,0
3760,93,93,0
3761,93,93,1
3762,93,93,1
3763,93,93,1
3764,87,93,1
3765,85,93,0
3766,65,93,1
3767,51,93,0
3768,93,93,1
3769,93,93,1
3770,93,93,1
3771,90,93,0
3772,93,93,0
3773,93,93,1
3774,93,93,1
3775,92,93,1
3776,93,93,1
3777,93,93,1
3778,80,93,1
3779,93,93,0
3780,93,93,0
3781,86,93,0
3782,93,93,0
3783,93,93,0
3784,92,93,0
3785,93,93,0
3786,93,93,0
3787,93,93,0
3788,80,93,0
3789,93,93,0
3790,93,93,0
3791,93,93,1
3792,93,93,0
3793,82,93,0
3794,90,93,0
3795,84,93,0
3796,93,93,1
3797,90,93,0
3798,91,93,0
3799,63,93,1
3800,84,93,0
3801,93,93,0
3802,91,93,0
3803,93,93,1
3804,93,93,1
3805,75,93,0
3806,77,93,0
3807,75,93,0
3808,79,93,1
3809,93,93,1
3810,74,93,1
3811,89,92,1
3812,86,93,1
3813,91,93,1
3814,84,92,1
3815,84,86,0
3816,80,93,0
3817,89,92,1
3818,91,93,1
3819,66,91,1
3820,93,93,1
3821,66,88,1
3822,80,93,1
3823,93,93,1
3824,74,93,0
3825,83,93,1
3826,93,93,1
3827,83,93,0
3828,84,93,0
3829,93,93,1
3830,87,93,1
3831,78,92,0
3832,63,93,1
3833,67,93,1
3834,88,92,1
3835,89,93,0
3836,90,93,1
3837,88,93,1
3838,54,93,0
3839,91,92,0
3840,66,94,1
3841,56,93,0
3842,58,93,0
3843,82,93,1
3844,92,93,0
3845,78,92,0
3846,82,92,1
3847,88,93,1
3848,89,93,1
3849,88,93,1
3850,86,93,1
3851,91,93,1
3852,75,93,0
3853,75,93,1
3854,92,92,1
3855,65,93,1
3856,60,93,0
3857,69,93,0
3858,79,92,1
3859,92,93,0
3860,72,92,1
3861,93,93,0
3862,44,74,0
3863,80,80,0
3864,83,84,0
3865,74,93,1
3866,76,93,1
3867,65,93,0
3868,79,93,0
3869,57,93,0
3870,84,92,1
3871,93,93,0
3872,89,93,0
3873,92,93,1
3874,93,93,1
3875,93,93,1
3876,60,93,1
3877,78,80,1
3878,84,84,1
3879,61,86,1
3880,89,96,1
3881,69,95,0
3882,93,96,0
3883,95,96,0
3884,86,96,0
3885,94,96,0
3886,94,95,0
3887,94,96,0
3888,95,95,1
3889,95,95,0
3890,95,96,0
3891,95,95,0
3892,95,95,1
3893,95,95,0
3894,95,95,0
3895,95,96,0
3896,70,96,1
3897,96,96,0
3898,96,96,0
3899,96,96,0
3900,95,96,1
3901,96,96,1
3902,96,96,1
3903,96,96,1
3904,96,96,1
3905,96,96,1
3906,96,96,1
3907,96,96,1
3908,95,96,1
3909,96,96,0
3910,85,96,1
3911,93,96,1
3912,95,96,1
3913,94,96,1
3914,96,96,1
3915,96,96,1
3916,96,96,0
3917,96,96,1
3918,96,96,1
3919,96,96,1
3920,78,96,0
3921,70,96,1
3922,55,96,0
3923,96,96,1
3924,96,96,1
3925,96,96,0
3926,96,96,0
3927,96,96,1
3928,96,96,0
3929,96,96,1
3930,91,96,0
3931,93,96,0
3932,96,96,1
3933,96,96,1
3934,77,96,1
3935,96,96,1
3936,69,96,0
3937,86,96,0
3938,71,96,0
3939,96,96,1
3940,96,96,0
3941,95,96,0
3942,96,96,0
3943,96,96,1
3944,96,96,0
3945,92,96,0
3946,96,96,1
3947,96,96,0
3948,96,96,0
3949,94,96,0
3950,96,96,1
3951,73,96,0
3952,95,95,1
3953,95,96,0
3954,95,96,0
3955,94,95,0
3956,94,96,1
3957,95,95,0
3958,95,96,1
3959,96,96,1
3960,96,96,0
3961,96,96,0
3962,96,96,0
3963,96,96,1
3964,96,96,0
3965,96,96,1
3966,45,81,1
3967,87,94,1
3968,93,95,1
3969,91,95,0
3970,68,79,0
3971,93,96,1
3972,68,86,1
3973,83,93,1
3974,92,96,1
3975,87,96,0
3976,63,80,0
3977,59,84,0
3978,91,96,0
3979,62,96,0
3980,91,93,1
3981,93,96,0
3982,81,93,1
3983,89,96,1
3984,95,95,1
3985,94,96,1
3986,94,95,0
3987,85,95,0
3988,93,96,1
3989,77,84,0
3990,93,95,1
3991,94,95,0
3992,95,96,0
3993,94,95,1
3994,95,96,0
3995,94,95,0
3996,95,96,0
3997,95,96,0
3998,94,95,0
3999,81,82,0
4000,95,96,0
4001,87,96,0
4002,53,96,0
4003,91,96,1
4004,95,96,0
4005,90,96,1
4006,58,96,0
4007,77,96,1
4008,62,96,0
4009,95,96,0
4010,95,95,0
4011,90,96,0
4012,84,96,0
4013,78,93,0
4014,95,96,0
4015,96,96,0
4016,92,96,0
4017,95,96,1
4018,73,93,0
4019,91,92,0
4020,95,96,1
4021,75,96,1
4022,92,96,0
4023,96,96,0
4024,96,96,0
4025,78,96,0
4026,95,96,1
4027,92,96,0
4028,95,96,0
4029,95,96,0
4030,59,96,1
4031,95,96,1
4032,95,95,1
4033,89,96,0
4034,96,96,1
4035,96,96,0
4036,81,96,1
4037,95,96,1
4038,90,96,0
4039,95,96,0
4040,96,96,0
4041,96,96,0
4042,93,96,0
4043,96,96,1
4044,49,87,1
4045,75,76,0
4046,92,96,1
4047,95,96,1
4048,95,96,0
4049,96,96,0
4050,96,96,0
4051,90,96,0
4052,79,96,0
4053,96,96,0
4054,96,96,0
4055,73,96,1
4056,91,96,0
4057,96,96,0
4058,96,96,1
4059,96,96,0
4060,80,81,0
4061,84,85,1
4062,82,85,1
4063,85,85,1
4064,85,85,1
4065,84,85,0
4066,85,85,1
4067,83,85,1
4068,85,85,1
4069,85,85,1
4070,83,85,0
4071,67,85,0
4072,68,85,1
4073,84,85,1
4074,82,85,1
4075,74,85,1
4076,84,85,0
4077,67,85,1
4078,85,85,1
4079,85,85,1
4080,83,85,1
4081,85,85,1
4082,84,85,1
4083,83,85,0
4084,79,85,0
4085,81,84,1
4086,65,85,1
4087,67,85,0
4088,69,85,1
4089,79,85,1
4090,76,84,0
4091,80,84,1
4092,75,85,1
4093,80,85,1
4094,80,85,1
4095,79,85,0
4096,64,85,1
4097,79,85,0
4098,67,85,0
4099,79,85,0
4100,82,84,0
4101,79,84,1
4102,59,85,1
4103,83,84,1
4104,59,85,0
4105,62,85,1
4106,84,85,1
4107,84,85,1
4108,83,85,0
4109,83,85,1
4110,58,85,1
4111,83,85,0
4112,84,85,1
4113,50,85,0
4114,70,85,1
4115,68,85,1
4116,84,85,0
4117,72,85,0
4118,71,85,1
4119,84,85,0
4120,71,85,1
4121,85,85,0
4122,85,85,0
4123,82,85,1
4124,85,85,1
4125,80,85,0
4126,79,85,0
4127,76,83,1
4128,59,70,1
4129,74,80,1
4130,84,85,1
4131,74,81,1
4132,27,52,0
4133,84,85,1
4134,85,85,1
4135,84,85,1
4136,47,68,1
4137,83,85,1
4138,84,85,1
4139,47,59,1
4140,84,85,1
4141,28,41,0
4142,28,44,0
4143,78,83,1
4144,36,39,0
4145,78,85,1
4146,83,85,1
4147,60,80,0
4148,60,82,1
4149,82,85,1
4150,68,83,0
4151,77,81,0
4152,79,85,1
4153,84,85,1
4154,84,85,1
4155,74,80,0
4156,76,84,1
4157,84,85,1
4158,59,79,0
4159,85,85,1
4160,77,78,0
4161,74,78,0
4162,62,82,0
4163,77,78,0
4164,62,84,1
4165,72,85,1
4166,53,83,0
4167,82,85,0
4168,48,82,1
4169,57,78,1
4170,77,85,1
4171,84,85,1
4172,83,85,0
4173,54,80,1
4174,76,84,0
4175,83,85,0
4176,50,67,0
4177,84,85,0
4178,61,64,1
4179,57,64,1
4180,66,83,0
4181,62,63,1
4182,66,84,0
4183,73,85,1
4184,79,85,1
4185,52,83,0
4186,73,82,0
4187,81,85,1
4188,82,85,1
4189,81,85,1
4190,64,82,0
4191,75,85,1
4192,82,85,1
4193,54,78,0
4194,82,85,1
4195,75,78,0
4196,72,79,0
4197,69,84,1
4198,76,77,0
4199,74,85,1
4200,77,85,1
4201,84,85,0
4202,85,85,1
4203,58,85,0
4204,64,85,1
4205,65,85,1
4206,84,85,1
4207,71,85,0
4208,71,85,0
4209,83,85,0
4210,77,85,0
4211,85,85,1
4212,85,85,1
4213,81,85,1
4214,85,85,1
4215,81,85,0
4216,81,85,0
4217,73,80,1
4218,82,85,1
4219,84,85,1
4220,84,85,1
4221,61,82,1
4222,80,85,1
4223,83,85,0
4224,57,83,0
4225,83,85,0
4226,75,81,1
4227,72,81,1
4228,72,84,0
4229,78,80,1
4230,72,85,1
4231,79,85,1
4232,85,85,1
4233,84,85,1
4234,84,85,1
4235,48,60,1
4236,83,84,1
4237,85,85,1
4238,46,68,1
4239,85,85,1
4240,34,45,0
4241,29,47,0
4242,78,82,0
4243,40,43,0
4244,82,84,1
4245,83,85,1
4246,66,85,0
4247,62,85,0
4248,83,85,1
4249,61,85,1
4250,74,85,0
4251,79,85,0
4252,82,85,0
4253,85,85,1
4254,84,85,1
4255,77,85,1
4256,85,85,1
4257,76,85,1
4258,76,85,1
4259,52,85,1
4260,84,85,1
4261,81,85,1
4262,54,85,0
4263,85,85,0
4264,59,85,0
4265,85,85,1
4266,85,85,1
4267,84,85,1
4268,85,85,1
4269,83,85,1
4270,80,85,1
4271,82,85,1
4272,78,85,0
4273,52,85,0
4274,85,85,0
4275,58,85,0
4276,85,85,1
4277,85,85,1
4278,83,85,1
4279,84,85,1
4280,82,85,0
4281,79,85,0
4282,81,84,1
4283,84,85,0
4284,42,78,1
4285,84,85,0
4286,50,55,0
4287,45,56,1
4288,73,81,0
4289,53,55,1
4290,76,84,1
4291,81,85,1
4292,77,85,0
4293,81,84,0
4294,80,85,0
4295,84,84,1
4296,82,84,1
4297,74,84,1
4298,84,84,1
4299,76,85,0
4300,69,85,0
4301,84,85,0
4302,61,85,1
4303,85,85,0
4304,85,85,0
4305,81,85,1
4306,85,85,1
4307,83,85,0
4308,80,85,0
4309,83,85,0
4310,48,51,1
4311,45,51,1
4312,67,82,0
4313,49,50,1
4314,70,83,0
4315,75,85,0
4316,85,85,0
4317,85,85,1
4318,82,85,1
4319,85,85,1
4320,85,85,0
4321,81,85,0
4322,16,25,0
4323,80,81,0
4324,20,22,1
4325,83,83,1
4326,84,85,1
4327,78,81,0
4328,23,25,1
4329,79,83,1
4330,84,85,1
4331,81,81,0
4332,45,84,0
4333,71,86,1
4334,82,83,1
4335,85,85,1
4336,66,85,1
4337,82,89,0
4338,53,89,1
4339,87,89,1
4340,89,89,0
4341,89,89,1
4342,88,89,1
4343,87,89,1
4344,89,89,0
4345,88,89,0
4346,49,89,1
4347,89,89,1
4348,86,91,0
4349,87,91,1
4350,91,91,0
4351,89,91,1
4352,91,91,1
4353,89,91,1
4354,91,91,0
4355,89,91,0
4356,86,91,1
4357,88,91,1
4358,89,91,1
4359,90,91,0
4360,91,91,1
4361,90,91,1
4362,88,91,1
4363,91,91,0
4364,91,91,0
4365,51,91,0
4366,91,91,1
4367,83,90,0
4368,80,89,0
4369,86,89,1
4370,76,91,0
4371,86,88,0
4372,76,88,0
4373,90,91,1
4374,80,89,0
4375,63,87,1
4376,68,87,1
4377,73,90,0
4378,74,84,1
4379,63,86,1
4380,91,91,0
4381,45,88,0
4382,34,54,1
4383,72,87,1
4384,41,48,0
4385,30,54,0
4386,91,91,1
4387,67,84,1
4388,79,86,1
4389,31,47,0
4390,31,54,1
4391,90,91,1
4392,69,83,1
4393,79,86,0
4394,72,91,0
4395,89,91,1
4396,61,88,0
4397,40,46,1
4398,91,91,1
4399,74,79,0
4400,91,91,0
4401,64,84,0
4402,91,91,1
4403,59,59,0
4404,42,59,1
4405,57,59,1
4406,59,59,0
4407,59,59,1
4408,59,59,0
4409,59,59,0
4410,59,59,1
4411,59,59,1
4412,59,59,1
4413,59,59,1
4414,59,59,1
4415,59,59,0
4416,59,59,0
4417,58,59,0
4418,56,59,0
4419,57,59,0
4420,52,59,1
4421,30,59,0
4422,58,59,0
4423,32,59,0
4424,52,59,0
4425,32,59,0
4426,57,59,0
4427,45,59,0
4428,33,59,0
4429,47,59,0
4430,46,59,1
4431,59,59,1
4432,53,59,1
4433,59,59,0
4434,55,59,0
4435,59,59,1
4436,59,59,0
4437,54,59,0
4438,45,59,1
4439,59,59,0
4440,59,59,0
4441,59,59,1
4442,59,59,1
4443,59,59,0
4444,59,59,0
4445,55,59,0
4446,56,59,0
4447,59,59,0
4448,44,59,0
4449,59,59,0
4450,59,59,0
4451,59,59,0
4452,59,59,0
4453,59,59,0
4454,59,59,1
4455,59,59,0
4456,59,59,0
4457,59,59,1
4458,58,59,1
4459,59,59,1
4460,34,59,0
4461,59,59,1
4462,54,59,0
4463,58,59,1
4464,59,59,1
4465,49,59,0
4466,59,59,0
4467,38,59,1
4468,57,59,1
4469,53,59,1
4470,56,59,1
4471,53,59,1
4472,59,59,1
4473,51,59,0
4474,59,59,1
4475,40,59,1
4476,59,59,0
4477,35,59,1
4478,59,59,1
4479,38,59,1
4480,56,59,1
4481,30,59,0
4482,57,59,0
4483,53,59,0
4484,36,59,0
4485,50,59,1
4486,51,59,0
4487,57,59,1
4488,59,59,1
4489,57,59,0
4490,59,59,1
4491,55,59,0
4492,31,59,0
4493,50,59,0
4494,53,59,1
4495,58,59,1
4496,59,59,1
4497,50,59,1
4498,59,59,1
4499,57,59,1
4500,59,59,1
4501,58,59,0
4502,58,59,0
4503,32,59,1
4504,58,59,1
4505,42,59,0
4506,58,59,0
4507,49,59,0
4508,33,59,0
4509,49,59,1
4510,53,59,0
4511,58,59,1
4512,59,59,1
4513,58,59,1
4514,59,59,0
4515,57,59,1
4516,53,59,1
4517,56,59,1
4518,48,59,0
4519,58,59,0
4520,57,59,1
4521,59,59,1
4522,56,59,0
4523,52,59,0
4524,41,59,0
4525,53,59,1
4526,50,59,0
4527,55,59,1
4528,59,59,1
4529,52,52,1
4530,51,53,1
4531,28,54,0
4532,52,52,1
4533,41,53,1
4534,52,59,1
4535,37,59,1
4536,56,59,0
4537,59,59,1
4538,50,59,1
4539,45,59,0
4540,59,59,0
4541,57,59,0
4542,57,59,1
4543,59,59,1
4544,57,57,1
4545,32,32,0
4546,50,50,0
4547,40,40,0
4548,47,50,1
4549,37,47,1
4550,50,50,1
4551,40,50,1
4552,40,40,1
4553,59,59,0
4554,51,59,1
4555,59,59,1
4556,59,59,0
4557,51,59,0
4558,53,59,1
4559,44,59,0
4560,59,59,0
4561,56,59,1
4562,59,59,0
4563,46,59,0
4564,45,59,0
4565,59,59,1
4566,59,59,0
4567,59,59,0
4568,59,59,1
4569,59,59,1
4570,59,59,0
4571,44,59,0
4572,52,59,1
4573,59,59,1
4574,49,59,1
4575,59,59,0
4576,39,59,1
4577,47,59,0
4578,59,59,0
4579,58,59,0
4580,59,59,0
4581,58,59,1
4582,59,59,0
4583,56,59,1
4584,58,59,0
4585,59,59,0
4586,56,59,1
4587,53,59,1
4588,59,59,1
4589,57,59,1
4590,33,59,0
4591,54,59,0
4592,59,59,0
4593,45,59,1
4594,54,59,0
4595,59,59,0
4596,59,59,1
4597,59,59,1
4598,52,59,1
4599,59,59,1
4600,58,59,1
4601,59,59,1
4602,57,59,0
4603,59,59,1
4604,53,59,0
4605,52,59,0
4606,48,59,1
4607,57,59,0
4608,59,59,0
4609,58,59,0
4610,59,59,0
4611,58,59,0
4612,59,59,1
4613,59,59,0
4614,58,59,1
4615,57,59,0
4616,58,59,1
4617,57,59,1
4618,30,59,1
4619,59,59,1
4620,59,59,1
4621,59,59,1
4622,59,59,0
4623,56,59,0
4624,59,59,0
4625,42,59,1
4626,59,59,0
4627,57,59,0
4628,59,59,0
4629,59,59,0
4630,59,59,0
4631,59,59,0
4632,59,59,0
4633,59,59,0
4634,59,59,1
4635,59,59,0
4636,42,59,1
4637,59,59,1
4638,58,59,0
4639,57,59,0
4640,59,59,1
4641,59,59,1
4642,59,59,0
4643,59,59,0
4644,55,59,1
4645,35,59,1
4646,59,59,0
4647,59,59,1
4648,59,59,1
4649,59,59,0
4650,42,59,0
4651,59,59,1
4652,59,59,0
4653,40,59,0
4654,54,59,0
4655,55,58,1
4656,50,58,1
4657,59,59,1
4658,55,59,0
4659,58,59,0
4660,59,59,1
4661,59,59,0
4662,59,59,1
4663,59,59,1
4664,59,59,1
4665,59,59,1
4666,59,59,1
4667,47,59,0
4668,49,59,1
4669,57,59,1
4670,49,59,1
4671,57,58,1
4672,54,58,1
4673,59,59,1
4674,59,59,1
4675,59,59,1
4676,59,59,1
4677,59,59,0
4678,59,59,1
4679,59,59,1
4680,59,59,1
4681,59,59,1
4682,39,59,1
4683,56,59,1
4684,53,59,0
4685,58,59,0
4686,56,59,0
4687,53,59,0
4688,54,59,1
4689,59,59,1
4690,59,59,1
4691,59,59,1
4692,59,59,1
4693,59,59,1
4694,57,58,1
4695,53,58,0
4696,40,55,1
4697,59,59,1
4698,59,59,0
4699,56,59,0
4700,58,59,1
4701,59,59,1
4702,59,59,1
4703,59,59,0
4704,59,59,1
4705,56,59,0
4706,44,59,0
4707,59,59,1
4708,58,59,1
4709,51,59,1
4710,59,59,1
4711,31,58,1
4712,56,57,0
4713,59,59,1
4714,49,59,0
4715,59,59,1
4716,54,59,1
4717,50,59,0
4718,54,59,1
4719,54,59,0
4720,58,59,0
4721,47,59,0
4722,52,59,1
4723,59,59,1
4724,59,59,1
4725,59,59,1
4726,55,59,1
4727,32,59,1
4728,57,59,1
4729,40,59,0
4730,58,59,0
4731,58,59,1
4732,59,59,1
4733,57,59,1
4734,59,59,1
4735,59,59,1
4736,56,59,0
4737,49,59,1
4738,59,59,0
4739,58,59,1
4740,58,59,1
4741,42,59,0
4742,58,59,1
4743,58,59,0
4744,59,59,1
4745,56,57,1
4746,51,51,1
4747,51,51,1
4748,50,51,1
4749,51,51,1
4750,51,51,1
4751,50,51,1
4752,51,51,1
4753,50,51,1
4754,51,51,1
4755,51,51,1
4756,48,51,1
4757,48,51,1
4758,51,51,1
4759,51,51,1
4760,50,51,1
4761,51,51,1
4762,38,51,1
4763,51,51,1
4764,51,51,1
4765,50,51,1
4766,51,51,1
4767,51,51,1
4768,51,51,1
4769,50,51,1
4770,50,51,1
4771,31,50,0
4772,38,50,0
4773,30,51,0
4774,40,49,0
4775,47,51,1
4776,44,51,1
4777,39,48,0
4778,49,51,1
4779,50,51,1
4780,50,51,1
4781,33,49,0
4782,44,51,1
4783,49,51,1
4784,36,48,0
4785,51,51,1
4786,47,47,0
4787,43,47,0
4788,46,51,1
4789,40,47,0
4790,36,50,1
4791,44,47,0
4792,44,52,1
4793,50,51,1
4794,50,51,1
4795,46,51,1
4796,48,51,1
4797,40,51,1
4798,45,51,1
4799,51,51,1
4800,38,51,1
4801,48,51,0
4802,47,51,0
4803,51,51,1
4804,48,51,1
4805,45,52,0
4806,49,51,1
4807,50,51,1
4808,51,51,1
4809,51,51,1
4810,45,51,1
4811,51,51,1
4812,51,51,1
4813,51,51,1
4814,48,51,1
4815,39,47,1
4816,27,50,1
4817,40,47,0
4818,44,51,0
4819,48,51,1
4820,38,47,1
4821,48,51,0
4822,50,51,1
4823,51,51,1
4824,33,48,1
4825,49,51,0
4826,50,51,1
4827,37,47,1
4828,50,51,1
4829,45,45,1
4830,45,45,1
4831,47,50,0
4832,42,45,1
4833,38,51,0
4834,44,45,1
4835,44,51,0
4836,42,49,1
4837,18,29,0
4838,51,51,1
4839,47,51,1
4840,30,42,1
4841,51,51,0
4842,51,51,1
4843,51,51,1
4844,37,47,1
4845,48,51,1
4846,50,51,1
4847,16,31,1
4848,51,51,1
4849,26,26,0
4850,23,26,1
4851,44,50,1
4852,20,28,0
4853,43,50,1
4854,25,27,1
4855,45,51,0
4856,41,50,0
4857,40,51,1
4858,41,51,1
4859,41,50,0
4860,42,51,0
4861,51,51,1
4862,51,51,1
4863,34,49,0
4864,38,51,1
4865,47,51,1
4866,40,45,0
4867,51,51,1
4868,45,45,0
4869,45,45,1
4870,40,50,1
4871,43,46,0
4872,36,50,1
4873,44,45,1
4874,38,51,0
4875,47,51,0
4876,47,50,0
4877,27,41,0
4878,46,51,0
4879,51,51,1
4880,51,51,0
4881,38,48,0
4882,46,51,0
4883,50,51,1
4884,16,32,1
4885,51,51,1
4886,24,25,1
4887,23,25,1
4888,46,51,0
4889,19,27,1
4890,43,51,0
4891,23,26,1
4892,46,52,0
4893,37,51,0
4894,48,51,0
4895,38,51,0
4896,49,51,1
4897,48,51,1
4898,47,51,0
4899,41,51,0
4900,46,51,1
4901,45,51,0
4902,51,51,1
4903,51,51,0
4904,51,51,1
4905,27,51,1
4906,48,51,0
4907,42,51,0
4908,51,51,1
4909,42,51,1
4910,49,50,1
4911,41,51,0
4912,50,51,1
4913,51,51,1
4914,48,51,1
4915,37,51,1
4916,48,51,1
4917,47,51,1
4918,49,51,1
4919,50,50,1
4920,49,50,1
4921,34,51,0
4922,50,51,1
4923,44,51,1
4924,49,50,1
4925,30,51,1
4926,48,51,0
4927,51,51,1
4928,51,51,1
4929,36,48,0
4930,48,51,1
4931,50,51,1
4932,26,40,0
4933,51,51,1
4934,36,36,0
4935,33,36,1
4936,49,50,0
4937,31,37,0
4938,43,50,0
4939,35,37,1
4940,46,51,0
4941,49,51,1
4942,48,51,1
4943,44,51,0
4944,46,51,0
4945,47,51,1
4946,45,51,0
4947,51,51,1
4948,51,51,0
4949,50,51,1
4950,37,51,0
4951,47,51,0
4952,47,51,0
4953,51,51,0
4954,46,51,0
4955,37,51,1
4956,51,51,1
4957,50,51,1
4958,40,51,0
4959,50,51,1
4960,44,51,1
4961,51,51,1
4962,51,51,1
4963,50,51,1
4964,51,51,1
4965,51,51,1
4966,51,51,1
4967,51,51,1
4968,51,51,1
4969,51,51,1
4970,31,51,0
4971,51,51,1
4972,42,51,1
4973,51,51,1
4974,51,51,1
4975,49,51,1
4976,51,51,1
4977,51,51,1
4978,51,51,1
4979,51,51,1
4980,45,51,1
4981,50,51,1
4982,34,46,0
4983,51,51,1
4984,45,45,0
4985,44,45,1
4986,46,50,1
4987,41,46,0
4988,38,50,1
4989,45,45,1
4990,43,51,0
4991,49,51,1
4992,46,51,0
4993,51,51,1
4994,51,51,0
4995,51,51,1
4996,39,51,0
4997,49,51,0
4998,43,51,1
4999,51,51,1
5000,36,51,0
5001,48,51,1
5002,47,51,1
5003,51,51,1
5004,51,51,1
5005,49,51,1
5006,50,51,1
5007,50,51,1
5008,51,51,1
5009,49,51,1
5010,50,51,1
5011,21,21,0
5012,20,21,1
5013,46,49,0
5014,19,22,0
5015,41,49,0
5016,21,23,1
5017,44,51,0
5018,51,51,1
5019,51,51,1
5020,50,51,1
5021,51,51,1
5022,51,51,1
5023,51,51,1
5024,51,51,1
5025,11,12,0
5026,49,49,0
5027,13,15,1
5028,49,49,0
5029,13,14,0
5030,51,51,0
5031,49,49,1
5032,10,15,1
5033,48,49,1
5034,8,14,0
5035,50,51,1
5036,48,50,0
5037,45,50,0
5038,49,49,1
5039,38,51,1
5040,47,50,0
5041,10,17,1
5042,47,51,0
5043,47,49,1
5044,42,51,0
5045,50,51,1
5046,36,55,1
5047,47,55,1
5048,30,55,1
5049,48,55,1
5050,55,55,1
5051,53,55,1
5052,42,55,1
5053,55,55,1
5054,54,55,1
5055,39,55,0
5056,55,55,1
5057,47,55,1
5058,38,55,1
5059,53,55,1
5060,55,55,1
5061,55,55,1
5062,45,55,1
5063,55,55,1
5064,55,55,1
5065,33,55,0
5066,55,55,1
5067,49,55,1
5068,54,55,1
5069,55,55,1
5070,55,55,1
5071,52,55,1
5072,55,55,1
5073,55,55,1
5074,48,55,1
5075,55,55,1
5076,48,55,1
5077,53,53,1
5078,53,55,1
5079,45,55,1
5080,53,53,1
5081,51,54,1
5082,40,55,0
5083,53,54,1
5084,51,53,1
5085,36,55,0
5086,47,55,1
5087,53,53,0
5088,51,53,0
5089,50,55,0
5090,48,54,0
5091,51,54,1
5092,54,55,1
5093,22,33,0
5094,24,35,1
5095,55,55,1
5096,46,52,1
5097,52,55,0
5098,53,54,1
5099,44,54,1
5100,55,55,0
5101,50,55,1
5102,55,55,1
5103,54,55,0
5104,45,55,0
5105,54,55,0
5106,27,32,1
5107,55,55,0
5108,51,52,1
5109,55,55,0
5110,37,53,1
5111,55,55,0
5112,24,24,0
5113,22,24,1
5114,23,24,1
5115,23,24,0
5116,24,24,0
5117,24,24,0
5118,20,24,0
5119,24,24,0
5120,24,24,0
5121,24,24,1
5122,24,24,0
5123,24,24,0
5124,24,24,0
5125,21,24,1
5126,24,24,1
5127,24,24,0
5128,24,24,0
5129,24,24,0
5130,23,24,1
5131,23,24,0
5132,22,24,1
5133,19,24,1
5134,19,24,1
5135,19,24,0
5136,18,24,0
5137,17,24,0
5138,24,24,0
5139,24,24,1
5140,23,24,0
5141,16,24,0
5142,24,24,1
5143,24,24,1
5144,24,24,0
5145,21,24,0
5146,24,24,0
5147,24,24,1
5148,24,24,1
5149,24,24,1
5150,24,24,0
5151,20,24,1
5152,24,24,0
5153,24,24,0
5154,16,24,1
5155,24,24,0
5156,21,24,0
5157,24,24,0
5158,24,24,0
5159,24,24,0
5160,22,24,0
5161,23,24,0
5162,24,24,0
5163,22,24,0
5164,24,24,1
5165,23,24,0
5166,19,24,0
5167,23,24,0
5168,24,24,0
5169,24,24,0
5170,24,24,0
5171,22,24,0
5172,24,24,0
5173,24,24,0
5174,24,24,0
5175,24,24,0
5176,24,24,0
5177,22,24,0
5178,24,24,1
5179,22,24,1
5180,15,24,1
5181,20,24,1
5182,24,24,1
5183,23,24,0
5184,24,24,1
5185,24,24,0
5186,23,24,0
5187,23,24,1
5188,24,24,0
5189,24,24,1
5190,17,24,0
5191,23,24,0
5192,24,24,1
5193,24,24,1
5194,23,24,1
5195,19,24,1
5196,18,24,0
5197,24,24,1
5198,22,24,1
5199,23,24,0
5200,24,24,1
5201,24,24,1
5202,22,24,1
5203,24,24,1
5204,24,24,1
5205,24,24,1
5206,20,24,0
5207,18,24,0
5208,20,24,1
5209,22,24,0
5210,22,24,1
5211,21,24,1
5212,24,24,0
5213,24,24,1
5214,21,24,1
5215,24,24,1
5216,24,24,1
5217,18,24,1
5218,22,24,1
5219,24,24,1
5220,24,24,1
5221,16,24,1
5222,13,24,1
5223,22,24,1
5224,13,24,1
5225,24,24,0
5226,24,24,0
5227,23,24,0
5228,21,24,0
5229,24,24,0
5230,24,24,1
5231,23,25,0
5232,14,24,1
5233,24,24,0
5234,21,24,0
5235,24,24,1
5236,24,24,1
5237,24,24,0
5238,23,24,1
5239,20,24,0
5240,18,24,0
5241,22,24,0
5242,21,24,1
5243,19,23,0
5244,26,26,1
5245,26,26,1
5246,26,26,0
5247,26,26,1
5248,24,26,1
5249,26,26,1
5250,26,26,1
5251,26,26,1
5252,26,26,0
5253,25,26,1
5254,26,26,1
5255,26,26,1
5256,26,26,1
5257,26,26,1
5258,26,26,0
5259,26,26,0
5260,26,26,0
5261,26,26,0
5262,26,26,0
5263,25,26,1
5264,26,26,1
5265,24,26,0
5266,26,26,1
5267,26,26,1
5268,24,26,1
5269,24,26,0
5270,26,26,1
5271,26,26,0
5272,21,26,0
5273,26,26,0
5274,25,26,1
5275,25,26,1
5276,26,26,1
5277,26,26,1
5278,26,26,1
5279,25,26,1
5280,26,26,1
5281,26,26,1
5282,26,26,0
5283,15,26,1
5284,26,26,0
5285,26,26,1
5286,18,26,1
5287,26,26,1
5288,21,26,1
5289,26,26,1
5290,25,26,0
5291,20,26,1
5292,26,26,1
5293,23,26,1
5294,26,26,1
5295,25,26,1
5296,26,26,1
5297,13,26,0
5298,26,26,0
5299,14,26,1
5300,24,26,0
5301,19,26,0
5302,26,26,1
5303,26,26,1
5304,19,26,1
5305,26,26,1
5306,19,26,0
5307,14,26,1
5308,25,26,0
5309,26,26,1
5310,26,26,1
5311,26,26,1
5312,26,26,0
5313,26,26,1
5314,26,26,0
5315,26,26,0
5316,18,26,1
5317,21,26,0
5318,20,26,1
5319,17,26,0
5320,25,26,1
5321,22,26,1
5322,17,26,0
5323,26,26,1
5324,26,26,0
5325,26,26,0
5326,21,26,0
5327,26,26,1
5328,20,26,0
5329,23,26,1
5330,16,26,0
5331,25,26,1
5332,25,26,1
5333,18,26,1
5334,22,26,0
5335,23,26,0
5336,24,26,1
5337,20,26,1
5338,25,26,0
5339,24,26,0
5340,25,26,0
5341,26,26,0
5342,26,26,1
5343,25,26,1
5344,26,26,0
5345,26,26,0
5346,26,26,1
5347,26,26,0
5348,26,26,1
5349,23,26,1
5350,19,26,0
5351,26,26,0
5352,26,26,0
5353,23,26,1
5354,26,26,0
5355,19,26,1
5356,26,26,1
5357,16,27,0
5358,26,26,1
5359,26,26,1
5360,26,26,1
5361,22,26,1
5362,26,26,1
5363,26,26,1
5364,26,26,1
5365,26,26,1
5366,24,26,1
5367,25,25,0
5368,26,26,0
5369,26,26,1
5370,21,26,1
5371,26,26,0
5372,13,26,0
5373,25,25,0
5374,26,26,0
5375,26,26,0
5376,26,26,0
5377,26,26,0
5378,26,26,0
5379,23,26,0
5380,19,26,0
5381,24,26,0
5382,26,26,1
5383,25,26,0
5384,16,26,0
5385,26,26,1
5386,24,26,0
5387,26,26,0
5388,26,26,1
5389,25,25,0
5390,25,25,1
5391,25,25,0
5392,24,25,1
5393,25,25,1
5394,24,25,1
5395,25,25,0
5396,25,25,0
5397,25,25,0
5398,23,25,0
5399,24,25,1
5400,25,25,1
5401,25,25,1
5402,20,25,1
5403,25,25,0
5404,21,25,1
5405,25,25,1
5406,25,25,1
5407,24,25,0
5408,25,25,1
5409,25,25,1
5410,25,25,1
5411,20,25,0
5412,18,25,0
5413,22,25,0
5414,19,23,1
5415,24,25,0
5416,22,25,1
5417,18,25,0
5418,24,25,1
5419,25,25,1
5420,25,25,0
5421,22,24,0
5422,19,24,0
5423,25,25,0
5424,19,23,0
5425,25,25,0
5426,23,23,1
5427,23,23,1
5428,24,25,1
5429,23,23,1
5430,19,24,0
5431,20,25,0
5432,25,25,0
5433,21,25,0
5434,23,25,1
5435,24,25,0
5436,23,25,1
5437,25,25,0
5438,23,25,1
5439,25,25,1
5440,25,25,1
5441,16,25,0
5442,15,25,0
5443,25,25,0
5444,23,25,0
5445,25,25,0
5446,25,25,0
5447,25,25,1
5448,24,25,1
5449,23,25,1
5450,18,25,0
5451,14,25,1
5452,23,23,0
5453,8,15,1
5454,24,25,0
5455,24,25,1
5456,6,11,0
5457,25,25,0
5458,25,25,0
5459,25,25,0
5460,24,25,0
5461,22,25,0
5462,25,25,0
5463,7,14,1
5464,25,25,0
5465,11,11,1
5466,11,11,1
5467,24,25,1
5468,11,13,1
5469,21,24,0
5470,23,24,0
5471,23,25,0
5472,20,25,1
5473,15,25,1
5474,23,23,0
5475,18,25,1
5476,24,25,1
5477,25,25,1
5478,17,25,0
5479,22,25,0
5480,25,25,1
5481,23,25,0
5482,25,25,1
5483,23,23,0
5484,23,23,0
5485,17,25,1
5486,23,24,0
5487,21,24,0
5488,22,25,0
5489,25,25,0
5490,24,24,1
5491,8,15,0
5492,25,25,1
5493,25,25,1
5494,25,25,1
5495,23,24,1
5496,23,24,0
5497,25,25,0
5498,8,12,0
5499,25,25,0
5500,11,11,0
5501,11,11,1
5502,24,25,1
5503,10,11,1
5504,22,24,0
5505,23,24,0
5506,16,25,0
5507,24,25,0
5508,18,25,0
5509,24,25,1
5510,19,25,1
5511,22,25,0
5512,24,25,0
5513,24,25,1
5514,24,25,0
5515,24,25,1
5516,25,25,0
5517,25,25,0
5518,20,25,0
5519,25,25,0
5520,23,25,1
5521,23,25,1
5522,24,25,1
5523,15,25,0
5524,24,25,0
5525,25,25,0
5526,21,25,1
5527,23,25,1
5528,25,25,0
5529,24,24,1
5530,24,25,0
5531,24,24,1
5532,24,24,1
5533,14,25,0
5534,24,24,1
5535,23,25,1
5536,22,25,1
5537,25,25,1
5538,25,25,1
5539,25,25,0
5540,23,25,0
5541,23,25,0
5542,25,25,0
5543,8,14,0
5544,25,25,0
5545,10,11,1
5546,10,11,1
5547,24,25,1
5548,11,13,1
5549,22,24,0
5550,23,24,0
5551,23,25,1
5552,23,25,0
5553,22,25,1
5554,24,25,1
5555,25,25,0
5556,25,25,0
5557,25,25,0
5558,25,25,1
5559,25,25,1
5560,17,25,0
5561,25,25,1
5562,23,25,1
5563,22,25,1
5564,15,25,1
5565,25,25,1
5566,25,25,1
5567,22,25,0
5568,25,25,0
5569,20,25,0
5570,25,25,1
5571,25,25,1
5572,24,25,0
5573,25,25,1
5574,25,25,1
5575,25,25,1
5576,25,25,1
5577,25,25,1
5578,20,25,0
5579,25,25,0
5580,20,25,0
5581,25,25,0
5582,25,25,1
5583,23,25,0
5584,25,25,1
5585,25,25,1
5586,25,25,1
5587,17,25,1
5588,25,25,0
5589,22,24,0
5590,25,25,0
5591,24,24,0
5592,24,24,1
5593,21,25,1
5594,24,24,1
5595,13,25,0
5596,15,25,1
5597,25,25,1
5598,22,24,0
5599,25,25,1
5600,24,24,0
5601,24,24,0
5602,22,25,1
5603,23,24,0
5604,17,24,0
5605,15,25,1
5606,25,25,0
5607,13,25,0
5608,25,25,0
5609,25,25,0
5610,25,25,0
5611,25,25,0
5612,25,25,1
5613,25,25,1
5614,25,25,0
5615,11,11,1
5616,11,11,1
5617,24,25,1
5618,10,12,1
5619,22,24,0
5620,23,24,0
5621,25,25,0
5622,25,25,0
5623,25,25,0
5624,25,25,0
5625,25,25,1
5626,25,25,1
5627,5,6,0
5628,25,25,1
5629,5,8,0
5630,23,23,0
5631,24,24,0
5632,25,25,1
5633,5,9,0
5634,23,23,0
5635,24,24,0
5636,25,25,1
5637,24,25,1
5638,23,25,1
5639,23,24,0
5640,23,24,0
5641,19,25,0
5642,20,25,0
5643,25,25,0
5644,24,25,0
5645,14,25,0
5646,24,25,1
5647,19,25,1
5648,23,25,0
5649,24,25,1
5650,23,25,1
5651,25,25,0
5652,22,25,1
5653,25,25,0
5654,16,25,1
5655,16,25,1
5656,25,25,1
5657,24,25,0
5658,13,25,1
5659,25,25,1
5660,23,25,0
5661,24,25,0
5662,23,25,0
5663,25,25,0
5664,24,25,0
5665,25,25,0
5666,25,25,0
5667,25,25,0
5668,25,25,0
5669,25,25,0
5670,23,25,0
5671,25,25,0
5672,18,25,1
5673,25,25,1
5674,24,25,0
5675,19,25,1
5676,25,25,0
5677,24,25,0
5678,25,25,0
5679,24,25,0
5680,23,23,0
5681,17,25,0
5682,18,25,1
5683,22,25,0
5684,23,23,0
5685,23,25,1
5686,21,25,0
5687,22,25,1
5688,25,25,1
5689,17,24,1
5690,9,18,0
5691,25,25,1
5692,23,25,1
5693,25,25,0
5694,22,25,1
5695,22,25,1
5696,25,25,0
5697,17,25,0
5698,25,25,1
5699,25,25,1
5700,24,25,0
5701,25,25,0
5702,17,24,0
5703,25,25,0
5704,23,25,1
5705,25,25,0
5706,23,25,1
5707,25,25,0
5708,58,59,0
5709,54,59,0
5710,58,59,0
5711,38,59,1
5712,58,59,0
5713,54,59,0
5714,58,59,0
5715,59,59,0
5716,56,59,0
5717,59,59,0
5718,59,59,0
5719,59,59,0
5720,59,59,0
5721,53,59,0
5722,59,59,0
5723,58,59,0
5724,59,59,1
5725,58,59,1
5726,58,59,1
5727,46,57,0
5728,58,59,0
5729,51,59,1
5730,30,58,0
5731,34,58,0
5732,52,58,1
5733,57,59,0
5734,48,57,0
5735,45,59,0
5736,58,59,1
5737,42,59,1
5738,51,59,0
5739,41,59,0
5740,50,59,0
5741,45,59,0
5742,44,59,0
5743,58,59,0
5744,58,59,0
5745,59,59,0
5746,59,59,0
5747,42,59,0
5748,58,59,1
5749,36,59,0
5750,40,59,0
5751,59,59,0
5752,39,59,0
5753,59,59,0
5754,59,59,1
5755,59,59,1
5756,59,59,0
5757,58,59,1
5758,59,59,0
5759,56,59,1
5760,58,59,1
5761,58,59,1
5762,57,59,1
5763,56,59,1
5764,58,59,1
5765,57,60,1
5766,59,59,1
5767,57,59,1
5768,57,59,1
5769,59,59,1
5770,59,59,1
5771,59,59,1
5772,59,59,1
5773,57,59,1
5774,45,59,0
5775,54,59,0
5776,50,59,0
5777,51,59,1
5778,35,59,1
5779,59,59,0
5780,38,59,0
5781,59,59,1
5782,59,59,1
5783,57,59,1
5784,57,59,1
5785,57,59,1
5786,59,59,1
5787,49,59,0
5788,43,59,0
5789,33,59,1
5790,56,59,1
5791,59,59,0
5792,31,59,0
5793,45,59,0
5794,42,59,0
5795,58,59,1
5796,57,59,1
5797,57,59,1
5798,59,59,1
5799,43,59,0
5800,59,59,0
5801,53,59,0
5802,47,58,0
5803,48,58,0
5804,56,59,0
5805,56,59,0
5806,29,58,1
5807,40,59,0
5808,59,59,0
5809,58,59,0
5810,57,59,1
5811,59,59,0
5812,39,59,0
5813,51,59,1
5814,38,59,1
5815,48,59,1
5816,46,59,0
5817,56,59,0
5818,57,57,1
5819,54,54,1
5820,36,36,1
5821,33,59,1
5822,56,57,0
5823,44,59,1
5824,53,58,1
5825,37,59,0
5826,55,59,0
5827,59,59,0
5828,58,59,0
5829,59,59,0
5830,55,58,1
5831,57,58,0
5832,58,58,1
5833,52,58,1
5834,52,58,0
5835,58,58,0
5836,54,58,0
5837,53,58,0
5838,57,58,1
5839,58,58,0
5840,53,58,0
5841,55,58,1
5842,54,58,0
5843,58,58,1
5844,58,58,0
5845,40,58,0
5846,58,58,1
5847,58,58,1
5848,58,58,0
5849,54,57,1
5850,58,58,1
5851,57,57,1
5852,57,57,0
5853,53,57,1
5854,39,57,1
5855,58,58,1
5856,57,57,0
5857,51,57,1
5858,46,57,0
5859,51,57,1
5860,57,57,0
5861,55,58,0
5862,58,58,0
5863,58,58,0
5864,40,58,1
5865,58,58,0
5866,58,58,0
5867,58,58,1
5868,57,57,1
5869,54,57,0
5870,55,57,1
5871,58,58,1
5872,54,57,0
5873,55,57,0
5874,55,57,1
5875,55,57,1
5876,51,57,0
5877,57,58,1
5878,58,58,1
5879,58,58,0
5880,58,58,1
5881,57,58,0
5882,58,58,1
5883,58,58,1
5884,58,58,1
5885,57,58,1
5886,58,58,1
5887,57,57,0
5888,42,57,0
5889,56,57,0
5890,58,58,1
5891,57,57,0
5892,57,57,1
5893,50,57,0
5894,57,57,1
5895,57,57,0
5896,57,57,1
5897,58,58,0
5898,46,57,0
5899,57,57,0
5900,57,57,1
5901,44,57,0
5902,46,56,0
5903,52,57,1
5904,58,58,0
5905,57,57,1
5906,48,57,1
5907,52,57,1
5908,46,57,1
5909,57,57,1
5910,57,57,1
5911,58,58,0
5912,57,57,1
5913,47,57,0
5914,52,57,1
5915,57,57,1
5916,58,58,1
5917,58,58,1
5918,58,58,1
5919,58,58,0
5920,58,58,1
5921,58,58,1
5922,57,57,0
5923,57,57,1
5924,39,57,1
5925,41,57,0
5926,57,57,1
5927,52,58,1
5928,57,57,0
5929,57,57,0
5930,57,57,1
5931,57,57,1
5932,39,57,1
5933,59,59,0
5934,59,59,0
5935,59,59,0
5936,59,59,0
5937,59,59,1
5938,59,59,1
5939,59,59,0
5940,59,59,0
5941,59,59,0
5942,59,59,0
5943,35,59,1
5944,43,56,0
5945,32,59,0
5946,34,59,0
5947,59,59,0
5948,54,59,0
5949,41,41,1
5950,36,59,0
5951,57,59,0
5952,54,59,1
5953,48,59,0
5954,43,58,1
5955,33,58,1
5956,59,59,0
5957,59,59,0
5958,58,58,1
5959,50,59,0
5960,59,59,0
5961,58,59,1
5962,43,59,0
5963,55,55,0
5964,30,59,0
5965,31,59,0
5966,46,58,1
5967,59,59,0
5968,59,59,0
5969,58,58,0
5970,54,59,0
5971,59,59,1
5972,57,59,1
5973,59,59,0
5974,58,59,0
5975,58,58,0
5976,50,59,0
5977,59,59,0
5978,58,59,1
5979,58,59,1
5980,59,59,0
5981,59,59,0
5982,59,59,0
5983,56,59,0
5984,59,59,0
5985,59,59,0
5986,35,59,0
5987,39,59,0
5988,59,59,0
5989,59,59,0
5990,59,59,1
5991,58,59,1
5992,57,59,1
5993,35,59,0
5994,49,49,0
5995,49,49,0
5996,49,49,0
5997,49,49,0
5998,49,49,0
5999,48,49,1
6000,49,49,0
6001,49,49,0
6002,49,49,0
6003,48,49,0
6004,39,49,0
6005,49,49,0
6006,49,49,0
6007,44,49,1
6008,49,49,0
6009,47,49,0
6010,49,49,0
6011,49,49,0
6012,49,49,0
6013,49,49,0
6014,49,49,0
6015,49,49,0
6016,49,49,0
6017,47,49,0
6018,34,47,0
6019,35,46,1
6020,40,47,0
6021,34,47,1
6022,47,49,1
6023,48,49,0
6024,44,44,1
6025,49,49,0
6026,49,49,0
6027,41,49,1
6028,41,49,0
6029,47,49,0
6030,33,45,1
6031,48,49,1
6032,41,44,0
6033,42,44,0
6034,42,48,0
6035,38,46,0
6036,34,47,0
6037,41,45,1
6038,27,49,1
6039,47,49,1
6040,47,49,0
6041,47,49,1
6042,46,49,1
6043,44,49,1
6044,34,49,1
6045,49,49,0
6046,38,49,1
6047,48,49,1
6048,44,49,0
6049,39,49,1
6050,44,49,0
6051,48,49,1
6052,42,49,1
6053,49,49,0
6054,49,49,0
6055,44,49,1
6056,48,49,0
6057,48,49,0
6058,49,49,1
6059,44,49,0
6060,39,49,0
6061,42,48,1
6062,35,48,1
6063,49,49,1
6064,48,49,1
6065,46,46,0
6066,49,49,1
6067,49,49,1
6068,42,49,1
6069,36,49,1
6070,49,49,0
6071,36,48,0
6072,49,49,1
6073,44,46,0
6074,45,46,0
6075,45,48,1
6076,41,47,0
6077,39,48,0
6078,45,47,0
6079,33,49,0
6080,37,48,0
6081,15,24,0
6082,48,49,1
6083,47,49,1
6084,17,18,0
6085,48,49,1
6086,49,49,1
6087,38,49,1
6088,45,49,0
6089,47,49,0
6090,10,20,1
6091,45,49,1
6092,18,18,0
6093,16,19,0
6094,43,49,0
6095,16,21,0
6096,20,33,1
6097,18,19,1
6098,36,42,1
6099,38,48,1
6100,48,49,1
6101,47,49,1
6102,45,45,0
6103,48,49,1
6104,49,49,1
6105,29,48,1
6106,29,49,1
6107,49,49,0
6108,38,46,1
6109,49,49,1
6110,45,45,0
6111,45,45,0
6112,26,49,1
6113,40,46,0
6114,39,46,0
6115,45,45,0
6116,36,49,0
6117,48,49,1
6118,45,49,1
6119,22,23,0
6120,46,49,1
6121,48,49,1
6122,37,49,1
6123,42,49,1
6124,48,49,1
6125,17,25,0
6126,45,49,1
6127,23,23,0
6128,23,23,0
6129,39,49,1
6130,19,25,0
6131,18,35,1
6132,23,24,0
6133,30,44,1
6134,39,49,1
6135,49,49,1
6136,38,49,1
6137,43,49,0
6138,45,49,1
6139,46,49,1
6140,41,49,0
6141,46,49,1
6142,25,49,0
6143,49,49,0
6144,49,49,0
6145,47,49,1
6146,49,49,1
6147,48,49,1
6148,49,49,1
6149,47,49,0
6150,49,49,0
6151,36,49,1
6152,46,49,1
6153,45,49,0
6154,43,49,1
6155,45,49,0
6156,46,49,1
6157,38,49,1
6158,49,49,0
6159,49,49,0
6160,45,49,1
6161,48,49,0
6162,47,49,0
6163,49,49,1
6164,44,49,0
6165,49,49,1
6166,49,49,1
6167,46,48,1
6168,49,49,0
6169,49,49,0
6170,17,18,0
6171,49,49,1
6172,6,12,0
6173,7,12,1
6174,48,48,0
6175,13,15,1
6176,29,30,1
6177,7,13,0
6178,40,41,1
6179,48,49,0
6180,47,49,0
6181,44,49,1
6182,45,49,0
6183,49,49,1
6184,37,49,1
6185,49,49,0
6186,49,49,0
6187,47,49,1
6188,49,49,0
6189,49,49,0
6190,49,49,1
6191,45,49,0
6192,49,49,0
6193,49,49,1
6194,25,49,1
6195,49,49,1
6196,33,49,0
6197,49,49,0
6198,49,49,0
6199,49,49,1
6200,49,49,0
6201,49,49,0
6202,49,49,1
6203,47,49,0
6204,35,49,1
6205,48,49,0
6206,39,48,1
6207,46,49,1
6208,47,47,0
6209,45,47,0
6210,25,49,0
6211,45,47,0
6212,43,48,0
6213,47,47,1
6214,38,49,0
6215,46,49,0
6216,47,49,1
6217,41,49,1
6218,49,49,0
6219,49,49,0
6220,37,49,1
6221,48,49,0
6222,47,49,0
6223,48,49,0
6224,39,49,0
6225,46,49,0
6226,42,49,0
6227,49,49,0
6228,49,49,0
6229,47,49,0
6230,49,49,0
6231,49,49,0
6232,49,49,0
6233,46,49,0
6234,44,49,1
6235,17,17,0
6236,16,18,0
6237,44,49,1
6238,16,19,0
6239,19,32,1
6240,17,18,0
6241,36,42,1
6242,49,49,0
6243,49,49,0
6244,45,49,1
6245,47,49,1
6246,48,49,1
6247,49,49,1
6248,43,49,0
6249,7,12,0
6250,48,48,0
6251,13,15,0
6252,29,30,0
6253,7,13,1
6254,41,41,1
6255,47,48,0
6256,11,15,0
6257,28,30,0
6258,8,12,0
6259,40,41,0
6260,47,49,0
6261,47,49,0
6262,48,49,0
6263,39,49,0
6264,22,30,1
6265,12,15,1
6266,37,41,1
6267,30,30,1
6268,36,49,1
6269,41,42,1
6270,50,54,1
6271,53,54,1
6272,51,54,1
6273,48,54,1
6274,51,54,0
6275,49,54,0
6276,45,54,1
6277,54,54,0
6278,45,54,0
6279,52,54,1
6280,47,54,0
6281,44,55,1
6282,37,54,1
6283,45,54,0
6284,54,54,0
6285,52,54,0
6286,47,54,0
6287,54,54,0
6288,52,54,0
6289,44,54,1
6290,53,54,0
6291,39,54,1
6292,50,54,0
6293,54,54,0
6294,53,54,0
6295,50,54,0
6296,54,54,0
6297,52,54,0
6298,29,54,0
6299,53,54,1
6300,47,54,0
6301,54,54,0
6302,53,54,0
6303,47,54,0
6304,54,54,0
6305,53,54,0
6306,39,54,1
6307,53,54,0
6308,53,54,1
6309,52,54,0
6310,27,54,0
6311,54,54,1
6312,49,54,0
6313,50,54,0
6314,53,54,1
6315,50,54,1
6316,53,54,1
6317,12,24,0
6318,50,52,1
6319,54,54,0
6320,51,53,0
6321,52,54,1
6322,53,54,1
6323,37,54,1
6324,54,54,0
6325,38,54,1
6326,54,54,1
6327,51,54,1
6328,50,54,0
6329,50,54,1
6330,52,53,1
6331,54,54,0
6332,52,53,0
6333,52,54,0
6334,35,54,0
6335,53,54,0
