participant,nBlocks,pennMatrices,listSort,cardSort
1,8,20.0,112.89,119.14
2,8,17.0,108.06,123.75
3,8,7.0,108.06,111.14
4,8,23.0,117.39,129.84
5,8,11.0,93.9,105.19
6,8,14.0,130.38,119.76
7,8,15.0,117.39,99.76
8,8,19.0,112.89,116.89
9,8,21.0,117.39,102.25
10,8,20.0,100.43,119.59
11,8,21.0,121.89,112.47
12,8,20.0,121.89,102.83
13,8,18.0,112.89,102.84
14,8,18.0,117.39,124.08
15,8,22.0,117.39,116.16
16,8,17.0,117.39,117.1
17,8,19.0,126.18,108.06
18,8,21.0,126.18,107.69
19,8,15.0,130.38,101.41
20,8,17.0,112.89,107.52
21,8,8.0,96.99,103.94
22,8,16.0,117.39,107.93
23,8,10.0,96.99,110.61
24,8,23.0,108.06,119.59
25,8,15.0,112.89,115.46
26,8,21.0,112.89,101.87
27,8,22.0,126.18,109.62
28,8,22.0,121.89,138.6
29,8,22.0,121.89,143.94
30,8,22.0,117.39,109.81
31,8,22.0,108.06,111.97
32,8,24.0,104.06,128.03
33,8,23.0,133.93,124.39
34,8,22.0,130.38,114.82
35,8,10.0,108.06,103.3
36,8,19.0,112.89,108.78
37,8,23.0,130.38,115.07
38,8,24.0,137.98,114.79
39,8,10.0,93.9,113.99
40,8,21.0,117.39,122.44
41,8,16.0,117.39,121.28
42,8,22.0,144.5,109.98
43,8,13.0,108.06,119.66
44,8,18.0,100.43,93.21
45,8,20.0,100.43,102.62
46,8,22.0,133.93,110.02
47,8,19.0,96.99,118.5
48,8,,112.89,99.49
49,8,18.0,108.06,111.82
50,8,16.0,121.89,125.37
51,8,17.0,130.38,110.78
52,8,20.0,112.89,124.54
53,8,19.0,121.89,115.53
54,8,17.0,108.06,117.23
55,8,13.0,104.06,136.1
56,8,17.0,108.06,117.26
57,8,22.0,104.06,110.53
58,8,21.0,104.06,103.46
59,8,18.0,108.06,112.42
60,8,11.0,100.43,100.45
61,8,20.0,104.06,108.1
62,8,17.0,130.38,111.59
63,8,17.0,130.38,121.37
64,8,20.0,117.39,104.6
65,8,18.0,117.39,114.61
66,8,15.0,112.89,109.35
67,8,21.0,121.89,99.11
68,8,15.0,133.93,122.39
69,8,20.0,104.06,106.33
70,8,21.0,112.89,119.5
71,8,16.0,112.89,117.98
72,8,13.0,117.39,107.97
73,8,15.0,104.06,110.9
74,8,22.0,126.18,112.93
75,8,4.0,91.07,122.29
76,8,15.0,104.06,107.52
77,8,18.0,121.89,125.28
78,8,14.0,100.43,112.78
79,8,10.0,93.9,128.04
80,8,9.0,104.06,95.79
81,8,21.0,112.89,114.64
82,8,14.0,100.43,111.2
83,8,13.0,108.06,105.89
84,8,19.0,126.18,129.19
85,8,23.0,126.18,119.18
86,8,24.0,117.39,119.93
87,8,12.0,96.99,99.85
88,8,,108.06,108.29
89,8,13.0,108.06,101.68
90,8,19.0,100.43,108.67
91,8,16.0,91.07,123.11
92,8,23.0,130.38,112.58
93,8,8.0,104.06,133.28
94,8,10.0,112.89,112.99
95,8,17.0,112.89,129.85
96,8,19.0,104.06,115.43
97,8,20.0,144.5,113.06
98,8,17.0,112.89,104.3
99,8,22.0,100.43,100.13
100,8,12.0,108.06,107.0
101,8,24.0,117.39,132.52
102,8,14.0,88.68,111.96
103,8,22.0,121.89,114.39
104,8,12.0,100.43,98.53
105,8,21.0,108.06,118.0
106,8,20.0,117.39,125.11
107,8,6.0,117.39,85.01
108,8,20.0,112.89,104.06
109,8,11.0,104.06,108.85
110,8,7.0,108.06,111.55
111,8,17.0,100.43,118.23
112,8,21.0,108.06,112.12
113,8,18.0,117.39,103.09
114,8,21.0,112.89,130.17
115,8,16.0,108.06,110.18
116,8,19.0,104.06,106.33
117,8,8.0,93.9,123.59
118,8,21.0,100.43,115.19
119,8,15.0,104.06,85.37
120,8,7.0,100.43,113.3
121,8,8.0,100.43,100.91
122,8,16.0,112.89,138.91
123,8,18.0,121.89,114.32
124,8,18.0,93.9,110.66
125,8,13.0,144.5,118.76
126,8,10.0,104.06,115.6
127,8,23.0,133.93,104.48
128,8,15.0,112.89,95.05
129,8,8.0,91.07,115.16
130,8,13.0,112.89,125.65
131,8,7.0,108.06,108.05
132,8,21.0,88.68,105.14
133,8,21.0,100.43,105.68
134,8,23.0,108.06,120.38
135,8,21.0,137.98,117.39
136,4,11.0,93.9,108.95
137,8,21.0,100.43,118.32
138,8,19.0,117.39,119.06
139,8,21.0,117.39,110.69
140,8,14.0,108.06,114.71
141,8,20.0,108.06,107.62
142,8,14.0,112.89,107.36
143,8,14.0,112.89,123.05
144,8,24.0,117.39,103.92
145,8,16.0,96.99,114.69
146,8,8.0,121.89,127.86
147,8,20.0,108.06,99.11
148,8,16.0,96.99,101.1
149,8,20.0,112.89,108.83
150,8,22.0,108.06,131.62
151,8,14.0,108.06,114.89
152,8,20.0,108.06,114.75
153,8,9.0,96.99,114.64
154,8,22.0,126.18,119.16
155,8,20.0,112.89,109.62
156,8,9.0,100.43,122.38
157,8,22.0,126.18,130.39
158,8,11.0,93.9,119.87
159,8,7.0,121.89,114.31
160,8,19.0,126.18,118.13
161,8,21.0,112.89,118.01
162,8,23.0,137.98,118.59
163,8,22.0,108.06,115.53
164,8,8.0,100.43,104.18
165,8,18.0,100.43,104.42
166,8,22.0,130.38,112.99
167,8,13.0,84.63,112.92
168,8,20.0,108.06,110.9
169,8,19.0,93.9,105.29
170,8,24.0,133.93,112.99
171,8,20.0,93.9,110.25
172,8,12.0,100.43,115.0
173,8,18.0,104.06,143.94
174,8,23.0,104.06,117.29
175,8,17.0,104.06,103.68
176,8,21.0,108.06,118.91
177,8,16.0,108.06,125.17
178,8,9.0,126.18,122.5
179,8,13.0,112.89,118.62
180,8,21.0,100.43,119.59
181,8,19.0,100.43,143.94
182,8,19.0,117.39,116.08
183,8,20.0,96.99,108.57
184,8,15.0,112.89,116.08
185,8,15.0,100.43,125.81
186,8,20.0,112.89,106.98
187,8,9.0,117.39,123.4
188,8,19.0,130.38,114.68
189,8,24.0,112.89,118.74
190,8,,108.06,110.61
191,8,15.0,108.06,98.18
192,8,13.0,112.89,107.52
193,8,6.0,104.06,94.99
194,8,18.0,100.43,110.65
195,8,10.0,100.43,110.53
196,8,22.0,112.89,130.78
197,8,10.0,130.38,111.03
198,8,16.0,104.06,99.42
199,8,13.0,108.06,122.78
200,8,19.0,104.06,102.95
201,8,21.0,104.06,126.05
202,8,23.0,108.06,115.77
203,8,8.0,108.06,101.18
204,8,18.0,112.89,
205,8,14.0,108.06,106.98
206,8,14.0,117.39,120.35
207,8,11.0,93.9,94.79
208,8,17.0,130.38,120.82
209,8,21.0,133.93,123.13
210,8,10.0,88.68,105.84
211,8,6.0,93.9,88.15
212,8,17.0,117.39,121.95
213,8,22.0,96.99,112.65
214,8,19.0,112.89,104.84
215,8,21.0,126.18,108.42
216,8,13.0,108.06,112.84
217,8,7.0,93.9,92.74
218,8,9.0,88.68,108.63
219,8,19.0,130.38,114.11
220,8,21.0,126.18,116.47
221,8,21.0,104.06,121.8
222,8,23.0,104.06,103.17
223,8,19.0,100.43,118.18
224,8,,96.99,100.71
225,8,20.0,126.18,127.37
226,8,15.0,126.18,104.92
227,8,19.0,117.39,134.24
228,8,8.0,93.9,111.43
229,8,9.0,100.43,113.22
230,8,21.0,117.39,111.28
231,8,6.0,100.43,116.47
232,8,18.0,100.43,121.88
233,8,20.0,108.06,113.81
234,8,22.0,104.06,119.27
235,8,16.0,108.06,114.52
236,8,17.0,112.89,115.42
237,8,18.0,126.18,108.89
238,8,22.0,112.89,128.57
239,8,7.0,96.99,118.0
240,8,22.0,108.06,102.55
241,8,22.0,108.06,136.1
242,8,18.0,96.99,111.36
243,8,23.0,117.39,136.1
244,8,18.0,112.89,123.59
245,8,23.0,117.39,116.55
246,8,10.0,100.43,120.61
247,8,16.0,108.06,138.87
248,8,11.0,100.43,108.97
249,8,20.0,108.06,113.54
250,8,12.0,100.43,118.01
251,8,20.0,108.06,122.09
252,8,21.0,117.39,129.82
253,8,21.0,117.39,118.41
254,8,20.0,100.43,123.23
255,8,18.0,86.4,117.97
256,8,19.0,117.39,132.88
257,8,19.0,108.06,128.57
258,8,18.0,117.39,108.98
259,8,11.0,121.89,119.76
260,8,22.0,126.18,108.39
261,8,10.0,117.39,125.31
262,8,22.0,117.39,124.56
263,8,23.0,144.5,122.94
264,8,21.0,130.38,114.32
265,8,14.0,104.06,115.84
266,8,16.0,133.93,115.29
267,8,11.0,104.06,112.55
268,8,6.0,100.43,108.33
269,8,22.0,121.89,117.54
270,8,21.0,104.06,116.8
271,8,11.0,96.99,99.42
272,8,21.0,126.18,116.67
273,8,20.0,126.18,143.94
274,8,22.0,112.89,103.77
275,8,19.0,126.18,123.26
276,8,17.0,100.43,118.84
277,8,13.0,104.06,100.6
278,8,20.0,108.06,123.61
279,8,17.0,117.39,118.01
280,8,13.0,104.06,123.02
281,8,12.0,100.43,111.65
282,8,20.0,121.89,118.5
283,8,21.0,108.06,116.08
284,8,10.0,108.06,110.99
285,8,12.0,93.9,136.1
286,8,20.0,100.43,119.76
287,8,24.0,117.39,128.95
288,8,21.0,121.89,129.77
289,8,12.0,117.39,96.14
290,8,22.0,84.63,113.99
291,8,9.0,100.43,129.82
292,8,19.0,117.39,112.04
293,8,22.0,84.63,130.0
294,8,12.0,93.9,107.74
295,8,21.0,104.06,134.08
296,8,17.0,112.89,115.16
297,8,21.0,126.18,114.06
298,8,21.0,108.06,114.78
299,8,15.0,121.89,109.54
300,8,19.0,104.06,101.54
301,8,9.0,121.89,107.79
302,8,7.0,126.18,120.68
303,8,7.0,108.06,110.45
304,8,23.0,108.06,125.0
305,8,14.0,121.89,113.02
306,8,13.0,117.39,118.99
307,8,18.0,108.06,115.38
308,8,22.0,108.06,119.49
309,8,8.0,117.39,121.94
310,8,8.0,117.39,136.1
311,8,21.0,93.9,113.93
312,8,14.0,112.89,108.35
313,8,15.0,93.9,119.39
314,8,20.0,121.89,108.21
315,8,10.0,108.06,83.93
316,8,22.0,126.18,97.57
317,8,17.0,104.06,123.42
318,8,14.0,112.89,117.07
319,8,15.0,130.38,101.66
320,8,21.0,112.89,115.43
321,8,9.0,93.9,94.25
322,8,23.0,112.89,123.58
323,8,23.0,126.18,113.81
324,8,17.0,137.98,114.13
325,8,19.0,100.43,118.32
326,4,18.0,96.99,131.62
327,8,15.0,100.43,122.83
328,8,17.0,112.89,103.89
329,8,21.0,126.18,108.08
330,4,20.0,108.06,96.91
331,8,20.0,112.89,143.94
332,8,21.0,117.39,112.9
333,8,17.0,112.89,102.88
334,8,11.0,100.43,116.55
335,8,15.0,108.06,119.76
336,8,10.0,93.9,112.04
337,8,17.0,108.06,113.41
338,8,18.0,121.89,101.7
339,8,12.0,104.06,124.66
340,8,18.0,112.89,104.41
341,8,21.0,121.89,105.99
342,8,12.0,117.39,108.18
343,8,19.0,108.06,112.64
344,8,9.0,108.06,114.89
345,8,6.0,88.68,103.46
346,8,19.0,104.06,108.25
347,8,18.0,126.18,143.94
348,8,12.0,108.06,108.39
349,8,15.0,112.89,122.44
350,8,22.0,100.43,103.82
351,8,13.0,100.43,124.56
352,8,9.0,93.9,102.37
353,8,19.0,108.06,111.22
354,8,20.0,117.39,113.76
355,8,17.0,108.06,109.56
356,8,18.0,96.99,112.37
357,8,20.0,112.89,104.34
358,8,21.0,100.43,116.59
359,8,20.0,112.89,118.52
360,8,18.0,93.9,104.38
361,8,20.0,117.39,111.94
362,8,22.0,117.39,109.81
363,8,10.0,108.06,97.75
364,8,19.0,96.99,108.38
365,8,17.0,100.43,122.05
366,8,20.0,108.06,120.16
367,8,23.0,133.93,115.03
368,8,19.0,121.89,115.91
369,8,22.0,108.06,122.99
370,8,21.0,108.06,143.94
371,8,15.0,100.43,121.24
372,8,17.0,112.89,113.6
373,8,20.0,121.89,107.84
374,8,9.0,96.99,102.11
375,8,18.0,100.43,120.38
376,8,8.0,96.99,110.9
377,8,7.0,108.06,111.88
378,8,20.0,130.38,112.4
379,8,21.0,112.89,113.3
380,8,11.0,96.99,115.53
381,8,22.0,108.06,113.6
382,8,24.0,117.39,116.5
383,8,21.0,117.39,128.19
384,8,18.0,121.89,114.62
385,8,20.0,104.06,107.98
386,8,12.0,112.89,101.27
387,8,18.0,117.39,118.72
388,8,9.0,104.06,107.14
389,8,17.0,117.39,113.2
390,8,9.0,104.06,118.45
391,8,9.0,108.06,117.31
392,8,22.0,108.06,125.42
393,8,20.0,112.89,108.78
394,8,20.0,121.89,122.5
395,8,10.0,108.06,98.44
396,8,19.0,100.43,100.17
397,8,8.0,93.9,106.61
398,8,21.0,108.06,118.76
399,8,20.0,126.18,120.24
400,8,14.0,108.06,105.94
401,8,21.0,130.38,114.23
402,8,20.0,126.18,113.13
403,8,10.0,108.06,104.06
404,8,7.0,100.43,103.44
405,8,23.0,137.98,128.03
406,8,22.0,100.43,143.94
407,8,20.0,108.06,119.93
408,8,13.0,117.39,106.14
409,8,16.0,93.9,101.84
410,8,23.0,133.93,122.12
411,8,6.0,108.06,116.81
412,8,15.0,112.89,130.59
413,8,9.0,96.99,99.17
414,8,10.0,117.39,124.9
415,8,12.0,93.9,94.34
416,8,22.0,104.06,95.39
417,8,12.0,112.89,126.59
418,8,10.0,126.18,122.94
419,8,6.0,93.9,102.84
420,8,20.0,100.43,113.58
421,8,21.0,108.06,123.05
422,8,22.0,117.39,129.86
423,8,18.0,108.06,132.18
424,8,23.0,108.06,119.58
425,4,14.0,108.06,97.16
426,8,20.0,108.06,114.39
427,8,22.0,133.93,138.87
428,8,6.0,100.43,95.95
429,8,21.0,112.89,114.35
430,8,12.0,108.06,111.2
431,8,8.0,93.9,104.86
432,4,14.0,112.89,118.76
433,8,22.0,117.39,106.28
434,8,19.0,126.18,123.23
435,8,7.0,126.18,121.77
436,8,20.0,104.06,119.87
437,8,24.0,126.18,118.18
438,8,11.0,117.39,113.9
439,8,20.0,126.18,123.99
440,8,20.0,96.99,112.62
441,8,12.0,112.89,126.06
442,8,21.0,108.06,126.58
443,8,6.0,100.43,103.5
444,8,20.0,104.06,122.5
445,8,20.0,117.39,133.28
446,8,22.0,104.06,114.32
447,8,19.0,108.06,117.98
448,8,12.0,126.18,134.24
449,8,15.0,126.18,99.01
450,8,19.0,112.89,111.59
451,8,22.0,112.89,109.56
452,8,14.0,104.06,107.15
453,8,15.0,108.06,112.74
454,8,16.0,100.43,99.01
455,8,9.0,88.68,106.0
456,8,23.0,112.89,119.76
457,8,16.0,112.89,112.65
458,8,21.0,100.43,113.03
459,8,17.0,100.43,111.26
460,8,8.0,133.93,117.1
461,8,19.0,112.89,116.7
462,8,5.0,93.9,104.77
463,8,22.0,100.43,116.64
464,8,17.0,112.89,116.7
465,8,16.0,108.06,104.98
466,8,23.0,126.18,113.99
467,8,16.0,100.43,119.58
468,8,24.0,108.06,118.76
469,8,17.0,100.43,108.83
470,8,18.0,117.39,117.17
471,8,8.0,100.43,114.11
472,8,16.0,112.89,120.05
473,8,21.0,117.39,128.4
474,8,15.0,100.43,114.05
475,8,22.0,130.38,122.18
476,4,21.0,108.06,112.22
477,8,21.0,104.06,116.5
478,8,9.0,108.06,104.97
479,8,23.0,121.89,119.14
480,8,12.0,104.06,107.84
481,8,23.0,121.89,118.66
482,8,18.0,117.39,118.33
483,8,14.0,117.39,128.42
484,8,16.0,104.06,97.15
485,8,17.0,104.06,106.15
486,8,20.0,121.89,121.25
487,8,18.0,112.89,121.78
488,8,21.0,121.89,110.55
489,8,12.0,108.06,108.49
490,8,11.0,108.06,107.98
491,8,18.0,117.39,124.39
492,8,17.0,126.18,118.69
493,8,17.0,126.18,105.74
494,8,16.0,112.89,113.53
495,8,16.0,96.99,120.61
496,8,15.0,93.9,115.21
497,8,21.0,133.93,106.28
498,8,12.0,117.39,98.12
499,8,17.0,117.39,108.63
500,8,20.0,112.89,123.42
501,8,20.0,117.39,128.62
502,8,18.0,93.9,109.47
503,8,18.0,130.38,119.52
504,8,12.0,117.39,118.5
505,8,8.0,96.99,128.6
506,8,12.0,104.06,117.19
507,8,20.0,108.06,116.94
508,8,19.0,112.89,115.72
509,8,18.0,104.06,111.93
510,8,22.0,117.39,123.06
511,8,9.0,108.06,107.15
512,8,20.0,104.06,111.51
513,8,10.0,104.06,100.0
514,8,21.0,108.06,118.53
515,8,17.0,112.89,120.45
516,8,20.0,117.39,143.94
517,8,17.0,112.89,114.3
518,8,21.0,108.06,107.03
519,8,13.0,100.43,126.71
520,8,23.0,126.18,124.48
521,8,8.0,108.06,94.98
522,8,23.0,144.5,120.58
523,8,22.0,108.06,120.16
524,8,19.0,112.89,108.63
525,8,11.0,96.99,120.38
526,8,21.0,126.18,104.73
527,8,22.0,121.89,118.53
528,8,18.0,133.93,107.52
529,8,20.0,126.18,118.33
530,4,7.0,117.39,106.9
531,8,14.0,121.89,121.2
532,8,20.0,108.06,118.18
533,8,22.0,133.93,113.47
534,8,21.0,108.06,117.92
535,8,11.0,100.43,92.5
536,8,9.0,93.9,129.69
537,8,17.0,112.89,125.89
538,8,24.0,93.9,109.59
539,8,14.0,100.43,99.6
540,8,16.0,112.89,113.37
541,8,8.0,112.89,125.21
542,8,21.0,117.39,134.69
543,8,15.0,100.43,112.93
544,8,13.0,121.89,129.6
545,8,24.0,100.43,101.14
546,8,14.0,91.07,101.0
547,8,21.0,96.99,116.45
548,8,12.0,117.39,122.12
549,8,22.0,130.38,119.42
550,8,16.0,104.06,121.94
551,8,7.0,104.06,85.01
552,8,16.0,108.06,111.2
553,8,21.0,100.43,143.94
554,8,19.0,100.43,119.59
555,8,19.0,104.06,130.33
556,8,20.0,112.89,123.18
557,8,21.0,108.06,124.7
558,8,15.0,117.39,109.82
559,8,9.0,96.99,96.12
560,8,22.0,80.79,107.42
561,8,20.0,130.38,122.29
562,8,20.0,121.89,109.23
563,8,21.0,117.39,126.42
564,8,6.0,96.99,99.24
565,8,18.0,126.18,113.36
566,8,21.0,126.18,115.62
567,8,10.0,108.06,124.54
568,8,8.0,88.68,108.56
569,8,15.0,88.68,102.9
570,8,21.0,108.06,113.99
571,8,14.0,117.39,109.98
572,8,20.0,108.06,110.57
573,8,18.0,93.9,93.8
574,8,21.0,126.18,114.31
575,8,13.0,117.39,122.01
576,8,17.0,117.39,143.94
577,8,,126.18,119.7
578,8,12.0,108.06,107.73
579,8,10.0,104.06,107.73
580,8,15.0,93.9,109.2
581,8,19.0,112.89,110.94
582,8,21.0,121.89,114.06
583,8,18.0,108.06,109.62
584,8,20.0,108.06,128.03
585,8,20.0,117.39,129.94
586,8,17.0,96.99,108.1
587,8,15.0,117.39,119.18
588,8,19.0,117.39,114.23
589,8,17.0,108.06,122.94
590,8,14.0,108.06,112.12
591,8,17.0,126.18,103.93
592,8,14.0,112.89,133.36
593,8,20.0,126.18,102.9
594,8,20.0,117.39,138.87
595,8,17.0,108.06,104.54
596,8,13.0,100.43,97.19
597,8,20.0,108.06,105.69
598,8,8.0,108.06,110.66
599,8,23.0,126.18,125.81
600,8,7.0,100.43,107.69
601,8,19.0,104.06,112.4
602,8,7.0,88.68,113.09
603,8,18.0,117.39,118.77
604,8,21.0,100.43,114.23
605,8,20.0,100.43,138.87
606,8,18.0,93.9,117.19
607,8,12.0,112.89,103.33
608,8,23.0,117.39,124.56
609,8,22.0,130.38,93.24
610,8,20.0,117.39,121.3
611,8,14.0,108.06,110.97
612,8,11.0,100.43,125.01
613,8,22.0,130.38,112.65
614,8,12.0,104.06,118.62
615,8,12.0,112.89,112.78
616,8,20.0,126.18,107.52
617,8,19.0,117.39,116.2
618,8,9.0,108.06,107.66
619,8,22.0,117.39,105.89
620,8,24.0,108.06,97.94
621,8,17.0,108.06,126.59
622,8,18.0,126.18,119.81
623,8,14.0,100.43,127.11
624,8,22.0,121.89,107.04
625,8,18.0,126.18,108.07
626,8,16.0,133.93,116.08
627,8,21.0,108.06,105.0
628,8,18.0,100.43,102.03
629,8,22.0,112.89,118.45
630,8,14.0,112.89,100.95
631,8,23.0,126.18,132.18
632,8,15.0,117.39,109.67
633,8,8.0,88.68,85.01
634,8,8.0,112.89,105.06
635,8,15.0,130.38,118.84
636,8,16.0,100.43,122.83
637,8,19.0,121.89,111.26
638,8,20.0,112.89,103.82
639,8,10.0,100.43,101.77
640,8,16.0,117.39,107.01
641,8,15.0,104.06,113.96
642,8,22.0,108.06,107.65
643,8,21.0,121.89,122.18
644,8,18.0,108.06,126.59
645,8,19.0,117.39,126.52
646,8,17.0,100.43,105.24
647,8,14.0,96.99,103.23
648,8,19.0,100.43,142.78
649,8,16.0,104.06,123.99
650,8,23.0,104.06,129.84
651,8,21.0,108.06,126.52
652,8,21.0,117.39,124.8
653,8,8.0,117.39,108.18
654,8,18.0,126.18,109.36
655,8,19.0,112.89,118.71
656,8,21.0,112.89,126.71
657,8,19.0,108.06,116.47
658,8,18.0,112.89,112.2
659,8,18.0,117.39,129.78
660,8,20.0,100.43,132.18
661,8,8.0,108.06,103.68
662,8,22.0,121.89,99.49
663,8,10.0,117.39,122.33
664,8,19.0,112.89,125.88
665,8,10.0,108.06,115.16
666,8,21.0,100.43,118.76
667,8,15.0,93.9,92.58
668,8,15.0,108.06,125.86
669,8,14.0,117.39,124.42
670,8,17.0,104.06,109.8
671,8,17.0,100.43,126.06
672,8,12.0,117.39,128.95
673,8,15.0,112.89,106.1
674,8,20.0,104.06,119.81
675,8,18.0,108.06,107.32
676,8,23.0,117.39,101.18
677,8,17.0,112.89,104.34
678,8,16.0,100.43,107.79
679,8,21.0,121.89,120.64
680,8,11.0,100.43,108.11
681,8,13.0,130.38,121.3
682,8,9.0,144.5,117.72
683,8,16.0,93.9,108.63
684,8,22.0,121.89,116.16
685,8,24.0,117.39,101.79
686,8,8.0,121.89,130.31
687,8,11.0,117.39,81.27
688,8,17.0,100.43,109.24
689,8,17.0,117.39,129.46
690,8,19.0,117.39,116.7
691,8,21.0,117.39,115.03
692,8,8.0,112.89,
693,8,23.0,112.89,143.94
694,8,19.0,96.99,119.05
695,8,21.0,108.06,115.22
696,8,13.0,93.9,110.09
697,8,10.0,100.43,120.82
698,8,21.0,130.38,113.18
699,8,22.0,104.06,121.88
700,8,17.0,112.89,105.85
701,8,19.0,130.38,136.1
702,8,15.0,108.06,98.1
703,8,13.0,117.39,115.43
704,8,19.0,100.43,125.25
705,8,21.0,117.39,98.58
706,8,20.0,130.38,121.78
707,8,10.0,100.43,117.1
708,8,18.0,108.06,112.02
709,8,24.0,100.43,111.96
710,8,15.0,117.39,123.59
711,8,18.0,108.06,129.94
712,8,17.0,80.79,121.25
713,8,21.0,112.89,108.39
714,8,13.0,100.43,124.42
715,8,15.0,108.06,102.83
716,8,11.0,96.99,116.55
717,8,12.0,112.89,125.09
718,8,7.0,100.43,128.87
719,8,21.0,117.39,128.43
720,8,20.0,112.89,114.85
721,8,16.0,108.06,115.96
722,8,11.0,108.06,105.58
723,8,7.0,104.06,119.76
724,8,19.0,108.06,103.28
725,8,10.0,96.99,116.47
726,8,9.0,112.89,102.39
727,8,21.0,112.89,111.22
728,8,23.0,108.06,99.31
729,8,12.0,96.99,106.95
730,8,18.0,117.39,123.13
731,8,22.0,104.06,120.54
732,8,22.0,117.39,119.67
733,8,7.0,117.39,106.48
734,8,15.0,108.06,106.99
735,8,21.0,104.06,107.29
736,8,18.0,100.43,127.22
737,8,15.0,112.89,106.43
738,8,15.0,108.06,122.18
739,8,18.0,126.18,116.16
740,8,21.0,108.06,111.94
741,8,19.0,96.99,114.78
742,8,15.0,108.06,120.56
743,8,20.0,96.99,123.76
744,8,20.0,117.39,143.94
745,8,22.0,100.43,125.34
746,8,19.0,117.39,111.38
747,8,18.0,112.89,126.99
748,8,10.0,93.9,120.61
749,8,19.0,117.39,111.83
750,8,9.0,112.89,106.13
751,8,22.0,117.39,122.83
752,8,21.0,117.39,116.64
753,8,20.0,100.43,115.84
754,8,17.0,100.43,104.57
755,8,20.0,108.06,92.72
756,8,22.0,112.89,109.42
757,8,15.0,121.89,100.6
758,8,15.0,108.06,112.66
759,8,20.0,112.89,114.05
760,8,20.0,108.06,120.07
761,8,21.0,126.18,133.54
762,8,15.0,108.06,129.94
763,8,20.0,112.89,115.79
764,8,21.0,117.39,109.67
765,8,20.0,104.06,111.94
766,8,20.0,100.43,116.89
767,4,21.0,100.43,112.6
768,8,11.0,96.99,99.43
769,8,22.0,93.9,111.14
770,8,23.0,126.18,129.82
771,8,20.0,112.89,114.55
772,8,20.0,108.06,107.15
773,8,22.0,121.89,107.6
774,8,19.0,121.89,129.6
775,8,11.0,108.06,116.64
776,8,10.0,93.9,113.32
777,8,15.0,96.99,99.88
778,8,12.0,93.9,112.9
779,8,23.0,117.39,97.26
780,8,10.0,84.63,93.25
781,8,14.0,96.99,117.31
782,8,11.0,117.39,118.76
783,8,19.0,100.43,118.74
784,8,20.0,108.06,117.23
785,8,22.0,112.89,110.27
786,8,23.0,112.89,117.13
787,8,22.0,112.89,112.89
788,8,15.0,126.18,122.94
789,8,21.0,117.39,121.3
790,8,20.0,126.18,138.23
791,8,15.0,93.9,107.0
792,8,11.0,112.89,103.01
793,8,8.0,93.9,113.39
794,8,20.0,130.38,119.5
795,8,15.0,130.38,120.05
796,8,22.0,133.93,128.41
797,8,8.0,100.43,111.55
798,8,11.0,104.06,118.23
799,8,21.0,108.06,119.29
800,8,15.0,117.39,109.02
801,8,16.0,137.98,133.57
802,8,14.0,104.06,122.46
803,8,19.0,121.89,128.03
804,8,24.0,108.06,122.88
805,8,23.0,108.06,129.83
806,8,20.0,93.9,100.58
807,8,21.0,121.89,139.01
808,8,7.0,104.06,105.85
809,8,18.0,144.5,118.76
810,8,22.0,108.06,116.98
811,8,18.0,112.89,107.04
812,8,18.0,93.9,116.8
813,8,23.0,126.18,124.39
814,8,12.0,126.18,124.54
815,8,19.0,117.39,143.94
816,8,16.0,96.99,115.75
817,8,10.0,88.68,101.17
818,8,11.0,104.06,115.56
819,8,18.0,93.9,128.41
820,8,17.0,117.39,112.74
821,8,7.0,108.06,103.3
822,8,20.0,117.39,130.02
823,8,19.0,100.43,115.77
824,8,17.0,93.9,117.02
825,8,7.0,96.99,119.93
826,8,22.0,117.39,109.59
827,8,14.0,108.06,126.42
828,8,18.0,108.06,138.38
829,8,20.0,93.9,123.78
830,8,15.0,93.9,123.4
831,8,23.0,130.38,119.76
832,8,22.0,117.39,121.72
833,8,14.0,117.39,111.13
834,8,23.0,108.06,118.76
835,8,17.0,130.38,109.37
836,8,21.0,121.89,113.13
837,8,,117.39,109.85
838,8,10.0,91.07,107.51
839,8,17.0,108.06,114.38
840,8,23.0,126.18,115.85
841,8,15.0,108.06,110.82
842,8,20.0,117.39,100.89
843,8,12.0,117.39,113.2
844,8,12.0,104.06,114.95
845,8,15.0,112.89,107.79
846,8,19.0,121.89,133.93
847,8,22.0,126.18,116.94
848,8,9.0,96.99,129.77
849,8,21.0,112.89,105.43
850,8,19.0,130.38,118.13
851,8,18.0,126.18,117.58
852,8,24.0,112.89,139.01
853,8,22.0,121.89,111.29
854,8,21.0,112.89,106.54
855,8,10.0,100.43,96.74
856,8,21.0,117.39,103.9
857,8,23.0,126.18,114.09
858,8,20.0,121.89,106.48
859,8,20.0,100.43,112.44
860,8,8.0,117.39,115.09
861,8,12.0,108.06,108.82
862,8,20.0,112.89,121.28
863,8,8.0,100.43,126.04
864,8,21.0,121.89,122.09
865,8,21.0,108.06,113.15
866,8,22.0,96.99,108.28
867,8,13.0,121.89,99.99
868,8,19.0,121.89,111.14
869,8,22.0,108.06,126.65
870,8,13.0,108.06,120.38
871,8,20.0,117.39,127.52
872,8,20.0,126.18,128.85
873,8,7.0,108.06,119.62
874,8,19.0,121.89,104.88
875,8,20.0,121.89,129.19
876,8,23.0,133.93,105.99
877,8,15.0,133.93,106.64
878,8,16.0,112.89,123.42
879,8,22.0,117.39,114.06
880,8,24.0,108.06,120.05
881,8,9.0,96.99,109.7
882,8,19.0,108.06,110.02
883,8,11.0,108.06,95.56
884,8,18.0,112.89,122.66
885,8,13.0,93.9,127.93
886,8,21.0,108.06,112.86
887,8,19.0,121.89,120.11
888,8,20.0,126.18,118.6
889,8,18.0,112.89,109.49
890,8,16.0,100.43,108.73
891,8,23.0,117.39,133.12
892,8,10.0,104.06,109.19
893,8,20.0,108.06,117.33
894,8,18.0,117.39,119.69
895,8,16.0,108.06,102.35
896,8,20.0,104.06,107.06
897,8,12.0,104.06,122.66
898,8,18.0,108.06,129.89
899,8,20.0,121.89,116.37
900,8,23.0,130.38,107.73
901,8,11.0,108.06,114.89
902,8,24.0,108.06,110.45
903,8,10.0,108.06,97.21
904,8,8.0,100.43,98.58
905,8,19.0,126.18,123.13
906,8,24.0,121.89,117.07
907,8,19.0,104.06,101.33
908,8,14.0,126.18,125.06
909,8,18.0,112.89,113.06
910,8,24.0,104.06,126.59
911,8,22.0,112.89,110.87
912,8,21.0,121.89,125.09
913,8,16.0,121.89,106.14
914,8,15.0,121.89,122.23
915,4,18.0,117.39,108.63
916,8,10.0,108.06,125.81
917,8,12.0,108.06,108.08
918,8,12.0,108.06,111.01
919,8,8.0,121.89,119.45
920,8,21.0,121.89,109.36
921,8,9.0,121.89,133.93
922,8,,121.89,96.5
923,8,11.0,117.39,136.1
924,8,21.0,112.89,127.95
925,8,22.0,104.06,125.14
926,8,18.0,112.89,107.22
927,8,18.0,112.89,143.94
928,8,12.0,117.39,110.9
929,8,24.0,137.98,112.52
930,8,10.0,93.9,119.17
931,8,21.0,117.39,114.13
932,8,14.0,100.43,107.35
933,8,20.0,117.39,130.44
934,8,20.0,112.89,132.68
935,8,11.0,96.99,106.51
936,8,22.0,117.39,101.25
937,8,13.0,126.18,122.46
938,8,10.0,117.39,115.42
939,8,21.0,112.89,116.53
940,8,22.0,130.38,114.04
941,8,24.0,130.38,98.61
942,8,23.0,121.89,111.29
943,8,16.0,108.06,102.98
944,8,16.0,108.06,111.2
945,8,21.0,108.06,118.71
946,8,22.0,104.06,121.41
947,8,22.0,130.38,128.57
948,8,17.0,108.06,121.37
949,8,23.0,121.89,107.93
950,8,22.0,108.06,118.69
951,8,21.0,108.06,121.94
952,8,21.0,121.89,113.81
953,8,21.0,93.9,116.67
954,8,9.0,108.06,116.55
955,8,11.0,84.63,99.44
956,8,16.0,93.9,103.95
957,8,20.0,126.18,128.43
958,8,16.0,112.89,116.76
959,8,16.0,112.89,104.41
960,8,14.0,112.89,123.99
961,8,17.0,104.06,130.22
962,8,17.0,112.89,128.57
963,8,10.0,108.06,123.75
964,8,13.0,108.06,110.55
965,8,18.0,104.06,103.73
966,8,18.0,108.06,136.1
967,8,24.0,112.89,117.58
968,8,9.0,112.89,120.2
969,8,11.0,112.89,110.53
970,8,18.0,121.89,100.69
971,8,19.0,108.06,110.3
972,8,23.0,126.18,122.94
973,8,21.0,108.06,103.56
974,8,24.0,117.39,108.37
975,8,10.0,100.43,103.45
976,8,14.0,108.06,107.69
977,8,8.0,91.07,101.14
978,8,21.0,121.89,107.9
979,8,22.0,126.18,112.66
980,8,11.0,117.39,124.56
981,8,21.0,108.06,124.33
982,8,21.0,117.39,120.38
983,8,19.0,112.89,128.43
984,8,21.0,108.06,110.66
985,8,20.0,112.89,107.0
986,8,16.0,112.89,114.71
987,8,17.0,108.06,111.45
988,8,16.0,96.99,107.62
989,8,12.0,96.99,115.48
990,8,7.0,126.18,112.37
991,8,21.0,121.89,109.65
992,8,21.0,112.89,102.73
993,8,15.0,100.43,106.99
994,8,18.0,117.39,110.59
995,8,9.0,96.99,107.45
996,8,23.0,100.43,100.12
997,8,19.0,126.18,125.08
998,8,20.0,117.39,104.34
999,8,10.0,108.06,118.72
1000,8,23.0,144.5,119.16
1001,8,8.0,93.9,118.0
1002,8,19.0,130.38,99.16
1003,8,7.0,100.43,106.99
1004,8,20.0,108.06,128.45
1005,8,9.0,108.06,109.44
1006,8,20.0,144.5,115.91
1007,8,12.0,121.89,118.71
1008,8,18.0,130.38,111.55
1009,8,23.0,117.39,119.07
1010,8,21.0,121.89,125.55
1011,8,19.0,108.06,131.62
1012,8,17.0,100.43,111.57
1013,8,21.0,112.89,124.56
1014,8,14.0,126.18,101.38
1015,8,15.0,93.9,114.42
1016,8,20.0,121.89,116.34
1017,8,19.0,84.63,105.83
1018,8,16.0,121.89,122.15
1019,8,7.0,121.89,107.04
1020,8,21.0,100.43,108.09
1021,8,20.0,80.79,127.03
1022,8,23.0,100.43,120.88
1023,8,15.0,112.89,128.45
1024,8,23.0,117.39,116.23
1025,8,10.0,108.06,110.71
1026,8,20.0,96.99,107.8
1027,8,11.0,121.89,130.49
1028,8,18.0,126.18,118.77
1029,8,19.0,117.39,131.62
1030,8,14.0,126.18,108.63
1031,8,20.0,112.89,107.34
1032,8,14.0,108.06,118.59
1033,8,20.0,117.39,130.44
1034,8,15.0,108.06,143.94
1035,8,18.0,126.18,122.87
1036,8,18.0,108.06,108.13
1037,8,22.0,108.06,117.96
1038,8,13.0,96.99,111.43
1039,8,21.0,108.06,114.09
1040,8,11.0,117.39,130.15
1041,8,22.0,144.5,115.29
1042,8,21.0,117.39,104.63
1043,8,21.0,117.39,138.82
1044,8,18.0,112.89,93.43
1045,8,12.0,93.9,112.37
1046,8,19.0,117.39,122.35
1047,8,15.0,126.18,113.58
1048,8,12.0,96.99,100.23
1049,8,10.0,104.06,125.47
1050,8,19.0,117.39,118.69
1051,8,19.0,126.18,108.91
1052,8,20.0,126.18,122.83
1053,8,8.0,108.06,104.11
1054,8,15.0,96.99,117.82
1055,8,19.0,117.39,108.73
1056,8,21.0,121.89,138.87
1057,8,17.0,96.99,116.67
1058,8,22.0,126.18,143.94
1059,8,13.0,104.06,123.42
1060,8,23.0,117.39,106.84
1061,8,13.0,91.07,128.44
1062,8,19.0,121.89,119.16
1063,8,9.0,100.43,124.95
1064,8,8.0,100.43,124.87
1065,8,16.0,100.43,124.2
1066,8,14.0,108.06,103.29
1067,8,16.0,93.9,104.85
1068,8,10.0,96.99,116.67
1069,8,15.0,100.43,119.17
1070,8,10.0,96.99,100.79
1071,8,14.0,108.06,113.18
1072,8,19.0,112.89,109.27
1073,8,16.0,117.39,117.31
1074,8,17.0,108.06,118.71
1075,8,17.0,117.39,128.62
1076,8,13.0,93.9,100.72
1077,8,20.0,100.43,94.9
1078,8,14.0,112.89,101.21
1079,8,24.0,117.39,122.83
1080,8,22.0,93.9,122.17
1081,8,23.0,104.06,117.45
1082,8,22.0,112.89,115.28
1083,8,20.0,117.39,117.59
1084,8,10.0,104.06,122.18
1085,8,23.0,121.89,136.1
1086,8,21.0,100.43,94.96
1087,8,14.0,96.99,126.37
1088,8,21.0,121.89,120.35
1089,8,20.0,108.06,112.17
1090,8,19.0,108.06,123.4
1091,8,20.0,108.06,117.78
