participant,problem,choice,alternativeA,alternativeB
1,1,1,1,6
1,2,1,2,6
1,3,1,3,7
1,4,1,4,7
1,5,1,5,8
1,6,1,1,6
1,7,1,2,6
1,8,1,3,7
1,9,1,4,7
1,10,1,5,8
1,11,1,1,6
1,12,1,2,6
1,13,1,3,7
1,14,1,4,7
1,15,1,5,8
1,16,1,1,6
1,17,1,2,6
1,18,1,3,7
1,19,1,4,7
1,20,1,5,8
1,21,1,1,6
1,22,1,2,6
1,23,1,3,7
1,24,1,4,7
1,25,1,5,8
1,26,1,1,6
1,27,1,2,6
1,28,1,3,7
1,29,1,4,7
1,30,1,5,8
1,31,1,1,6
1,32,1,2,6
1,33,1,3,7
1,34,1,4,7
1,35,1,5,8
1,36,1,1,6
1,37,1,2,6
1,38,1,3,7
1,39,1,4,7
1,40,1,5,8
2,1,1,1,6
2,2,1,2,6
2,3,1,3,7
2,4,1,4,7
2,5,1,5,8
2,6,1,1,6
2,7,1,2,6
2,8,1,3,7
2,9,1,4,7
2,10,1,5,8
2,11,1,1,6
2,12,1,2,6
2,13,1,3,7
2,14,1,4,7
2,15,1,5,8
2,16,1,1,6
2,17,1,2,6
2,18,1,3,7
2,19,1,4,7
2,20,1,5,8
2,21,1,1,6
2,22,1,2,6
2,23,1,3,7
2,24,1,4,7
2,25,1,5,8
2,26,1,1,6
2,27,1,2,6
2,28,1,3,7
2,29,1,4,7
2,30,1,5,8
2,31,1,1,6
2,32,1,2,6
2,33,1,3,7
2,34,1,4,7
2,35,1,5,8
2,36,1,1,6
2,37,1,2,6
2,38,1,3,7
2,39,1,4,7
2,40,1,5,8
3,1,1,1,6
3,2,1,2,6
3,3,1,3,7
3,4,1,4,7
3,5,1,5,8
3,6,1,1,6
3,7,1,2,6
3,8,1,3,7
3,9,1,4,7
3,10,1,5,8
3,11,1,1,6
3,12,1,2,6
3,13,1,3,7
3,14,1,4,7
3,15,1,5,8
3,16,1,1,6
3,17,1,2,6
3,18,1,3,7
3,19,1,4,7
3,20,1,5,8
3,21,1,1,6
3,22,1,2,6
3,23,1,3,7
3,24,1,4,7
3,25,1,5,8
3,26,1,1,6
3,27,1,2,6
3,28,1,3,7
3,29,1,4,7
3,30,1,5,8
3,31,1,1,6
3,32,1,2,6
3,33,1,3,7
3,34,1,4,7
3,35,1,5,8
3,36,1,1,6
3,37,1,2,6
3,38,1,3,7
3,39,1,4,7
3,40,1,5,8
4,1,1,1,6
4,2,1,2,6
4,3,1,3,7
4,4,1,4,7
4,5,1,5,8
4,6,1,1,6
4,7,1,2,6
4,8,1,3,7
4,9,1,4,7
4,10,1,5,8
4,11,1,1,6
4,12,1,2,6
4,13,1,3,7
4,14,1,4,7
4,15,1,5,8
4,16,1,1,6
4,17,1,2,6
4,18,1,3,7
4,19,1,4,7
4,20,1,5,8
4,21,1,1,6
4,22,1,2,6
4,23,1,3,7
4,24,1,4,7
4,25,1,5,8
4,26,1,1,6
4,27,1,2,6
4,28,1,3,7
4,29,1,4,7
4,30,1,5,8
4,31,1,1,6
4,32,1,2,6
4,33,1,3,7
4,34,1,4,7
4,35,1,5,8
4,36,1,1,6
4,37,1,2,6
4,38,1,3,7
4,39,1,4,7
4,40,1,5,8
5,1,1,1,6
5,2,1,2,6
5,3,1,3,7
5,4,1,4,7
5,5,1,5,8
5,6,1,1,6
5,7,1,2,6
5,8,1,3,7
5,9,1,4,7
5,10,1,5,8
5,11,1,1,6
5,12,1,2,6
5,13,1,3,7
5,14,1,4,7
5,15,1,5,8
5,16,1,1,6
5,17,1,2,6
5,18,1,3,7
5,19,1,4,7
5,20,1,5,8
5,21,1,1,6
5,22,1,2,6
5,23,1,3,7
5,24,1,4,7
5,25,1,5,8
5,26,1,1,6
5,27,1,2,6
5,28,1,3,7
5,29,1,4,7
5,30,1,5,8
5,31,1,1,6
5,32,1,2,6
5,33,1,3,7
5,34,1,4,7
5,35,1,5,8
5,36,1,1,6
5,37,1,2,6
5,38,1,3,7
5,39,1,4,7
5,40,1,5,8
6,1,1,1,6
6,2,1,2,6
6,3,1,3,7
6,4,1,4,7
6,5,1,5,8
6,6,1,1,6
6,7,1,2,6
6,8,1,3,7
6,9,1,4,7
6,10,1,5,8
6,11,1,1,6
6,12,1,2,6
6,13,1,3,7
6,14,1,4,7
6,15,1,5,8
6,16,1,1,6
6,17,1,2,6
6,18,1,3,7
6,19,1,4,7
6,20,1,5,8
6,21,1,1,6
6,22,1,2,6
6,23,1,3,7
6,24,1,4,7
6,25,1,5,8
6,26,1,1,6
6,27,1,2,6
6,28,1,3,7
6,29,1,4,7
6,30,1,5,8
6,31,1,1,6
6,32,1,2,6
6,33,1,3,7
6,34,1,4,7
6,35,1,5,8
6,36,1,1,6
6,37,1,2,6
6,38,1,3,7
6,39,1,4,7
6,40,1,5,8
7,1,1,1,6
7,2,1,2,6
7,3,1,3,7
7,4,1,4,7
7,5,1,5,8
7,6,1,1,6
7,7,1,2,6
7,8,1,3,7
7,9,1,4,7
7,10,1,5,8
7,11,1,1,6
7,12,1,2,6
7,13,1,3,7
7,14,1,4,7
7,15,1,5,8
7,16,1,1,6
7,17,1,2,6
7,18,1,3,7
7,19,1,4,7
7,20,1,5,8
7,21,1,1,6
7,22,1,2,6
7,23,1,3,7
7,24,1,4,7
7,25,1,5,8
7,26,1,1,6
7,27,1,2,6
7,28,1,3,7
7,29,1,4,7
7,30,1,5,8
7,31,1,1,6
7,32,1,2,6
7,33,1,3,7
7,34,1,4,7
7,35,1,5,8
7,36,1,1,6
7,37,1,2,6
7,38,1,3,7
7,39,1,4,7
7,40,1,5,8
8,1,1,1,6
8,2,1,2,6
8,3,1,3,7
8,4,1,4,7
8,5,1,5,8
8,6,1,1,6
8,7,1,2,6
8,8,1,3,7
8,9,1,4,7
8,10,1,5,8
8,11,1,1,6
8,12,1,2,6
8,13,1,3,7
8,14,1,4,7
8,15,1,5,8
8,16,1,1,6
8,17,1,2,6
8,18,1,3,7
8,19,1,4,7
8,20,1,5,8
8,21,1,1,6
8,22,1,2,6
8,23,1,3,7
8,24,1,4,7
8,25,1,5,8
8,26,1,1,6
8,27,1,2,6
8,28,1,3,7
8,29,1,4,7
8,30,1,5,8
8,31,1,1,6
8,32,1,2,6
8,33,1,3,7
8,34,1,4,7
8,35,1,5,8
8,36,1,1,6
8,37,1,2,6
8,38,1,3,7
8,39,1,4,7
8,40,1,5,8
9,1,1,1,6
9,2,1,2,6
9,3,1,3,7
9,4,1,4,7
9,5,1,5,8
9,6,1,1,6
9,7,1,2,6
9,8,1,3,7
9,9,1,4,7
9,10,1,5,8
9,11,1,1,6
9,12,1,2,6
9,13,1,3,7
9,14,1,4,7
9,15,1,5,8
9,16,1,1,6
9,17,1,2,6
9,18,1,3,7
9,19,1,4,7
9,20,1,5,8
9,21,1,1,6
9,22,1,2,6
9,23,1,3,7
9,24,1,4,7
9,25,1,5,8
9,26,1,1,6
9,27,1,2,6
9,28,1,3,7
9,29,1,4,7
9,30,1,5,8
9,31,1,1,6
9,32,1,2,6
9,33,1,3,7
9,34,1,4,7
9,35,1,5,8
9,36,1,1,6
9,37,1,2,6
9,38,1,3,7
9,39,1,4,7
9,40,1,5,8
10,1,1,1,6
10,2,1,2,6
10,3,1,3,7
10,4,1,4,7
10,5,1,5,8
10,6,1,1,6
10,7,1,2,6
10,8,1,3,7
10,9,1,4,7
10,10,1,5,8
10,11,1,1,6
10,12,1,2,6
10,13,1,3,7
10,14,1,4,7
10,15,1,5,8
10,16,1,1,6
10,17,1,2,6
10,18,1,3,7
10,19,1,4,7
10,20,1,5,8
10,21,1,1,6
10,22,1,2,6
10,23,1,3,7
10,24,1,4,7
10,25,1,5,8
10,26,1,1,6
10,27,1,2,6
10,28,1,3,7
10,29,1,4,7
10,30,1,5,8
10,31,1,1,6
10,32,1,2,6
10,33,1,3,7
10,34,1,4,7
10,35,1,5,8
10,36,1,1,6
10,37,1,2,6
10,38,1,3,7
10,39,1,4,7
10,40,1,5,8
11,1,1,1,6
11,2,1,2,6
11,3,1,3,7
11,4,1,4,7
11,5,1,5,8
11,6,1,1,6
11,7,1,2,6
11,8,1,3,7
11,9,1,4,7
11,10,1,5,8
11,11,1,1,6
11,12,1,2,6
11,13,1,3,7
11,14,1,4,7
11,15,1,5,8
11,16,1,1,6
11,17,1,2,6
11,18,1,3,7
11,19,1,4,7
11,20,1,5,8
11,21,1,1,6
11,22,1,2,6
11,23,1,3,7
11,24,1,4,7
11,25,1,5,8
11,26,1,1,6
11,27,1,2,6
11,28,1,3,7
11,29,1,4,7
11,30,1,5,8
11,31,1,1,6
11,32,1,2,6
11,33,1,3,7
11,34,1,4,7
11,35,1,5,8
11,36,1,1,6
11,37,1,2,6
11,38,1,3,7
11,39,1,4,7
11,40,1,5,8
12,1,1,1,6
12,2,1,2,6
12,3,1,3,7
12,4,1,4,7
12,5,1,5,8
12,6,1,1,6
12,7,1,2,6
12,8,1,3,7
12,9,1,4,7
12,10,1,5,8
12,11,1,1,6
12,12,1,2,6
12,13,1,3,7
12,14,1,4,7
12,15,1,5,8
12,16,1,1,6
12,17,1,2,6
12,18,1,3,7
12,19,1,4,7
12,20,1,5,8
12,21,1,1,6
12,22,1,2,6
12,23,1,3,7
12,24,1,4,7
12,25,1,5,8
12,26,1,1,6
12,27,1,2,6
12,28,1,3,7
12,29,1,4,7
12,30,1,5,8
12,31,1,1,6
12,32,1,2,6
12,33,1,3,7
12,34,1,4,7
12,35,1,5,8
12,36,1,1,6
12,37,1,2,6
12,38,1,3,7
12,39,1,4,7
12,40,1,5,8
13,1,1,1,6
13,2,1,2,6
13,3,1,3,7
13,4,1,4,7
13,5,1,5,8
13,6,1,1,6
13,7,1,2,6
13,8,1,3,7
13,9,1,4,7
13,10,1,5,8
13,11,1,1,6
13,12,1,2,6
13,13,1,3,7
13,14,1,4,7
13,15,1,5,8
13,16,1,1,6
13,17,1,2,6
13,18,1,3,7
13,19,1,4,7
13,20,1,5,8
13,21,1,1,6
13,22,1,2,6
13,23,1,3,7
13,24,1,4,7
13,25,1,5,8
13,26,1,1,6
13,27,1,2,6
13,28,1,3,7
13,29,1,4,7
13,30,1,5,8
13,31,1,1,6
13,32,1,2,6
13,33,1,3,7
13,34,1,4,7
13,35,1,5,8
13,36,1,1,6
13,37,1,2,6
13,38,1,3,7
13,39,1,4,7
13,40,1,5,8
14,1,1,1,6
14,2,1,2,6
14,3,1,3,7
14,4,1,4,7
14,5,1,5,8
14,6,1,1,6
14,7,1,2,6
14,8,1,3,7
14,9,1,4,7
14,10,1,5,8
14,11,1,1,6
14,12,1,2,6
14,13,1,3,7
14,14,1,4,7
14,15,1,5,8
14,16,1,1,6
14,17,1,2,6
14,18,1,3,7
14,19,1,4,7
14,20,1,5,8
14,21,1,1,6
14,22,1,2,6
14,23,1,3,7
14,24,1,4,7
14,25,1,5,8
14,26,1,1,6
14,27,1,2,6
14,28,1,3,7
14,29,1,4,7
14,30,1,5,8
14,31,1,1,6
14,32,1,2,6
14,33,1,3,7
14,34,1,4,7
14,35,1,5,8
14,36,1,1,6
14,37,1,2,6
14,38,1,3,7
14,39,1,4,7
14,40,1,5,8
15,1,1,1,6
15,2,1,2,6
15,3,1,3,7
15,4,1,4,7
15,5,1,5,8
15,6,1,1,6
15,7,1,2,6
15,8,1,3,7
15,9,1,4,7
15,10,1,5,8
15,11,1,1,6
15,12,1,2,6
15,13,1,3,7
15,14,1,4,7
15,15,1,5,8
15,16,1,1,6
15,17,1,2,6
15,18,1,3,7
15,19,1,4,7
15,20,1,5,8
15,21,1,1,6
15,22,1,2,6
15,23,1,3,7
15,24,1,4,7
15,25,1,5,8
15,26,1,1,6
15,27,1,2,6
15,28,1,3,7
15,29,1,4,7
15,30,1,5,8
15,31,1,1,6
15,32,1,2,6
15,33,1,3,7
15,34,1,4,7
15,35,1,5,8
15,36,1,1,6
15,37,1,2,6
15,38,1,3,7
15,39,1,4,7
15,40,1,5,8
16,1,1,1,6
16,2,1,2,6
16,3,1,3,7
16,4,1,4,7
16,5,1,5,8
16,6,1,1,6
16,7,1,2,6
16,8,1,3,7
16,9,1,4,7
16,10,1,5,8
16,11,1,1,6
16,12,1,2,6
16,13,1,3,7
16,14,1,4,7
16,15,1,5,8
16,16,1,1,6
16,17,1,2,6
16,18,1,3,7
16,19,1,4,7
16,20,1,5,8
16,21,1,1,6
16,22,1,2,6
16,23,1,3,7
16,24,1,4,7
16,25,1,5,8
16,26,1,1,6
16,27,1,2,6
16,28,1,3,7
16,29,1,4,7
16,30,1,5,8
16,31,1,1,6
16,32,1,2,6
16,33,1,3,7
16,34,1,4,7
16,35,1,5,8
16,36,1,1,6
16,37,1,2,6
16,38,1,3,7
16,39,1,4,7
16,40,1,5,8
17,1,1,1,6
17,2,1,2,6
17,3,1,3,7
17,4,1,4,7
17,5,1,5,8
17,6,1,1,6
17,7,1,2,6
17,8,1,3,7
17,9,1,4,7
17,10,1,5,8
17,11,1,1,6
17,12,1,2,6
17,13,1,3,7
17,14,1,4,7
17,15,1,5,8
17,16,1,1,6
17,17,1,2,6
17,18,1,3,7
17,19,1,4,7
17,20,1,5,8
17,21,1,1,6
17,22,1,2,6
17,23,1,3,7
17,24,1,4,7
17,25,1,5,8
17,26,1,1,6
17,27,1,2,6
17,28,1,3,7
17,29,1,4,7
17,30,1,5,8
17,31,1,1,6
17,32,1,2,6
17,33,1,3,7
17,34,1,4,7
17,35,1,5,8
17,36,1,1,6
17,37,1,2,6
17,38,1,3,7
17,39,1,4,7
17,40,1,5,8
18,1,1,1,6
18,2,1,2,6
18,3,1,3,7
18,4,1,4,7
18,5,1,5,8
18,6,1,1,6
18,7,1,2,6
18,8,1,3,7
18,9,1,4,7
18,10,1,5,8
18,11,1,1,6
18,12,1,2,6
18,13,1,3,7
18,14,1,4,7
18,15,1,5,8
18,16,1,1,6
18,17,1,2,6
18,18,1,3,7
18,19,1,4,7
18,20,1,5,8
18,21,1,1,6
18,22,1,2,6
18,23,1,3,7
18,24,1,4,7
18,25,1,5,8
18,26,1,1,6
18,27,1,2,6
18,28,1,3,7
18,29,1,4,7
18,30,1,5,8
18,31,1,1,6
18,32,1,2,6
18,33,1,3,7
18,34,1,4,7
18,35,1,5,8
18,36,1,1,6
18,37,1,2,6
18,38,1,3,7
18,39,1,4,7
18,40,1,5,8
19,1,1,1,6
19,2,1,2,6
19,3,1,3,7
19,4,1,4,7
19,5,1,5,8
19,6,1,1,6
19,7,1,2,6
19,8,1,3,7
19,9,1,4,7
19,10,1,5,8
19,11,1,1,6
19,12,1,2,6
19,13,1,3,7
19,14,1,4,7
19,15,1,5,8
19,16,1,1,6
19,17,1,2,6
19,18,1,3,7
19,19,1,4,7
19,20,1,5,8
19,21,1,1,6
19,22,1,2,6
19,23,1,3,7
19,24,1,4,7
19,25,1,5,8
19,26,1,1,6
19,27,1,2,6
19,28,1,3,7
19,29,1,4,7
19,30,1,5,8
19,31,1,1,6
19,32,1,2,6
19,33,1,3,7
19,34,1,4,7
19,35,1,5,8
19,36,1,1,6
19,37,1,2,6
19,38,1,3,7
19,39,1,4,7
19,40,1,5,8
20,1,1,1,6
20,2,1,2,6
20,3,1,3,7
20,4,1,4,7
20,5,1,5,8
20,6,1,1,6
20,7,1,2,6
20,8,1,3,7
20,9,1,4,7
20,10,1,5,8
20,11,1,1,6
20,12,1,2,6
20,13,1,3,7
20,14,1,4,7
20,15,1,5,8
20,16,1,1,6
20,17,1,2,6
20,18,1,3,7
20,19,1,4,7
20,20,1,5,8
20,21,1,1,6
20,22,1,2,6
20,23,1,3,7
20,24,1,4,7
20,25,1,5,8
20,26,1,1,6
20,27,1,2,6
20,28,1,3,7
20,29,1,4,7
20,30,1,5,8
20,31,1,1,6
20,32,1,2,6
20,33,1,3,7
20,34,1,4,7
20,35,1,5,8
20,36,1,1,6
20,37,1,2,6
20,38,1,3,7
20,39,1,4,7
20,40,1,5,8
21,1,1,1,6
21,2,1,2,6
21,3,1,3,7
21,4,1,4,7
21,5,1,5,8
21,6,1,1,6
21,7,1,2,6
21,8,1,3,7
21,9,1,4,7
21,10,1,5,8
21,11,1,1,6
21,12,1,2,6
21,13,1,3,7
21,14,1,4,7
21,15,1,5,8
21,16,1,1,6
21,17,1,2,6
21,18,1,3,7
21,19,1,4,7
21,20,1,5,8
21,21,1,1,6
21,22,1,2,6
21,23,1,3,7
21,24,1,4,7
21,25,1,5,8
21,26,1,1,6
21,27,1,2,6
21,28,1,3,7
21,29,1,4,7
21,30,1,5,8
21,31,1,1,6
21,32,1,2,6
21,33,1,3,7
21,34,1,4,7
21,35,1,5,8
21,36,1,1,6
21,37,1,2,6
21,38,1,3,7
21,39,1,4,7
21,40,0,5,8
22,1,1,1,6
22,2,1,2,6
22,3,1,3,7
22,4,1,4,7
22,5,1,5,8
22,6,1,1,6
22,7,1,2,6
22,8,1,3,7
22,9,1,4,7
22,10,1,5,8
22,11,1,1,6
22,12,1,2,6
22,13,1,3,7
22,14,1,4,7
22,15,1,5,8
22,16,1,1,6
22,17,1,2,6
22,18,1,3,7
22,19,1,4,7
22,20,1,5,8
22,21,1,1,6
22,22,1,2,6
22,23,1,3,7
22,24,1,4,7
22,25,1,5,8
22,26,1,1,6
22,27,1,2,6
22,28,1,3,7
22,29,1,4,7
22,30,1,5,8
22,31,1,1,6
22,32,0,2,6
22,33,1,3,7
22,34,1,4,7
22,35,1,5,8
22,36,1,1,6
22,37,1,2,6
22,38,1,3,7
22,39,1,4,7
22,40,1,5,8
23,1,1,1,6
23,2,1,2,6
23,3,1,3,7
23,4,1,4,7
23,5,1,5,8
23,6,1,1,6
23,7,1,2,6
23,8,1,3,7
23,9,1,4,7
23,10,1,5,8
23,11,1,1,6
23,12,1,2,6
23,13,1,3,7
23,14,1,4,7
23,15,1,5,8
23,16,1,1,6
23,17,1,2,6
23,18,1,3,7
23,19,1,4,7
23,20,1,5,8
23,21,1,1,6
23,22,1,2,6
23,23,1,3,7
23,24,1,4,7
23,25,1,5,8
23,26,1,1,6
23,27,1,2,6
23,28,1,3,7
23,29,1,4,7
23,30,1,5,8
23,31,1,1,6
23,32,0,2,6
23,33,1,3,7
23,34,1,4,7
23,35,1,5,8
23,36,1,1,6
23,37,1,2,6
23,38,1,3,7
23,39,1,4,7
23,40,0,5,8
24,1,1,1,6
24,2,1,2,6
24,3,1,3,7
24,4,1,4,7
24,5,1,5,8
24,6,1,1,6
24,7,1,2,6
24,8,1,3,7
24,9,1,4,7
24,10,1,5,8
24,11,1,1,6
24,12,1,2,6
24,13,1,3,7
24,14,1,4,7
24,15,1,5,8
24,16,1,1,6
24,17,1,2,6
24,18,1,3,7
24,19,1,4,7
24,20,1,5,8
24,21,1,1,6
24,22,1,2,6
24,23,1,3,7
24,24,1,4,7
24,25,1,5,8
24,26,1,1,6
24,27,1,2,6
24,28,1,3,7
24,29,1,4,7
24,30,1,5,8
24,31,0,1,6
24,32,0,2,6
24,33,1,3,7
24,34,1,4,7
24,35,1,5,8
24,36,1,1,6
24,37,1,2,6
24,38,1,3,7
24,39,1,4,7
24,40,1,5,8
25,1,1,1,6
25,2,1,2,6
25,3,1,3,7
25,4,1,4,7
25,5,1,5,8
25,6,1,1,6
25,7,1,2,6
25,8,1,3,7
25,9,1,4,7
25,10,1,5,8
25,11,1,1,6
25,12,1,2,6
25,13,1,3,7
25,14,1,4,7
25,15,1,5,8
25,16,1,1,6
25,17,1,2,6
25,18,1,3,7
25,19,1,4,7
25,20,1,5,8
25,21,1,1,6
25,22,1,2,6
25,23,1,3,7
25,24,0,4,7
25,25,1,5,8
25,26,1,1,6
25,27,1,2,6
25,28,1,3,7
25,29,1,4,7
25,30,1,5,8
25,31,1,1,6
25,32,1,2,6
25,33,1,3,7
25,34,1,4,7
25,35,1,5,8
25,36,1,1,6
25,37,1,2,6
25,38,1,3,7
25,39,1,4,7
25,40,1,5,8
26,1,1,1,6
26,2,1,2,6
26,3,1,3,7
26,4,1,4,7
26,5,1,5,8
26,6,1,1,6
26,7,1,2,6
26,8,1,3,7
26,9,1,4,7
26,10,1,5,8
26,11,1,1,6
26,12,1,2,6
26,13,1,3,7
26,14,1,4,7
26,15,1,5,8
26,16,1,1,6
26,17,1,2,6
26,18,1,3,7
26,19,1,4,7
26,20,1,5,8
26,21,1,1,6
26,22,1,2,6
26,23,1,3,7
26,24,0,4,7
26,25,1,5,8
26,26,1,1,6
26,27,1,2,6
26,28,1,3,7
26,29,1,4,7
26,30,1,5,8
26,31,1,1,6
26,32,0,2,6
26,33,1,3,7
26,34,1,4,7
26,35,1,5,8
26,36,1,1,6
26,37,1,2,6
26,38,1,3,7
26,39,1,4,7
26,40,1,5,8
27,1,1,1,6
27,2,1,2,6
27,3,1,3,7
27,4,1,4,7
27,5,1,5,8
27,6,1,1,6
27,7,1,2,6
27,8,1,3,7
27,9,1,4,7
27,10,1,5,8
27,11,1,1,6
27,12,1,2,6
27,13,1,3,7
27,14,1,4,7
27,15,1,5,8
27,16,0,1,6
27,17,1,2,6
27,18,1,3,7
27,19,1,4,7
27,20,1,5,8
27,21,1,1,6
27,22,1,2,6
27,23,1,3,7
27,24,1,4,7
27,25,1,5,8
27,26,1,1,6
27,27,1,2,6
27,28,1,3,7
27,29,1,4,7
27,30,1,5,8
27,31,1,1,6
27,32,1,2,6
27,33,1,3,7
27,34,1,4,7
27,35,1,5,8
27,36,1,1,6
27,37,1,2,6
27,38,1,3,7
27,39,1,4,7
27,40,1,5,8
28,1,1,1,6
28,2,1,2,6
28,3,1,3,7
28,4,1,4,7
28,5,1,5,8
28,6,1,1,6
28,7,1,2,6
28,8,1,3,7
28,9,1,4,7
28,10,1,5,8
28,11,1,1,6
28,12,1,2,6
28,13,1,3,7
28,14,1,4,7
28,15,1,5,8
28,16,0,1,6
28,17,1,2,6
28,18,1,3,7
28,19,1,4,7
28,20,1,5,8
28,21,1,1,6
28,22,1,2,6
28,23,1,3,7
28,24,1,4,7
28,25,1,5,8
28,26,1,1,6
28,27,1,2,6
28,28,1,3,7
28,29,1,4,7
28,30,1,5,8
28,31,1,1,6
28,32,1,2,6
28,33,1,3,7
28,34,1,4,7
28,35,1,5,8
28,36,1,1,6
28,37,1,2,6
28,38,1,3,7
28,39,1,4,7
28,40,1,5,8
29,1,1,1,6
29,2,1,2,6
29,3,1,3,7
29,4,1,4,7
29,5,1,5,8
29,6,1,1,6
29,7,1,2,6
29,8,1,3,7
29,9,1,4,7
29,10,1,5,8
29,11,1,1,6
29,12,1,2,6
29,13,1,3,7
29,14,1,4,7
29,15,1,5,8
29,16,0,1,6
29,17,1,2,6
29,18,1,3,7
29,19,1,4,7
29,20,1,5,8
29,21,1,1,6
29,22,1,2,6
29,23,1,3,7
29,24,1,4,7
29,25,1,5,8
29,26,1,1,6
29,27,1,2,6
29,28,1,3,7
29,29,1,4,7
29,30,1,5,8
29,31,1,1,6
29,32,1,2,6
29,33,1,3,7
29,34,1,4,7
29,35,1,5,8
29,36,1,1,6
29,37,1,2,6
29,38,1,3,7
29,39,1,4,7
29,40,1,5,8
30,1,1,1,6
30,2,1,2,6
30,3,1,3,7
30,4,1,4,7
30,5,1,5,8
30,6,1,1,6
30,7,1,2,6
30,8,1,3,7
30,9,1,4,7
30,10,1,5,8
30,11,1,1,6
30,12,1,2,6
30,13,1,3,7
30,14,1,4,7
30,15,1,5,8
30,16,0,1,6
30,17,1,2,6
30,18,1,3,7
30,19,1,4,7
30,20,1,5,8
30,21,1,1,6
30,22,1,2,6
30,23,1,3,7
30,24,1,4,7
30,25,1,5,8
30,26,1,1,6
30,27,1,2,6
30,28,1,3,7
30,29,1,4,7
30,30,1,5,8
30,31,1,1,6
30,32,1,2,6
30,33,1,3,7
30,34,1,4,7
30,35,1,5,8
30,36,1,1,6
30,37,1,2,6
30,38,1,3,7
30,39,1,4,7
30,40,1,5,8
31,1,1,1,6
31,2,1,2,6
31,3,1,3,7
31,4,1,4,7
31,5,1,5,8
31,6,1,1,6
31,7,1,2,6
31,8,1,3,7
31,9,1,4,7
31,10,1,5,8
31,11,1,1,6
31,12,1,2,6
31,13,1,3,7
31,14,1,4,7
31,15,1,5,8
31,16,0,1,6
31,17,1,2,6
31,18,1,3,7
31,19,1,4,7
31,20,1,5,8
31,21,1,1,6
31,22,1,2,6
31,23,1,3,7
31,24,0,4,7
31,25,1,5,8
31,26,1,1,6
31,27,1,2,6
31,28,1,3,7
31,29,1,4,7
31,30,1,5,8
31,31,1,1,6
31,32,0,2,6
31,33,1,3,7
31,34,1,4,7
31,35,1,5,8
31,36,1,1,6
31,37,1,2,6
31,38,1,3,7
31,39,1,4,7
31,40,0,5,8
32,1,1,1,6
32,2,1,2,6
32,3,1,3,7
32,4,1,4,7
32,5,1,5,8
32,6,1,1,6
32,7,1,2,6
32,8,0,3,7
32,9,1,4,7
32,10,1,5,8
32,11,1,1,6
32,12,1,2,6
32,13,1,3,7
32,14,1,4,7
32,15,1,5,8
32,16,1,1,6
32,17,1,2,6
32,18,1,3,7
32,19,1,4,7
32,20,1,5,8
32,21,1,1,6
32,22,1,2,6
32,23,1,3,7
32,24,1,4,7
32,25,1,5,8
32,26,1,1,6
32,27,1,2,6
32,28,1,3,7
32,29,1,4,7
32,30,1,5,8
32,31,1,1,6
32,32,1,2,6
32,33,1,3,7
32,34,1,4,7
32,35,1,5,8
32,36,1,1,6
32,37,1,2,6
32,38,1,3,7
32,39,0,4,7
32,40,0,5,8
33,1,1,1,6
33,2,1,2,6
33,3,1,3,7
33,4,1,4,7
33,5,1,5,8
33,6,1,1,6
33,7,1,2,6
33,8,0,3,7
33,9,1,4,7
33,10,1,5,8
33,11,1,1,6
33,12,1,2,6
33,13,1,3,7
33,14,1,4,7
33,15,1,5,8
33,16,1,1,6
33,17,1,2,6
33,18,1,3,7
33,19,1,4,7
33,20,1,5,8
33,21,1,1,6
33,22,1,2,6
33,23,1,3,7
33,24,1,4,7
33,25,1,5,8
33,26,1,1,6
33,27,1,2,6
33,28,1,3,7
33,29,1,4,7
33,30,1,5,8
33,31,1,1,6
33,32,0,2,6
33,33,1,3,7
33,34,1,4,7
33,35,1,5,8
33,36,1,1,6
33,37,1,2,6
33,38,1,3,7
33,39,1,4,7
33,40,0,5,8
34,1,1,1,6
34,2,1,2,6
34,3,1,3,7
34,4,1,4,7
34,5,1,5,8
34,6,1,1,6
34,7,1,2,6
34,8,0,3,7
34,9,1,4,7
34,10,1,5,8
34,11,1,1,6
34,12,1,2,6
34,13,1,3,7
34,14,1,4,7
34,15,1,5,8
34,16,1,1,6
34,17,1,2,6
34,18,1,3,7
34,19,1,4,7
34,20,1,5,8
34,21,1,1,6
34,22,1,2,6
34,23,1,3,7
34,24,1,4,7
34,25,1,5,8
34,26,1,1,6
34,27,1,2,6
34,28,1,3,7
34,29,1,4,7
34,30,1,5,8
34,31,1,1,6
34,32,0,2,6
34,33,1,3,7
34,34,1,4,7
34,35,1,5,8
34,36,1,1,6
34,37,1,2,6
34,38,1,3,7
34,39,0,4,7
34,40,0,5,8
35,1,1,1,6
35,2,1,2,6
35,3,1,3,7
35,4,1,4,7
35,5,1,5,8
35,6,1,1,6
35,7,1,2,6
35,8,0,3,7
35,9,1,4,7
35,10,1,5,8
35,11,1,1,6
35,12,1,2,6
35,13,1,3,7
35,14,1,4,7
35,15,1,5,8
35,16,1,1,6
35,17,1,2,6
35,18,1,3,7
35,19,1,4,7
35,20,1,5,8
35,21,1,1,6
35,22,1,2,6
35,23,1,3,7
35,24,0,4,7
35,25,1,5,8
35,26,1,1,6
35,27,1,2,6
35,28,1,3,7
35,29,1,4,7
35,30,1,5,8
35,31,1,1,6
35,32,0,2,6
35,33,1,3,7
35,34,1,4,7
35,35,1,5,8
35,36,1,1,6
35,37,1,2,6
35,38,1,3,7
35,39,1,4,7
35,40,1,5,8
36,1,1,1,6
36,2,1,2,6
36,3,1,3,7
36,4,1,4,7
36,5,1,5,8
36,6,1,1,6
36,7,1,2,6
36,8,0,3,7
36,9,1,4,7
36,10,1,5,8
36,11,1,1,6
36,12,1,2,6
36,13,1,3,7
36,14,1,4,7
36,15,1,5,8
36,16,1,1,6
36,17,1,2,6
36,18,1,3,7
36,19,1,4,7
36,20,1,5,8
36,21,1,1,6
36,22,1,2,6
36,23,1,3,7
36,24,0,4,7
36,25,1,5,8
36,26,1,1,6
36,27,1,2,6
36,28,1,3,7
36,29,1,4,7
36,30,1,5,8
36,31,1,1,6
36,32,0,2,6
36,33,1,3,7
36,34,1,4,7
36,35,1,5,8
36,36,1,1,6
36,37,1,2,6
36,38,0,3,7
36,39,0,4,7
36,40,0,5,8
37,1,1,1,6
37,2,1,2,6
37,3,1,3,7
37,4,1,4,7
37,5,1,5,8
37,6,1,1,6
37,7,1,2,6
37,8,0,3,7
37,9,1,4,7
37,10,1,5,8
37,11,1,1,6
37,12,1,2,6
37,13,1,3,7
37,14,1,4,7
37,15,1,5,8
37,16,0,1,6
37,17,1,2,6
37,18,1,3,7
37,19,1,4,7
37,20,1,5,8
37,21,1,1,6
37,22,1,2,6
37,23,1,3,7
37,24,1,4,7
37,25,1,5,8
37,26,1,1,6
37,27,1,2,6
37,28,1,3,7
37,29,1,4,7
37,30,1,5,8
37,31,1,1,6
37,32,1,2,6
37,33,1,3,7
37,34,1,4,7
37,35,1,5,8
37,36,1,1,6
37,37,1,2,6
37,38,1,3,7
37,39,1,4,7
37,40,1,5,8
38,1,1,1,6
38,2,1,2,6
38,3,1,3,7
38,4,1,4,7
38,5,1,5,8
38,6,1,1,6
38,7,1,2,6
38,8,0,3,7
38,9,1,4,7
38,10,1,5,8
38,11,1,1,6
38,12,1,2,6
38,13,1,3,7
38,14,1,4,7
38,15,0,5,8
38,16,0,1,6
38,17,1,2,6
38,18,1,3,7
38,19,1,4,7
38,20,1,5,8
38,21,1,1,6
38,22,0,2,6
38,23,0,3,7
38,24,0,4,7
38,25,1,5,8
38,26,1,1,6
38,27,1,2,6
38,28,1,3,7
38,29,1,4,7
38,30,1,5,8
38,31,1,1,6
38,32,0,2,6
38,33,1,3,7
38,34,1,4,7
38,35,1,5,8
38,36,1,1,6
38,37,1,2,6
38,38,1,3,7
38,39,0,4,7
38,40,0,5,8
39,1,1,1,6
39,2,1,2,6
39,3,1,3,7
39,4,1,4,7
39,5,1,5,8
39,6,0,1,6
39,7,0,2,6
39,8,0,3,7
39,9,1,4,7
39,10,1,5,8
39,11,1,1,6
39,12,1,2,6
39,13,1,3,7
39,14,0,4,7
39,15,0,5,8
39,16,0,1,6
39,17,1,2,6
39,18,1,3,7
39,19,1,4,7
39,20,1,5,8
39,21,1,1,6
39,22,0,2,6
39,23,0,3,7
39,24,0,4,7
39,25,1,5,8
39,26,1,1,6
39,27,1,2,6
39,28,1,3,7
39,29,1,4,7
39,30,1,5,8
39,31,1,1,6
39,32,0,2,6
39,33,1,3,7
39,34,1,4,7
39,35,1,5,8
39,36,0,1,6
39,37,0,2,6
39,38,0,3,7
39,39,0,4,7
39,40,0,5,8
40,1,1,1,6
40,2,1,2,6
40,3,1,3,7
40,4,0,4,7
40,5,0,5,8
40,6,0,1,6
40,7,0,2,6
40,8,0,3,7
40,9,1,4,7
40,10,1,5,8
40,11,1,1,6
40,12,0,2,6
40,13,0,3,7
40,14,0,4,7
40,15,0,5,8
40,16,0,1,6
40,17,1,2,6
40,18,1,3,7
40,19,1,4,7
40,20,1,5,8
40,21,1,1,6
40,22,0,2,6
40,23,0,3,7
40,24,0,4,7
40,25,1,5,8
40,26,0,1,6
40,27,0,2,6
40,28,0,3,7
40,29,0,4,7
40,30,0,5,8
40,31,0,1,6
40,32,0,2,6
40,33,1,3,7
40,34,1,4,7
40,35,1,5,8
40,36,0,1,6
40,37,0,2,6
40,38,0,3,7
40,39,0,4,7
40,40,0,5,8
41,1,1,1,6
41,2,1,2,6
41,3,1,3,7
41,4,0,4,7
41,5,0,5,8
41,6,0,1,6
41,7,0,2,6
41,8,0,3,7
41,9,1,4,7
41,10,1,5,8
41,11,1,1,6
41,12,0,2,6
41,13,0,3,7
41,14,0,4,7
41,15,0,5,8
41,16,0,1,6
41,17,1,2,6
41,18,1,3,7
41,19,1,4,7
41,20,0,5,8
41,21,0,1,6
41,22,0,2,6
41,23,0,3,7
41,24,0,4,7
41,25,1,5,8
41,26,1,1,6
41,27,1,2,6
41,28,0,3,7
41,29,0,4,7
41,30,0,5,8
41,31,0,1,6
41,32,0,2,6
41,33,1,3,7
41,34,1,4,7
41,35,0,5,8
41,36,0,1,6
41,37,0,2,6
41,38,0,3,7
41,39,0,4,7
41,40,0,5,8
42,1,1,1,6
42,2,1,2,6
42,3,0,3,7
42,4,0,4,7
42,5,0,5,8
42,6,0,1,6
42,7,0,2,6
42,8,0,3,7
42,9,1,4,7
42,10,1,5,8
42,11,1,1,6
42,12,1,2,6
42,13,1,3,7
42,14,1,4,7
42,15,1,5,8
42,16,0,1,6
42,17,1,2,6
42,18,1,3,7
42,19,1,4,7
42,20,1,5,8
42,21,0,1,6
42,22,0,2,6
42,23,0,3,7
42,24,0,4,7
42,25,1,5,8
42,26,1,1,6
42,27,1,2,6
42,28,1,3,7
42,29,1,4,7
42,30,1,5,8
42,31,1,1,6
42,32,0,2,6
42,33,1,3,7
42,34,1,4,7
42,35,1,5,8
42,36,1,1,6
42,37,1,2,6
42,38,1,3,7
42,39,1,4,7
42,40,0,5,8
43,1,1,1,6
43,2,1,2,6
43,3,0,3,7
43,4,0,4,7
43,5,0,5,8
43,6,0,1,6
43,7,0,2,6
43,8,0,3,7
43,9,1,4,7
43,10,1,5,8
43,11,1,1,6
43,12,1,2,6
43,13,1,3,7
43,14,0,4,7
43,15,0,5,8
43,16,0,1,6
43,17,1,2,6
43,18,1,3,7
43,19,1,4,7
43,20,1,5,8
43,21,0,1,6
43,22,0,2,6
43,23,0,3,7
43,24,0,4,7
43,25,1,5,8
43,26,1,1,6
43,27,1,2,6
43,28,1,3,7
43,29,0,4,7
43,30,0,5,8
43,31,0,1,6
43,32,0,2,6
43,33,0,3,7
43,34,0,4,7
43,35,0,5,8
43,36,0,1,6
43,37,0,2,6
43,38,0,3,7
43,39,0,4,7
43,40,0,5,8
44,1,1,1,6
44,2,1,2,6
44,3,0,3,7
44,4,0,4,7
44,5,0,5,8
44,6,0,1,6
44,7,0,2,6
44,8,0,3,7
44,9,1,4,7
44,10,1,5,8
44,11,1,1,6
44,12,0,2,6
44,13,0,3,7
44,14,0,4,7
44,15,0,5,8
44,16,0,1,6
44,17,0,2,6
44,18,0,3,7
44,19,0,4,7
44,20,0,5,8
44,21,0,1,6
44,22,0,2,6
44,23,0,3,7
44,24,0,4,7
44,25,0,5,8
44,26,0,1,6
44,27,0,2,6
44,28,0,3,7
44,29,0,4,7
44,30,0,5,8
44,31,0,1,6
44,32,0,2,6
44,33,0,3,7
44,34,0,4,7
44,35,0,5,8
44,36,0,1,6
44,37,0,2,6
44,38,0,3,7
44,39,0,4,7
44,40,0,5,8
45,1,1,1,6
45,2,1,2,6
45,3,0,3,7
45,4,0,4,7
45,5,0,5,8
45,6,0,1,6
45,7,0,2,6
45,8,0,3,7
45,9,1,4,7
45,10,1,5,8
45,11,0,1,6
45,12,0,2,6
45,13,0,3,7
45,14,0,4,7
45,15,0,5,8
45,16,0,1,6
45,17,1,2,6
45,18,1,3,7
45,19,1,4,7
45,20,1,5,8
45,21,1,1,6
45,22,1,2,6
45,23,0,3,7
45,24,0,4,7
45,25,1,5,8
45,26,1,1,6
45,27,1,2,6
45,28,1,3,7
45,29,1,4,7
45,30,0,5,8
45,31,0,1,6
45,32,0,2,6
45,33,1,3,7
45,34,1,4,7
45,35,1,5,8
45,36,1,1,6
45,37,0,2,6
45,38,0,3,7
45,39,0,4,7
45,40,0,5,8
46,1,1,1,6
46,2,1,2,6
46,3,0,3,7
46,4,0,4,7
46,5,0,5,8
46,6,0,1,6
46,7,0,2,6
46,8,0,3,7
46,9,1,4,7
46,10,0,5,8
46,11,0,1,6
46,12,0,2,6
46,13,0,3,7
46,14,0,4,7
46,15,0,5,8
46,16,0,1,6
46,17,0,2,6
46,18,0,3,7
46,19,0,4,7
46,20,0,5,8
46,21,0,1,6
46,22,0,2,6
46,23,0,3,7
46,24,0,4,7
46,25,0,5,8
46,26,0,1,6
46,27,0,2,6
46,28,0,3,7
46,29,0,4,7
46,30,0,5,8
46,31,0,1,6
46,32,0,2,6
46,33,0,3,7
46,34,0,4,7
46,35,0,5,8
46,36,0,1,6
46,37,0,2,6
46,38,0,3,7
46,39,0,4,7
46,40,0,5,8
47,1,1,1,6
47,2,0,2,6
47,3,0,3,7
47,4,0,4,7
47,5,0,5,8
47,6,0,1,6
47,7,0,2,6
47,8,0,3,7
47,9,1,4,7
47,10,1,5,8
47,11,1,1,6
47,12,1,2,6
47,13,0,3,7
47,14,0,4,7
47,15,0,5,8
47,16,0,1,6
47,17,1,2,6
47,18,1,3,7
47,19,1,4,7
47,20,1,5,8
47,21,1,1,6
47,22,0,2,6
47,23,0,3,7
47,24,0,4,7
47,25,1,5,8
47,26,0,1,6
47,27,0,2,6
47,28,0,3,7
47,29,0,4,7
47,30,0,5,8
47,31,0,1,6
47,32,0,2,6
47,33,1,3,7
47,34,1,4,7
47,35,0,5,8
47,36,0,1,6
47,37,0,2,6
47,38,0,3,7
47,39,0,4,7
47,40,0,5,8
48,1,1,1,6
48,2,0,2,6
48,3,0,3,7
48,4,0,4,7
48,5,0,5,8
48,6,0,1,6
48,7,0,2,6
48,8,0,3,7
48,9,1,4,7
48,10,1,5,8
48,11,0,1,6
48,12,0,2,6
48,13,0,3,7
48,14,0,4,7
48,15,0,5,8
48,16,0,1,6
48,17,1,2,6
48,18,1,3,7
48,19,1,4,7
48,20,0,5,8
48,21,0,1,6
48,22,0,2,6
48,23,0,3,7
48,24,0,4,7
48,25,0,5,8
48,26,0,1,6
48,27,0,2,6
48,28,0,3,7
48,29,0,4,7
48,30,0,5,8
48,31,0,1,6
48,32,0,2,6
48,33,0,3,7
48,34,0,4,7
48,35,0,5,8
48,36,0,1,6
48,37,0,2,6
48,38,0,3,7
48,39,0,4,7
48,40,0,5,8
49,1,1,1,6
49,2,0,2,6
49,3,0,3,7
49,4,0,4,7
49,5,0,5,8
49,6,0,1,6
49,7,0,2,6
49,8,0,3,7
49,9,1,4,7
49,10,1,5,8
49,11,0,1,6
49,12,0,2,6
49,13,0,3,7
49,14,0,4,7
49,15,0,5,8
49,16,0,1,6
49,17,0,2,6
49,18,0,3,7
49,19,0,4,7
49,20,0,5,8
49,21,0,1,6
49,22,0,2,6
49,23,0,3,7
49,24,0,4,7
49,25,1,5,8
49,26,0,1,6
49,27,0,2,6
49,28,0,3,7
49,29,0,4,7
49,30,0,5,8
49,31,0,1,6
49,32,0,2,6
49,33,1,3,7
49,34,0,4,7
49,35,0,5,8
49,36,0,1,6
49,37,0,2,6
49,38,0,3,7
49,39,0,4,7
49,40,0,5,8
50,1,1,1,6
50,2,0,2,6
50,3,0,3,7
50,4,0,4,7
50,5,0,5,8
50,6,0,1,6
50,7,0,2,6
50,8,0,3,7
50,9,1,4,7
50,10,0,5,8
50,11,0,1,6
50,12,0,2,6
50,13,0,3,7
50,14,0,4,7
50,15,0,5,8
50,16,0,1,6
50,17,1,2,6
50,18,1,3,7
50,19,0,4,7
50,20,0,5,8
50,21,0,1,6
50,22,0,2,6
50,23,0,3,7
50,24,0,4,7
50,25,1,5,8
50,26,0,1,6
50,27,0,2,6
50,28,0,3,7
50,29,0,4,7
50,30,0,5,8
50,31,0,1,6
50,32,0,2,6
50,33,1,3,7
50,34,1,4,7
50,35,1,5,8
50,36,1,1,6
50,37,1,2,6
50,38,1,3,7
50,39,0,4,7
50,40,0,5,8
51,1,1,1,6
51,2,0,2,6
51,3,0,3,7
51,4,0,4,7
51,5,0,5,8
51,6,0,1,6
51,7,0,2,6
51,8,0,3,7
51,9,0,4,7
51,10,0,5,8
51,11,0,1,6
51,12,0,2,6
51,13,0,3,7
51,14,0,4,7
51,15,0,5,8
51,16,0,1,6
51,17,0,2,6
51,18,0,3,7
51,19,0,4,7
51,20,0,5,8
51,21,0,1,6
51,22,0,2,6
51,23,0,3,7
51,24,0,4,7
51,25,1,5,8
51,26,0,1,6
51,27,0,2,6
51,28,0,3,7
51,29,0,4,7
51,30,0,5,8
51,31,0,1,6
51,32,0,2,6
51,33,1,3,7
51,34,0,4,7
51,35,0,5,8
51,36,0,1,6
51,37,0,2,6
51,38,0,3,7
51,39,0,4,7
51,40,0,5,8
52,1,0,1,6
52,2,0,2,6
52,3,0,3,7
52,4,0,4,7
52,5,0,5,8
52,6,0,1,6
52,7,0,2,6
52,8,0,3,7
52,9,1,4,7
52,10,1,5,8
52,11,1,1,6
52,12,1,2,6
52,13,1,3,7
52,14,1,4,7
52,15,0,5,8
52,16,0,1,6
52,17,1,2,6
52,18,1,3,7
52,19,0,4,7
52,20,0,5,8
52,21,0,1,6
52,22,0,2,6
52,23,0,3,7
52,24,0,4,7
52,25,1,5,8
52,26,1,1,6
52,27,1,2,6
52,28,1,3,7
52,29,1,4,7
52,30,1,5,8
52,31,0,1,6
52,32,0,2,6
52,33,0,3,7
52,34,0,4,7
52,35,0,5,8
52,36,0,1,6
52,37,0,2,6
52,38,0,3,7
52,39,0,4,7
52,40,0,5,8
53,1,0,1,6
53,2,0,2,6
53,3,0,3,7
53,4,0,4,7
53,5,0,5,8
53,6,0,1,6
53,7,0,2,6
53,8,0,3,7
53,9,1,4,7
53,10,1,5,8
53,11,0,1,6
53,12,0,2,6
53,13,0,3,7
53,14,0,4,7
53,15,0,5,8
53,16,0,1,6
53,17,1,2,6
53,18,1,3,7
53,19,1,4,7
53,20,1,5,8
53,21,1,1,6
53,22,0,2,6
53,23,0,3,7
53,24,0,4,7
53,25,1,5,8
53,26,1,1,6
53,27,1,2,6
53,28,1,3,7
53,29,1,4,7
53,30,1,5,8
53,31,0,1,6
53,32,0,2,6
53,33,1,3,7
53,34,0,4,7
53,35,0,5,8
53,36,0,1,6
53,37,0,2,6
53,38,0,3,7
53,39,0,4,7
53,40,0,5,8
54,1,0,1,6
54,2,0,2,6
54,3,0,3,7
54,4,0,4,7
54,5,0,5,8
54,6,0,1,6
54,7,0,2,6
54,8,0,3,7
54,9,0,4,7
54,10,0,5,8
54,11,0,1,6
54,12,0,2,6
54,13,0,3,7
54,14,0,4,7
54,15,0,5,8
54,16,0,1,6
54,17,1,2,6
54,18,0,3,7
54,19,0,4,7
54,20,0,5,8
54,21,0,1,6
54,22,0,2,6
54,23,0,3,7
54,24,0,4,7
54,25,1,5,8
54,26,1,1,6
54,27,0,2,6
54,28,0,3,7
54,29,0,4,7
54,30,0,5,8
54,31,0,1,6
54,32,0,2,6
54,33,1,3,7
54,34,0,4,7
54,35,0,5,8
54,36,0,1,6
54,37,0,2,6
54,38,0,3,7
54,39,0,4,7
54,40,0,5,8
55,1,0,1,6
55,2,0,2,6
55,3,0,3,7
55,4,0,4,7
55,5,0,5,8
55,6,0,1,6
55,7,0,2,6
55,8,0,3,7
55,9,0,4,7
55,10,0,5,8
55,11,0,1,6
55,12,0,2,6
55,13,0,3,7
55,14,0,4,7
55,15,0,5,8
55,16,0,1,6
55,17,0,2,6
55,18,0,3,7
55,19,0,4,7
55,20,0,5,8
55,21,0,1,6
55,22,0,2,6
55,23,0,3,7
55,24,0,4,7
55,25,0,5,8
55,26,0,1,6
55,27,0,2,6
55,28,0,3,7
55,29,0,4,7
55,30,0,5,8
55,31,0,1,6
55,32,0,2,6
55,33,0,3,7
55,34,0,4,7
55,35,0,5,8
55,36,0,1,6
55,37,0,2,6
55,38,0,3,7
55,39,0,4,7
55,40,0,5,8
56,1,0,1,6
56,2,0,2,6
56,3,0,3,7
56,4,0,4,7
56,5,0,5,8
56,6,0,1,6
56,7,0,2,6
56,8,0,3,7
56,9,0,4,7
56,10,0,5,8
56,11,0,1,6
56,12,0,2,6
56,13,0,3,7
56,14,0,4,7
56,15,0,5,8
56,16,0,1,6
56,17,0,2,6
56,18,0,3,7
56,19,0,4,7
56,20,0,5,8
56,21,0,1,6
56,22,0,2,6
56,23,0,3,7
56,24,0,4,7
56,25,0,5,8
56,26,0,1,6
56,27,0,2,6
56,28,0,3,7
56,29,0,4,7
56,30,0,5,8
56,31,0,1,6
56,32,0,2,6
56,33,0,3,7
56,34,0,4,7
56,35,0,5,8
56,36,0,1,6
56,37,0,2,6
56,38,0,3,7
56,39,0,4,7
56,40,0,5,8
57,1,0,1,6
57,2,0,2,6
57,3,0,3,7
57,4,0,4,7
57,5,0,5,8
57,6,0,1,6
57,7,0,2,6
57,8,0,3,7
57,9,0,4,7
57,10,0,5,8
57,11,0,1,6
57,12,0,2,6
57,13,0,3,7
57,14,0,4,7
57,15,0,5,8
57,16,0,1,6
57,17,0,2,6
57,18,0,3,7
57,19,0,4,7
57,20,0,5,8
57,21,0,1,6
57,22,0,2,6
57,23,0,3,7
57,24,0,4,7
57,25,0,5,8
57,26,0,1,6
57,27,0,2,6
57,28,0,3,7
57,29,0,4,7
57,30,0,5,8
57,31,0,1,6
57,32,0,2,6
57,33,0,3,7
57,34,0,4,7
57,35,0,5,8
57,36,0,1,6
57,37,0,2,6
57,38,0,3,7
57,39,0,4,7
57,40,0,5,8
58,1,0,1,6
58,2,0,2,6
58,3,0,3,7
58,4,0,4,7
58,5,0,5,8
58,6,0,1,6
58,7,0,2,6
58,8,0,3,7
58,9,0,4,7
58,10,0,5,8
58,11,0,1,6
58,12,0,2,6
58,13,0,3,7
58,14,0,4,7
58,15,0,5,8
58,16,0,1,6
58,17,0,2,6
58,18,0,3,7
58,19,0,4,7
58,20,0,5,8
58,21,0,1,6
58,22,0,2,6
58,23,0,3,7
58,24,0,4,7
58,25,0,5,8
58,26,0,1,6
58,27,0,2,6
58,28,0,3,7
58,29,0,4,7
58,30,0,5,8
58,31,0,1,6
58,32,0,2,6
58,33,0,3,7
58,34,0,4,7
58,35,0,5,8
58,36,0,1,6
58,37,0,2,6
58,38,0,3,7
58,39,0,4,7
58,40,0,5,8
59,1,0,1,6
59,2,0,2,6
59,3,0,3,7
59,4,0,4,7
59,5,0,5,8
59,6,0,1,6
59,7,0,2,6
59,8,0,3,7
59,9,0,4,7
59,10,0,5,8
59,11,0,1,6
59,12,0,2,6
59,13,0,3,7
59,14,0,4,7
59,15,0,5,8
59,16,0,1,6
59,17,0,2,6
59,18,0,3,7
59,19,0,4,7
59,20,0,5,8
59,21,0,1,6
59,22,0,2,6
59,23,0,3,7
59,24,0,4,7
59,25,0,5,8
59,26,0,1,6
59,27,0,2,6
59,28,0,3,7
59,29,0,4,7
59,30,0,5,8
59,31,0,1,6
59,32,0,2,6
59,33,0,3,7
59,34,0,4,7
59,35,0,5,8
59,36,0,1,6
59,37,0,2,6
59,38,0,3,7
59,39,0,4,7
59,40,0,5,8
60,1,0,1,6
60,2,0,2,6
60,3,0,3,7
60,4,0,4,7
60,5,0,5,8
60,6,0,1,6
60,7,0,2,6
60,8,0,3,7
60,9,0,4,7
60,10,0,5,8
60,11,0,1,6
60,12,0,2,6
60,13,0,3,7
60,14,0,4,7
60,15,0,5,8
60,16,0,1,6
60,17,0,2,6
60,18,0,3,7
60,19,0,4,7
60,20,0,5,8
60,21,0,1,6
60,22,0,2,6
60,23,0,3,7
60,24,0,4,7
60,25,0,5,8
60,26,0,1,6
60,27,0,2,6
60,28,0,3,7
60,29,0,4,7
60,30,0,5,8
60,31,0,1,6
60,32,0,2,6
60,33,0,3,7
60,34,0,4,7
60,35,0,5,8
60,36,0,1,6
60,37,0,2,6
60,38,0,3,7
60,39,0,4,7
60,40,0,5,8
61,1,0,1,6
61,2,0,2,6
61,3,0,3,7
61,4,0,4,7
61,5,0,5,8
61,6,0,1,6
61,7,0,2,6
61,8,0,3,7
61,9,0,4,7
61,10,0,5,8
61,11,0,1,6
61,12,0,2,6
61,13,0,3,7
61,14,0,4,7
61,15,0,5,8
61,16,0,1,6
61,17,0,2,6
61,18,0,3,7
61,19,0,4,7
61,20,0,5,8
61,21,0,1,6
61,22,0,2,6
61,23,0,3,7
61,24,0,4,7
61,25,0,5,8
61,26,0,1,6
61,27,0,2,6
61,28,0,3,7
61,29,0,4,7
61,30,0,5,8
61,31,0,1,6
61,32,0,2,6
61,33,0,3,7
61,34,0,4,7
61,35,0,5,8
61,36,0,1,6
61,37,0,2,6
61,38,0,3,7
61,39,0,4,7
61,40,0,5,8
