problem,participant,step,point
1,21,1,1
1,21,2,2
1,21,3,3
1,21,4,4
1,21,5,5
1,21,6,6
1,21,7,7
1,21,8,8
1,21,9,9
1,21,10,10
1,23,1,3
1,23,2,5
1,23,3,6
1,23,4,7
1,23,5,8
1,23,6,4
1,23,7,9
1,23,8,10
1,23,9,1
1,23,10,2
1,25,1,1
1,25,2,3
1,25,3,8
1,25,4,4
1,25,5,6
1,25,6,7
1,25,7,5
1,25,8,9
1,25,9,10
1,25,10,2
1,26,1,3
1,26,2,8
1,26,3,7
1,26,4,5
1,26,5,6
1,26,6,4
1,26,7,10
1,26,8,9
1,26,9,1
1,26,10,2
1,27,1,1
1,27,2,2
1,27,3,3
1,27,4,9
1,27,5,8
1,27,6,7
1,27,7,5
1,27,8,6
1,27,9,4
1,27,10,10
1,28,1,1
1,28,2,2
1,28,3,3
1,28,4,8
1,28,5,7
1,28,6,5
1,28,7,6
1,28,8,9
1,28,9,4
1,28,10,10
1,30,1,3
1,30,2,5
1,30,3,7
1,30,4,6
1,30,5,4
1,30,6,10
1,30,7,9
1,30,8,8
1,30,9,1
1,30,10,2
1,33,1,3
1,33,2,9
1,33,3,5
1,33,4,6
1,33,5,4
1,33,6,8
1,33,7,10
1,33,8,2
1,33,9,1
1,33,10,7
2,21,1,1
2,21,2,2
2,21,3,3
2,21,4,4
2,21,5,5
2,21,6,6
2,21,7,7
2,21,8,8
2,21,9,9
2,21,10,10
2,23,1,9
2,23,2,2
2,23,3,10
2,23,4,5
2,23,5,4
2,23,6,6
2,23,7,3
2,23,8,8
2,23,9,7
2,23,10,1
2,26,1,9
2,26,2,2
2,26,3,5
2,26,4,7
2,26,5,3
2,26,6,6
2,26,7,4
2,26,8,8
2,26,9,10
2,26,10,1
2,33,1,9
2,33,2,7
2,33,3,5
2,33,4,10
2,33,5,4
2,33,6,3
2,33,7,6
2,33,8,8
2,33,9,2
2,33,10,1
3,20,1,1
3,20,2,2
3,20,3,3
3,20,4,4
3,20,5,5
3,20,6,6
3,20,7,7
3,20,8,8
3,20,9,9
3,20,10,10
3,20,11,11
3,20,12,12
3,20,13,13
3,20,14,14
3,20,15,15
3,20,16,16
3,20,17,17
3,20,18,18
3,20,19,19
3,20,20,20
3,20,21,21
3,20,22,22
3,20,23,23
3,20,24,24
3,20,25,25
3,21,1,1
3,21,2,2
3,21,3,3
3,21,4,6
3,21,5,7
3,21,6,8
3,21,7,11
3,21,8,10
3,21,9,9
3,21,10,12
3,21,11,13
3,21,12,14
3,21,13,15
3,21,14,16
3,21,15,17
3,21,16,18
3,21,17,19
3,21,18,20
3,21,19,4
3,21,20,5
3,21,21,21
3,21,22,22
3,21,23,23
3,21,24,24
3,21,25,25
3,22,1,8
3,22,2,7
3,22,3,6
3,22,4,20
3,22,5,5
3,22,6,4
3,22,7,3
3,22,8,2
3,22,9,1
3,22,10,25
3,22,11,24
3,22,12,23
3,22,13,22
3,22,14,21
3,22,15,19
3,22,16,18
3,22,17,17
3,22,18,9
3,22,19,10
3,22,20,11
3,22,21,12
3,22,22,16
3,22,23,15
3,22,24,14
3,22,25,13
3,23,1,1
3,23,2,2
3,23,3,24
3,23,4,23
3,23,5,22
3,23,6,21
3,23,7,5
3,23,8,4
3,23,9,3
3,23,10,6
3,23,11,20
3,23,12,7
3,23,13,8
3,23,14,19
3,23,15,18
3,23,16,17
3,23,17,9
3,23,18,10
3,23,19,11
3,23,20,12
3,23,21,13
3,23,22,14
3,23,23,15
3,23,24,16
3,23,25,25
3,25,1,8
3,25,2,7
3,25,3,6
3,25,4,4
3,25,5,3
3,25,6,2
3,25,7,1
3,25,8,25
3,25,9,24
3,25,10,23
3,25,11,22
3,25,12,21
3,25,13,5
3,25,14,20
3,25,15,19
3,25,16,18
3,25,17,9
3,25,18,10
3,25,19,11
3,25,20,12
3,25,21,17
3,25,22,16
3,25,23,15
3,25,24,14
3,25,25,13
3,27,1,1
3,27,2,2
3,27,3,3
3,27,4,6
3,27,5,7
3,27,6,8
3,27,7,9
3,27,8,10
3,27,9,11
3,27,10,12
3,27,11,13
3,27,12,14
3,27,13,15
3,27,14,16
3,27,15,17
3,27,16,18
3,27,17,19
3,27,18,20
3,27,19,4
3,27,20,5
3,27,21,21
3,27,22,22
3,27,23,23
3,27,24,24
3,27,25,25
3,28,1,1
3,28,2,2
3,28,3,3
3,28,4,21
3,28,5,4
3,28,6,6
3,28,7,7
3,28,8,8
3,28,9,5
3,28,10,20
3,28,11,19
3,28,12,18
3,28,13,9
3,28,14,10
3,28,15,11
3,28,16,12
3,28,17,17
3,28,18,16
3,28,19,13
3,28,20,14
3,28,21,15
3,28,22,22
3,28,23,23
3,28,24,24
3,28,25,25
3,29,1,25
3,29,2,1
3,29,3,2
3,29,4,3
3,29,5,4
3,29,6,5
3,29,7,20
3,29,8,6
3,29,9,7
3,29,10,8
3,29,11,19
3,29,12,18
3,29,13,17
3,29,14,9
3,29,15,10
3,29,16,11
3,29,17,12
3,29,18,13
3,29,19,14
3,29,20,15
3,29,21,16
3,29,22,21
3,29,23,22
3,29,24,23
3,29,25,24
3,30,1,1
3,30,2,2
3,30,3,3
3,30,4,22
3,30,5,21
3,30,6,20
3,30,7,5
3,30,8,4
3,30,9,6
3,30,10,7
3,30,11,8
3,30,12,19
3,30,13,9
3,30,14,18
3,30,15,17
3,30,16,10
3,30,17,11
3,30,18,12
3,30,19,16
3,30,20,13
3,30,21,14
3,30,22,15
3,30,23,23
3,30,24,24
3,30,25,25
3,31,1,1
3,31,2,2
3,31,3,3
3,31,4,8
3,31,5,7
3,31,6,6
3,31,7,4
3,31,8,5
3,31,9,20
3,31,10,19
3,31,11,9
3,31,12,10
3,31,13,11
3,31,14,12
3,31,15,13
3,31,16,14
3,31,17,15
3,31,18,16
3,31,19,17
3,31,20,18
3,31,21,21
3,31,22,22
3,31,23,23
3,31,24,24
3,31,25,25
3,32,1,1
3,32,2,2
3,32,3,3
3,32,4,4
3,32,5,6
3,32,6,7
3,32,7,8
3,32,8,20
3,32,9,19
3,32,10,9
3,32,11,10
3,32,12,11
3,32,13,12
3,32,14,17
3,32,15,16
3,32,16,13
3,32,17,14
3,32,18,15
3,32,19,18
3,32,20,5
3,32,21,21
3,32,22,22
3,32,23,23
3,32,24,24
3,32,25,25
3,33,1,2
3,33,2,5
3,33,3,3
3,33,4,4
3,33,5,6
3,33,6,19
3,33,7,7
3,33,8,18
3,33,9,9
3,33,10,8
3,33,11,10
3,33,12,12
3,33,13,11
3,33,14,17
3,33,15,13
3,33,16,16
3,33,17,14
3,33,18,20
3,33,19,15
3,33,20,22
3,33,21,23
3,33,22,21
3,33,23,25
3,33,24,1
3,33,25,24
3,35,1,1
3,35,2,2
3,35,3,3
3,35,4,6
3,35,5,7
3,35,6,8
3,35,7,19
3,35,8,9
3,35,9,18
3,35,10,17
3,35,11,10
3,35,12,11
3,35,13,12
3,35,14,16
3,35,15,15
3,35,16,14
3,35,17,13
3,35,18,25
3,35,19,24
3,35,20,23
3,35,21,22
3,35,22,21
3,35,23,20
3,35,24,5
3,35,25,4
4,21,1,1
4,21,2,2
4,21,3,3
4,21,4,4
4,21,5,5
4,21,6,6
4,21,7,7
4,21,8,8
4,21,9,9
4,21,10,10
4,21,11,11
4,21,12,12
4,21,13,13
4,21,14,14
4,21,15,15
4,21,16,16
4,21,17,17
4,21,18,18
4,21,19,19
4,21,20,20
4,21,21,21
4,21,22,22
4,21,23,23
4,21,24,24
4,21,25,25
4,22,1,24
4,22,2,17
4,22,3,10
4,22,4,6
4,22,5,7
4,22,6,11
4,22,7,12
4,22,8,19
4,22,9,1
4,22,10,20
4,22,11,2
4,22,12,15
4,22,13,8
4,22,14,4
4,22,15,3
4,22,16,5
4,22,17,9
4,22,18,14
4,22,19,13
4,22,20,16
4,22,21,21
4,22,22,23
4,22,23,25
4,22,24,22
4,22,25,18
4,23,1,1
4,23,2,20
4,23,3,2
4,23,4,4
4,23,5,8
4,23,6,3
4,23,7,5
4,23,8,9
4,23,9,14
4,23,10,13
4,23,11,24
4,23,12,22
4,23,13,18
4,23,14,25
4,23,15,23
4,23,16,21
4,23,17,16
4,23,18,17
4,23,19,10
4,23,20,6
4,23,21,7
4,23,22,12
4,23,23,11
4,23,24,15
4,23,25,19
4,25,1,1
4,25,2,2
4,25,3,20
4,25,4,19
4,25,5,12
4,25,6,4
4,25,7,15
4,25,8,8
4,25,9,11
4,25,10,3
4,25,11,7
4,25,12,5
4,25,13,6
4,25,14,9
4,25,15,10
4,25,16,14
4,25,17,17
4,25,18,13
4,25,19,25
4,25,20,16
4,25,21,23
4,25,22,21
4,25,23,22
4,25,24,24
4,25,25,18
4,26,1,24
4,26,2,17
4,26,3,10
4,26,4,6
4,26,5,7
4,26,6,12
4,26,7,19
4,26,8,1
4,26,9,20
4,26,10,2
4,26,11,15
4,26,12,11
4,26,13,4
4,26,14,8
4,26,15,3
4,26,16,5
4,26,17,9
4,26,18,14
4,26,19,13
4,26,20,16
4,26,21,21
4,26,22,23
4,26,23,25
4,26,24,22
4,26,25,18
4,30,1,24
4,30,2,17
4,30,3,10
4,30,4,1
4,30,5,20
4,30,6,2
4,30,7,19
4,30,8,15
4,30,9,12
4,30,10,11
4,30,11,4
4,30,12,8
4,30,13,7
4,30,14,6
4,30,15,3
4,30,16,5
4,30,17,9
4,30,18,14
4,30,19,13
4,30,20,16
4,30,21,21
4,30,22,23
4,30,23,25
4,30,24,22
4,30,25,18
4,33,1,19
4,33,2,1
4,33,3,20
4,33,4,12
4,33,5,11
4,33,6,6
4,33,7,10
4,33,8,17
4,33,9,25
4,33,10,23
4,33,11,13
4,33,12,7
4,33,13,8
4,33,14,2
4,33,15,15
4,33,16,4
4,33,17,3
4,33,18,5
4,33,19,9
4,33,20,14
4,33,21,16
4,33,22,21
4,33,23,22
4,33,24,18
4,33,25,24
4,35,1,24
4,35,2,1
4,35,3,20
4,35,4,2
4,35,5,19
4,35,6,15
4,35,7,12
4,35,8,11
4,35,9,4
4,35,10,8
4,35,11,7
4,35,12,6
4,35,13,10
4,35,14,17
4,35,15,3
4,35,16,5
4,35,17,9
4,35,18,14
4,35,19,13
4,35,20,16
4,35,21,21
4,35,22,23
4,35,23,25
4,35,24,22
4,35,25,18
5,20,1,1
5,20,2,2
5,20,3,3
5,20,4,4
5,20,5,5
5,20,6,6
5,20,7,7
5,20,8,8
5,20,9,9
5,20,10,10
5,20,11,11
5,20,12,12
5,20,13,13
5,20,14,14
5,20,15,15
5,20,16,16
5,20,17,17
5,20,18,18
5,20,19,19
5,20,20,20
5,20,21,21
5,20,22,22
5,20,23,23
5,20,24,24
5,20,25,25
5,20,26,26
5,20,27,27
5,20,28,28
5,20,29,29
5,20,30,30
5,20,31,31
5,20,32,32
5,20,33,33
5,20,34,34
5,20,35,35
5,20,36,36
5,20,37,37
5,20,38,38
5,20,39,39
5,20,40,40
5,21,1,18
5,21,2,1
5,21,3,5
5,21,4,13
5,21,5,29
5,21,6,26
5,21,7,36
5,21,8,25
5,21,9,28
5,21,10,14
5,21,11,6
5,21,12,7
5,21,13,27
5,21,14,37
5,21,15,20
5,21,16,15
5,21,17,4
5,21,18,8
5,21,19,12
5,21,20,31
5,21,21,30
5,21,22,35
5,21,23,38
5,21,24,24
5,21,25,16
5,21,26,3
5,21,27,9
5,21,28,11
5,21,29,32
5,21,30,33
5,21,31,39
5,21,32,23
5,21,33,21
5,21,34,17
5,21,35,2
5,21,36,10
5,21,37,34
5,21,38,40
5,21,39,22
5,21,40,19
5,22,1,1
5,22,2,2
5,22,3,3
5,22,4,4
5,22,5,5
5,22,6,6
5,22,7,7
5,22,8,8
5,22,9,9
5,22,10,10
5,22,11,11
5,22,12,12
5,22,13,13
5,22,14,14
5,22,15,15
5,22,16,16
5,22,17,17
5,22,18,18
5,22,19,19
5,22,20,29
5,22,21,28
5,22,22,20
5,22,23,21
5,22,24,22
5,22,25,24
5,22,26,23
5,22,27,40
5,22,28,39
5,22,29,38
5,22,30,37
5,22,31,36
5,22,32,25
5,22,33,26
5,22,34,27
5,22,35,30
5,22,36,31
5,22,37,32
5,22,38,33
5,22,39,34
5,22,40,35
5,23,1,1
5,23,2,2
5,23,3,3
5,23,4,16
5,23,5,15
5,23,6,13
5,23,7,14
5,23,8,4
5,23,9,6
5,23,10,5
5,23,11,7
5,23,12,12
5,23,13,8
5,23,14,9
5,23,15,11
5,23,16,10
5,23,17,34
5,23,18,33
5,23,19,32
5,23,20,31
5,23,21,30
5,23,22,29
5,23,23,28
5,23,24,20
5,23,25,21
5,23,26,22
5,23,27,24
5,23,28,23
5,23,29,40
5,23,30,39
5,23,31,38
5,23,32,37
5,23,33,25
5,23,34,36
5,23,35,26
5,23,36,27
5,23,37,35
5,23,38,19
5,23,39,18
5,23,40,17
5,24,1,1
5,24,2,2
5,24,3,3
5,24,4,4
5,24,5,5
5,24,6,6
5,24,7,7
5,24,8,8
5,24,9,9
5,24,10,10
5,24,11,11
5,24,12,12
5,24,13,13
5,24,14,14
5,24,15,15
5,24,16,16
5,24,17,17
5,24,18,20
5,24,19,28
5,24,20,29
5,24,21,26
5,24,22,27
5,24,23,30
5,24,24,31
5,24,25,32
5,24,26,33
5,24,27,34
5,24,28,35
5,24,29,36
5,24,30,25
5,24,31,37
5,24,32,24
5,24,33,23
5,24,34,38
5,24,35,39
5,24,36,40
5,24,37,22
5,24,38,21
5,24,39,19
5,24,40,18
5,25,1,1
5,25,2,2
5,25,3,3
5,25,4,4
5,25,5,6
5,25,6,5
5,25,7,7
5,25,8,8
5,25,9,9
5,25,10,10
5,25,11,11
5,25,12,12
5,25,13,30
5,25,14,31
5,25,15,32
5,25,16,33
5,25,17,34
5,25,18,35
5,25,19,27
5,25,20,26
5,25,21,25
5,25,22,36
5,25,23,37
5,25,24,38
5,25,25,39
5,25,26,40
5,25,27,24
5,25,28,23
5,25,29,22
5,25,30,21
5,25,31,20
5,25,32,28
5,25,33,29
5,25,34,13
5,25,35,14
5,25,36,15
5,25,37,16
5,25,38,17
5,25,39,19
5,25,40,18
5,26,1,1
5,26,2,2
5,26,3,3
5,26,4,4
5,26,5,17
5,26,6,16
5,26,7,15
5,26,8,14
5,26,9,6
5,26,10,5
5,26,11,7
5,26,12,13
5,26,13,12
5,26,14,8
5,26,15,9
5,26,16,11
5,26,17,10
5,26,18,31
5,26,19,29
5,26,20,28
5,26,21,20
5,26,22,24
5,26,23,25
5,26,24,36
5,26,25,26
5,26,26,27
5,26,27,30
5,26,28,32
5,26,29,33
5,26,30,34
5,26,31,35
5,26,32,37
5,26,33,38
5,26,34,39
5,26,35,40
5,26,36,23
5,26,37,22
5,26,38,21
5,26,39,19
5,26,40,18
5,27,1,1
5,27,2,2
5,27,3,3
5,27,4,4
5,27,5,5
5,27,6,6
5,27,7,7
5,27,8,8
5,27,9,9
5,27,10,12
5,27,11,11
5,27,12,10
5,27,13,31
5,27,14,30
5,27,15,32
5,27,16,33
5,27,17,34
5,27,18,35
5,27,19,27
5,27,20,29
5,27,21,28
5,27,22,26
5,27,23,25
5,27,24,36
5,27,25,37
5,27,26,38
5,27,27,39
5,27,28,40
5,27,29,23
5,27,30,24
5,27,31,22
5,27,32,21
5,27,33,20
5,27,34,13
5,27,35,14
5,27,36,15
5,27,37,16
5,27,38,17
5,27,39,19
5,27,40,18
5,28,1,18
5,28,2,17
5,28,3,16
5,28,4,15
5,28,5,14
5,28,6,1
5,28,7,2
5,28,8,3
5,28,9,4
5,28,10,5
5,28,11,6
5,28,12,7
5,28,13,8
5,28,14,9
5,28,15,10
5,28,16,11
5,28,17,12
5,28,18,13
5,28,19,30
5,28,20,31
5,28,21,32
5,28,22,33
5,28,23,34
5,28,24,35
5,28,25,27
5,28,26,26
5,28,27,29
5,28,28,28
5,28,29,25
5,28,30,36
5,28,31,37
5,28,32,38
5,28,33,39
5,28,34,40
5,28,35,24
5,28,36,23
5,28,37,22
5,28,38,21
5,28,39,20
5,28,40,19
5,29,1,1
5,29,2,2
5,29,3,3
5,29,4,4
5,29,5,5
5,29,6,6
5,29,7,7
5,29,8,8
5,29,9,9
5,29,10,10
5,29,11,11
5,29,12,12
5,29,13,30
5,29,14,31
5,29,15,32
5,29,16,33
5,29,17,34
5,29,18,35
5,29,19,27
5,29,20,26
5,29,21,25
5,29,22,36
5,29,23,37
5,29,24,38
5,29,25,39
5,29,26,40
5,29,27,23
5,29,28,24
5,29,29,22
5,29,30,21
5,29,31,20
5,29,32,28
5,29,33,29
5,29,34,13
5,29,35,14
5,29,36,15
5,29,37,16
5,29,38,17
5,29,39,19
5,29,40,18
5,30,1,18
5,30,2,1
5,30,3,2
5,30,4,3
5,30,5,4
5,30,6,5
5,30,7,6
5,30,8,7
5,30,9,8
5,30,10,9
5,30,11,10
5,30,12,11
5,30,13,32
5,30,14,33
5,30,15,34
5,30,16,35
5,30,17,27
5,30,18,26
5,30,19,36
5,30,20,25
5,30,21,37
5,30,22,38
5,30,23,39
5,30,24,40
5,30,25,23
5,30,26,24
5,30,27,22
5,30,28,21
5,30,29,31
5,30,30,12
5,30,31,30
5,30,32,13
5,30,33,29
5,30,34,14
5,30,35,28
5,30,36,15
5,30,37,20
5,30,38,16
5,30,39,19
5,30,40,17
5,31,1,18
5,31,2,1
5,31,3,17
5,31,4,16
5,31,5,15
5,31,6,14
5,31,7,2
5,31,8,3
5,31,9,4
5,31,10,6
5,31,11,5
5,31,12,7
5,31,13,13
5,31,14,12
5,31,15,8
5,31,16,9
5,31,17,10
5,31,18,11
5,31,19,30
5,31,20,31
5,31,21,32
5,31,22,33
5,31,23,34
5,31,24,35
5,31,25,27
5,31,26,26
5,31,27,29
5,31,28,28
5,31,29,25
5,31,30,36
5,31,31,37
5,31,32,38
5,31,33,39
5,31,34,40
5,31,35,23
5,31,36,24
5,31,37,22
5,31,38,21
5,31,39,20
5,31,40,19
5,32,1,1
5,32,2,2
5,32,3,3
5,32,4,4
5,32,5,5
5,32,6,6
5,32,7,7
5,32,8,8
5,32,9,9
5,32,10,10
5,32,11,11
5,32,12,12
5,32,13,13
5,32,14,14
5,32,15,15
5,32,16,16
5,32,17,17
5,32,18,19
5,32,19,20
5,32,20,28
5,32,21,29
5,32,22,30
5,32,23,31
5,32,24,32
5,32,25,34
5,32,26,33
5,32,27,35
5,32,28,27
5,32,29,26
5,32,30,25
5,32,31,36
5,32,32,37
5,32,33,38
5,32,34,39
5,32,35,40
5,32,36,23
5,32,37,24
5,32,38,22
5,32,39,21
5,32,40,18
5,33,1,18
5,33,2,19
5,33,3,1
5,33,4,17
5,33,5,2
5,33,6,16
5,33,7,3
5,33,8,15
5,33,9,4
5,33,10,21
5,33,11,20
5,33,12,28
5,33,13,14
5,33,14,6
5,33,15,5
5,33,16,7
5,33,17,8
5,33,18,13
5,33,19,9
5,33,20,10
5,33,21,12
5,33,22,11
5,33,23,29
5,33,24,31
5,33,25,30
5,33,26,32
5,33,27,34
5,33,28,33
5,33,29,35
5,33,30,27
5,33,31,26
5,33,32,36
5,33,33,25
5,33,34,37
5,33,35,24
5,33,36,38
5,33,37,23
5,33,38,39
5,33,39,22
5,33,40,40
5,34,1,1
5,34,2,2
5,34,3,3
5,34,4,4
5,34,5,5
5,34,6,6
5,34,7,7
5,34,8,8
5,34,9,9
5,34,10,10
5,34,11,11
5,34,12,12
5,34,13,31
5,34,14,30
5,34,15,32
5,34,16,33
5,34,17,34
5,34,18,35
5,34,19,27
5,34,20,26
5,34,21,29
5,34,22,28
5,34,23,13
5,34,24,14
5,34,25,15
5,34,26,16
5,34,27,17
5,34,28,20
5,34,29,24
5,34,30,25
5,34,31,36
5,34,32,37
5,34,33,38
5,34,34,39
5,34,35,40
5,34,36,23
5,34,37,22
5,34,38,21
5,34,39,19
5,34,40,18
5,35,1,18
5,35,2,1
5,35,3,2
5,35,4,3
5,35,5,4
5,35,6,5
5,35,7,6
5,35,8,7
5,35,9,17
5,35,10,16
5,35,11,15
5,35,12,14
5,35,13,13
5,35,14,8
5,35,15,12
5,35,16,9
5,35,17,10
5,35,18,11
5,35,19,30
5,35,20,31
5,35,21,32
5,35,22,33
5,35,23,34
5,35,24,35
5,35,25,29
5,35,26,28
5,35,27,27
5,35,28,26
5,35,29,25
5,35,30,36
5,35,31,37
5,35,32,24
5,35,33,20
5,35,34,21
5,35,35,22
5,35,36,23
5,35,37,38
5,35,38,39
5,35,39,40
5,35,40,19
5,36,1,18
5,36,2,1
5,36,3,2
5,36,4,3
5,36,5,4
5,36,6,5
5,36,7,6
5,36,8,7
5,36,9,8
5,36,10,9
5,36,11,10
5,36,12,11
5,36,13,12
5,36,14,13
5,36,15,14
5,36,16,15
5,36,17,16
5,36,18,17
5,36,19,20
5,36,20,28
5,36,21,29
5,36,22,30
5,36,23,31
5,36,24,32
5,36,25,33
5,36,26,34
5,36,27,35
5,36,28,27
5,36,29,26
5,36,30,36
5,36,31,25
5,36,32,24
5,36,33,37
5,36,34,38
5,36,35,39
5,36,36,40
5,36,37,23
5,36,38,22
5,36,39,21
5,36,40,19
6,20,1,1
6,20,2,2
6,20,3,3
6,20,4,4
6,20,5,5
6,20,6,6
6,20,7,7
6,20,8,8
6,20,9,9
6,20,10,10
6,20,11,11
6,20,12,12
6,20,13,13
6,20,14,14
6,20,15,15
6,20,16,16
6,20,17,17
6,20,18,18
6,20,19,19
6,20,20,20
6,20,21,21
6,20,22,22
6,20,23,23
6,20,24,24
6,20,25,25
6,20,26,26
6,20,27,27
6,20,28,28
6,20,29,29
6,20,30,30
6,20,31,31
6,20,32,32
6,20,33,33
6,20,34,34
6,20,35,35
6,20,36,36
6,20,37,37
6,20,38,38
6,20,39,39
6,20,40,40
6,21,1,13
6,21,2,14
6,21,3,15
6,21,4,16
6,21,5,19
6,21,6,20
6,21,7,21
6,21,8,23
6,21,9,24
6,21,10,25
6,21,11,1
6,21,12,3
6,21,13,6
6,21,14,11
6,21,15,12
6,21,16,35
6,21,17,17
6,21,18,18
6,21,19,22
6,21,20,40
6,21,21,2
6,21,22,4
6,21,23,5
6,21,24,7
6,21,25,9
6,21,26,10
6,21,27,36
6,21,28,34
6,21,29,31
6,21,30,29
6,21,31,26
6,21,32,39
6,21,33,8
6,21,34,33
6,21,35,30
6,21,36,28
6,21,37,27
6,21,38,38
6,21,39,37
6,21,40,32
6,22,1,11
6,22,2,12
6,22,3,13
6,22,4,14
6,22,5,15
6,22,6,16
6,22,7,35
6,22,8,34
6,22,9,36
6,22,10,10
6,22,11,9
6,22,12,7
6,22,13,8
6,22,14,5
6,22,15,6
6,22,16,3
6,22,17,4
6,22,18,2
6,22,19,1
6,22,20,40
6,22,21,39
6,22,22,38
6,22,23,26
6,22,24,27
6,22,25,37
6,22,26,33
6,22,27,32
6,22,28,28
6,22,29,29
6,22,30,30
6,22,31,31
6,22,32,17
6,22,33,18
6,22,34,19
6,22,35,20
6,22,36,21
6,22,37,22
6,22,38,23
6,22,39,24
6,22,40,25
6,23,1,1
6,23,2,40
6,23,3,39
6,23,4,2
6,23,5,4
6,23,6,3
6,23,7,8
6,23,8,36
6,23,9,12
6,23,10,10
6,23,11,9
6,23,12,5
6,23,13,7
6,23,14,6
6,23,15,11
6,23,16,13
6,23,17,14
6,23,18,15
6,23,19,16
6,23,20,35
6,23,21,34
6,23,22,17
6,23,23,19
6,23,24,18
6,23,25,33
6,23,26,30
6,23,27,32
6,23,28,37
6,23,29,27
6,23,30,28
6,23,31,29
6,23,32,31
6,23,33,20
6,23,34,21
6,23,35,22
6,23,36,23
6,23,37,24
6,23,38,25
6,23,39,26
6,23,40,38
6,24,1,1
6,24,2,2
6,24,3,4
6,24,4,3
6,24,5,6
6,24,6,5
6,24,7,8
6,24,8,7
6,24,9,9
6,24,10,10
6,24,11,11
6,24,12,12
6,24,13,13
6,24,14,14
6,24,15,36
6,24,16,34
6,24,17,35
6,24,18,15
6,24,19,16
6,24,20,17
6,24,21,18
6,24,22,19
6,24,23,20
6,24,24,21
6,24,25,22
6,24,26,23
6,24,27,24
6,24,28,25
6,24,29,26
6,24,30,27
6,24,31,28
6,24,32,29
6,24,33,30
6,24,34,31
6,24,35,33
6,24,36,32
6,24,37,37
6,24,38,38
6,24,39,39
6,24,40,40
6,25,1,1
6,25,2,40
6,25,3,38
6,25,4,39
6,25,5,2
6,25,6,4
6,25,7,3
6,25,8,6
6,25,9,7
6,25,10,5
6,25,11,8
6,25,12,9
6,25,13,10
6,25,14,11
6,25,15,12
6,25,16,13
6,25,17,14
6,25,18,36
6,25,19,34
6,25,20,35
6,25,21,15
6,25,22,16
6,25,23,17
6,25,24,18
6,25,25,19
6,25,26,20
6,25,27,21
6,25,28,22
6,25,29,23
6,25,30,24
6,25,31,31
6,25,32,30
6,25,33,29
6,25,34,28
6,25,35,32
6,25,36,33
6,25,37,37
6,25,38,27
6,25,39,26
6,25,40,25
6,26,1,1
6,26,2,2
6,26,3,3
6,26,4,4
6,26,5,8
6,26,6,5
6,26,7,7
6,26,8,6
6,26,9,9
6,26,10,11
6,26,11,10
6,26,12,12
6,26,13,13
6,26,14,14
6,26,15,36
6,26,16,37
6,26,17,30
6,26,18,32
6,26,19,33
6,26,20,34
6,26,21,35
6,26,22,15
6,26,23,16
6,26,24,17
6,26,25,18
6,26,26,19
6,26,27,20
6,26,28,21
6,26,29,23
6,26,30,24
6,26,31,22
6,26,32,31
6,26,33,29
6,26,34,28
6,26,35,27
6,26,36,25
6,26,37,26
6,26,38,38
6,26,39,39
6,26,40,40
6,27,1,1
6,27,2,2
6,27,3,4
6,27,4,3
6,27,5,5
6,27,6,6
6,27,7,7
6,27,8,8
6,27,9,9
6,27,10,10
6,27,11,11
6,27,12,12
6,27,13,13
6,27,14,14
6,27,15,36
6,27,16,15
6,27,17,16
6,27,18,35
6,27,19,34
6,27,20,33
6,27,21,32
6,27,22,28
6,27,23,29
6,27,24,30
6,27,25,31
6,27,26,18
6,27,27,17
6,27,28,19
6,27,29,20
6,27,30,21
6,27,31,22
6,27,32,23
6,27,33,24
6,27,34,25
6,27,35,26
6,27,36,27
6,27,37,37
6,27,38,38
6,27,39,39
6,27,40,40
6,28,1,1
6,28,2,2
6,28,3,3
6,28,4,4
6,28,5,8
6,28,6,5
6,28,7,6
6,28,8,7
6,28,9,9
6,28,10,10
6,28,11,11
6,28,12,12
6,28,13,13
6,28,14,14
6,28,15,36
6,28,16,15
6,28,17,16
6,28,18,35
6,28,19,34
6,28,20,17
6,28,21,19
6,28,22,18
6,28,23,20
6,28,24,21
6,28,25,22
6,28,26,23
6,28,27,24
6,28,28,31
6,28,29,30
6,28,30,29
6,28,31,28
6,28,32,33
6,28,33,32
6,28,34,37
6,28,35,27
6,28,36,25
6,28,37,26
6,28,38,38
6,28,39,39
6,28,40,40
6,29,1,1
6,29,2,3
6,29,3,5
6,29,4,7
6,29,5,6
6,29,6,11
6,29,7,12
6,29,8,13
6,29,9,14
6,29,10,15
6,29,11,16
6,29,12,35
6,29,13,34
6,29,14,36
6,29,15,33
6,29,16,32
6,29,17,28
6,29,18,29
6,29,19,30
6,29,20,31
6,29,21,17
6,29,22,18
6,29,23,19
6,29,24,20
6,29,25,21
6,29,26,22
6,29,27,23
6,29,28,24
6,29,29,25
6,29,30,27
6,29,31,26
6,29,32,38
6,29,33,37
6,29,34,10
6,29,35,9
6,29,36,8
6,29,37,4
6,29,38,2
6,29,39,39
6,29,40,40
6,30,1,25
6,30,2,26
6,30,3,27
6,30,4,37
6,30,5,10
6,30,6,9
6,30,7,38
6,30,8,1
6,30,9,40
6,30,10,39
6,30,11,2
6,30,12,4
6,30,13,3
6,30,14,8
6,30,15,5
6,30,16,7
6,30,17,6
6,30,18,11
6,30,19,12
6,30,20,13
6,30,21,14
6,30,22,15
6,30,23,16
6,30,24,35
6,30,25,34
6,30,26,36
6,30,27,32
6,30,28,33
6,30,29,17
6,30,30,18
6,30,31,19
6,30,32,20
6,30,33,31
6,30,34,30
6,30,35,28
6,30,36,29
6,30,37,22
6,30,38,21
6,30,39,23
6,30,40,24
6,31,1,1
6,31,2,2
6,31,3,4
6,31,4,3
6,31,5,5
6,31,6,6
6,31,7,7
6,31,8,8
6,31,9,9
6,31,10,10
6,31,11,11
6,31,12,12
6,31,13,13
6,31,14,14
6,31,15,15
6,31,16,16
6,31,17,35
6,31,18,34
6,31,19,36
6,31,20,17
6,31,21,18
6,31,22,19
6,31,23,20
6,31,24,21
6,31,25,24
6,31,26,23
6,31,27,22
6,31,28,31
6,31,29,30
6,31,30,29
6,31,31,28
6,31,32,33
6,31,33,32
6,31,34,27
6,31,35,25
6,31,36,26
6,31,37,37
6,31,38,38
6,31,39,39
6,31,40,40
6,32,1,1
6,32,2,3
6,32,3,6
6,32,4,11
6,32,5,12
6,32,6,13
6,32,7,14
6,32,8,15
6,32,9,16
6,32,10,17
6,32,11,18
6,32,12,19
6,32,13,20
6,32,14,21
6,32,15,24
6,32,16,23
6,32,17,22
6,32,18,31
6,32,19,30
6,32,20,29
6,32,21,28
6,32,22,27
6,32,23,26
6,32,24,25
6,32,25,38
6,32,26,37
6,32,27,32
6,32,28,33
6,32,29,34
6,32,30,35
6,32,31,36
6,32,32,10
6,32,33,9
6,32,34,8
6,32,35,7
6,32,36,5
6,32,37,4
6,32,38,2
6,32,39,39
6,32,40,40
6,33,1,1
6,33,2,40
6,33,3,25
6,33,4,27
6,33,5,23
6,33,6,22
6,33,7,21
6,33,8,29
6,33,9,24
6,33,10,28
6,33,11,19
6,33,12,31
6,33,13,20
6,33,14,18
6,33,15,32
6,33,16,17
6,33,17,30
6,33,18,16
6,33,19,33
6,33,20,34
6,33,21,14
6,33,22,35
6,33,23,15
6,33,24,36
6,33,25,10
6,33,26,13
6,33,27,6
6,33,28,9
6,33,29,7
6,33,30,11
6,33,31,12
6,33,32,5
6,33,33,3
6,33,34,37
6,33,35,8
6,33,36,38
6,33,37,4
6,33,38,39
6,33,39,2
6,33,40,26
6,34,1,1
6,34,2,40
6,34,3,39
6,34,4,2
6,34,5,3
6,34,6,4
6,34,7,38
6,34,8,26
6,34,9,27
6,34,10,37
6,34,11,28
6,34,12,29
6,34,13,30
6,34,14,31
6,34,15,32
6,34,16,33
6,34,17,8
6,34,18,5
6,34,19,6
6,34,20,7
6,34,21,9
6,34,22,10
6,34,23,36
6,34,24,34
6,34,25,35
6,34,26,11
6,34,27,12
6,34,28,13
6,34,29,14
6,34,30,15
6,34,31,16
6,34,32,17
6,34,33,18
6,34,34,19
6,34,35,20
6,34,36,21
6,34,37,22
6,34,38,23
6,34,39,24
6,34,40,25
6,35,1,1
6,35,2,4
6,35,3,2
6,35,4,3
6,35,5,6
6,35,6,5
6,35,7,7
6,35,8,11
6,35,9,12
6,35,10,13
6,35,11,14
6,35,12,15
6,35,13,16
6,35,14,35
6,35,15,34
6,35,16,36
6,35,17,10
6,35,18,9
6,35,19,8
6,35,20,17
6,35,21,19
6,35,22,18
6,35,23,33
6,35,24,32
6,35,25,37
6,35,26,30
6,35,27,31
6,35,28,20
6,35,29,21
6,35,30,22
6,35,31,29
6,35,32,28
6,35,33,27
6,35,34,38
6,35,35,26
6,35,36,23
6,35,37,24
6,35,38,25
6,35,39,39
6,35,40,40
6,36,1,1
6,36,2,3
6,36,3,2
6,36,4,4
6,36,5,8
6,36,6,5
6,36,7,7
6,36,8,6
6,36,9,11
6,36,10,13
6,36,11,12
6,36,12,9
6,36,13,10
6,36,14,36
6,36,15,14
6,36,16,15
6,36,17,16
6,36,18,35
6,36,19,34
6,36,20,33
6,36,21,32
6,36,22,37
6,36,23,27
6,36,24,28
6,36,25,29
6,36,26,30
6,36,27,31
6,36,28,17
6,36,29,18
6,36,30,19
6,36,31,20
6,36,32,21
6,36,33,22
6,36,34,23
6,36,35,24
6,36,36,25
6,36,37,26
6,36,38,38
6,36,39,39
6,36,40,40
